"uniprot_id","protein","gene","description","n_seq","n_pro_seq","is_crap"
"A0A075B6H9","LV469_HUMAN","IGLV4-69","Immunoglobulin lambda variable 4-69",1,1,FALSE
"A0A075B6I0","LV861_HUMAN","IGLV8-61","Immunoglobulin lambda variable 8-61",1,1,FALSE
"A0A075B6K4","LV310_HUMAN","IGLV3-10","Immunoglobulin lambda variable 3-10",1,1,FALSE
"A0A075B6K5","LV39_HUMAN","IGLV3-9","Immunoglobulin lambda variable 3-9",1,1,FALSE
"A0A075B6P5","KV228_HUMAN","IGKV2-28","Immunoglobulin kappa variable 2-28",2,0,FALSE
"A0A075B6R9","KV224_HUMAN","IGKV2-24","Probable non-functional immunoglobulin kappa variable 2D-24",2,0,FALSE
"A0A075B6S2","KVD29_HUMAN","IGKV2D-29","Immunoglobulin kappa variable 2D-29",3,1,FALSE
"A0A087WSY6","KVD15_HUMAN","IGKV3D-15","Immunoglobulin kappa variable 3D-15",2,1,FALSE
"A0A087WW87","KV240_HUMAN","IGKV2-40","Immunoglobulin kappa variable 2-40",1,0,FALSE
"A0A0A0MRZ8","KV311_HUMAN","IGKV3-11","Immunoglobulin kappa variable 3D-11",2,0,FALSE
"A0A0A0MS15","HV349_HUMAN","IGHV3-49","Immunoglobulin heavy variable 3-49",2,1,FALSE
"A0A0A0MT36","KVD21_HUMAN","IGKV6D-21","Immunoglobulin kappa variable 6D-21",1,0,FALSE
"A0A0B4J1U7","HV601_HUMAN","IGHV6-1","Immunoglobulin heavy variable 6-1",2,2,FALSE
"A0A0B4J1V0","HV315_HUMAN","IGHV3-15","Immunoglobulin heavy variable 3-15",3,2,FALSE
"A0A0B4J1X5","HV374_HUMAN","IGHV3-74","Immunoglobulin heavy variable 3-74",4,2,FALSE
"A0A0B4J1X8","HV343_HUMAN","IGHV3-43","Immunoglobulin heavy variable 3-43",1,1,FALSE
"A0A0B4J1Y9","HV372_HUMAN","IGHV3-72","Immunoglobulin heavy variable 3-72",2,2,FALSE
"A0A0B4J2D5","GAL3A_HUMAN","GATD3A","Glutamine amidotransferase-like class 1 domain-containing protein 3B, mitochondrial",13,0,FALSE
"A0A0B4J2D9","KV113_HUMAN","IGKV1-13","Immunoglobulin kappa variable 1D-13",1,0,FALSE
"A0A0B4J2F0","PIOS1_HUMAN","PIGBOS1","Protein PIGBOS1",1,1,FALSE
"A0A0C4DH25","KVD20_HUMAN","IGKV3D-20","Immunoglobulin kappa variable 3D-20",1,1,FALSE
"A0A0C4DH31","HV118_HUMAN","IGHV1-18","Immunoglobulin heavy variable 1-18",1,1,FALSE
"A0A0C4DH34","HV428_HUMAN","IGHV4-28","Immunoglobulin heavy variable 4-28",1,1,FALSE
"A0A0C4DH35","HV335_HUMAN","IGHV3-35","Probable non-functional immunoglobulin heavy variable 3-35",1,1,FALSE
"A0A0C4DH38","HV551_HUMAN","IGHV5-51","Immunoglobulin heavy variable 5-51",4,2,FALSE
"A0A0C4DH43","HV70D_HUMAN","IGHV2-70D","Immunoglobulin heavy variable 2-70D",1,1,FALSE
"A0A0C4DH67","KV108_HUMAN","IGKV1-8","Immunoglobulin kappa variable 1-8",2,0,FALSE
"A0A0J9YX35","HV64D_HUMAN","IGHV3-64D","Immunoglobulin heavy variable 3-64D",1,1,FALSE
"A0A0U1RRL7","MMPOS_HUMAN","MMP24OS","Protein MMP24OS",1,1,FALSE
"A0AVT1","UBA6_HUMAN","UBA6","Ubiquitin-like modifier-activating enzyme 6",18,18,FALSE
"A0FGR8","ESYT2_HUMAN","ESYT2","Extended synaptotagmin-2",11,11,FALSE
"A0M8Q6","IGLC7_HUMAN","IGLC7","Immunoglobulin lambda constant 7",4,2,FALSE
"A1A4S6","RHG10_HUMAN","ARHGAP10","Rho GTPase-activating protein 10",1,1,FALSE
"A1IGU5","ARH37_HUMAN","ARHGEF37","Rho guanine nucleotide exchange factor 37",1,1,FALSE
"A1L0T0","ILVBL_HUMAN","ILVBL","Acetolactate synthase-like protein",5,5,FALSE
"A1L188","NDUF8_HUMAN","NDUFAF8","NADH dehydrogenase [ubiquinone] 1 alpha subcomplex assembly factor 8",1,1,FALSE
"A1L4K1","FSD2_HUMAN","FSD2","Fibronectin type III and SPRY domain-containing protein 2",7,7,FALSE
"A2RRP1","NBAS_HUMAN","NBAS","Neuroblastoma-amplified sequence",4,4,FALSE
"A2RTX5","SYTC2_HUMAN","TARS3","Threonine--tRNA ligase 2, cytoplasmic",9,9,FALSE
"A3KMH1","VWA8_HUMAN","VWA8","von Willebrand factor A domain-containing protein 8",6,6,FALSE
"A4UGR9","XIRP2_HUMAN","XIRP2","Xin actin-binding repeat-containing protein 2",39,39,FALSE
"A5D6W6","FITM1_HUMAN","FITM1","Fat storage-inducing transmembrane protein 1",5,5,FALSE
"A5D8V6","VP37C_HUMAN","VPS37C","Vacuolar protein sorting-associated protein 37C",2,2,FALSE
"A5YM72","CRNS1_HUMAN","CARNS1","Carnosine synthase 1",17,17,FALSE
"A6NCE7","MLP3B_HUMAN","MAP1LC3B","Microtubule-associated proteins 1A/1B light chain 3 beta 2",2,0,FALSE
"A6NCF5","KLH33_HUMAN","KLHL33","Kelch-like protein 33",2,2,FALSE
"A6NDG6","PGP_HUMAN","PGP","Glycerol-3-phosphate phosphatase",16,16,FALSE
"A6NDK9","GOG6C_HUMAN","GOLGA6C","Golgin subfamily A member 6C",2,0,FALSE
"A6NGB9","WIPF3_HUMAN","WIPF3","WAS/WASL-interacting protein family member 3",2,2,FALSE
"A6NHX0","CAST2_HUMAN","CASTOR2","Cytosolic arginine sensor for mTORC1 subunit 2",1,0,FALSE
"A6NHZ5","LR14B_HUMAN","LRRC14B","Leucine-rich repeat-containing protein 14B",2,2,FALSE
"A6NI72","NCF1B_HUMAN","NCF1","Putative neutrophil cytosol factor 1B",1,0,FALSE
"A6NNS2","DRS7C_HUMAN","DHRS7C","Dehydrogenase/reductase SDR family member 7C",13,13,FALSE
"A8MU46","SMTL1_HUMAN","SMTNL1","Smoothelin-like protein 1",23,23,FALSE
"A8MWD9","RUXGL_HUMAN","SNRPG","Putative small nuclear ribonucleoprotein G-like protein 15",1,0,FALSE
"A8MXV4","NUD19_HUMAN","NUDT19","Nucleoside diphosphate-linked moiety X motif 19",7,7,FALSE
"A8MZF0","PRR33_HUMAN","PRR33","Proline-rich protein 33",9,9,FALSE
"B0YJ81","HACD1_HUMAN","HACD1","Very-long-chain (3R)-3-hydroxyacyl-CoA dehydratase 1",4,4,FALSE
"B2RUZ4","SMIM1_HUMAN","SMIM1","Small integral membrane protein 1",1,1,FALSE
"B4DJY2","TM233_HUMAN","TMEM233","Transmembrane protein 233",2,2,FALSE
"B9A064","IGLL5_HUMAN","IGLL5","Immunoglobulin lambda-like polypeptide 5",6,1,FALSE
"C4AMC7","WASH2_HUMAN","WASH2P","Putative WAS protein family homolog 3",2,0,FALSE
"C9J7I0","UMAD1_HUMAN","UMAD1","UBAP1-MVB12-associated (UMA)-domain containing protein 1",1,1,FALSE
"C9JR72","KBTBD_HUMAN","KBTBD13","Kelch repeat and BTB domain-containing protein 13",1,1,FALSE
"C9JRZ8","AK1BF_HUMAN","AKR1B15","Aldo-keto reductase family 1 member B15",1,1,FALSE
"D6RIA3","CD054_HUMAN","C4orf54","Uncharacterized protein C4orf54",7,7,FALSE
"E7EW31","PROB1_HUMAN","PROB1","Proline-rich basic protein 1",13,13,FALSE
"E9PAV3","NACAM_HUMAN","NACA","Nascent polypeptide-associated complex subunit alpha, muscle-specific form",75,74,FALSE
"E9PB15","PTG3L_HUMAN","PTGES3L","Putative protein PTGES3L",2,2,FALSE
"L0R6Q1","S35U4_HUMAN","SLC35A4","SLC35A4 upstream open reading frame protein",3,3,FALSE
"O00116","ADAS_HUMAN","AGPS","Alkyldihydroxyacetonephosphate synthase, peroxisomal",3,3,FALSE
"O00151","PDLI1_HUMAN","PDLIM1","PDZ and LIM domain protein 1",14,14,FALSE
"O00159","MYO1C_HUMAN","MYO1C","Unconventional myosin-Ic",31,30,FALSE
"O00161","SNP23_HUMAN","SNAP23","Synaptosomal-associated protein 23",3,3,FALSE
"O00165","HAX1_HUMAN","HAX1","HCLS1-associated protein X-1",3,3,FALSE
"O00168","PLM_HUMAN","FXYD1","Phospholemman",1,1,FALSE
"O00170","AIP_HUMAN","AIP","AH receptor-interacting protein",3,3,FALSE
"O00178","GTPB1_HUMAN","GTPBP1","GTP-binding protein 1",2,2,FALSE
"O00186","STXB3_HUMAN","STXBP3","Syntaxin-binding protein 3",12,12,FALSE
"O00193","SMAP_HUMAN","SMAP","Small acidic protein",4,4,FALSE
"O00217","NDUS8_HUMAN","NDUFS8","NADH dehydrogenase [ubiquinone] iron-sulfur protein 8, mitochondrial",8,8,FALSE
"O00231","PSD11_HUMAN","PSMD11","26S proteasome non-ATPase regulatory subunit 11",21,21,FALSE
"O00232","PSD12_HUMAN","PSMD12","26S proteasome non-ATPase regulatory subunit 12",19,19,FALSE
"O00233","PSMD9_HUMAN","PSMD9","26S proteasome non-ATPase regulatory subunit 9",8,8,FALSE
"O00244","ATOX1_HUMAN","ATOX1","Copper transport protein ATOX1",4,4,FALSE
"O00264","PGRC1_HUMAN","PGRMC1","Membrane-associated progesterone receptor component 1",3,3,FALSE
"O00273","DFFA_HUMAN","DFFA","DNA fragmentation factor subunit alpha",3,3,FALSE
"O00299","CLIC1_HUMAN","CLIC1","Chloride intracellular channel protein 1",8,8,FALSE
"O00303","EIF3F_HUMAN","EIF3F","Eukaryotic translation initiation factor 3 subunit F",11,11,FALSE
"O00330","ODPX_HUMAN","PDHX","Pyruvate dehydrogenase protein X component, mitochondrial",20,20,FALSE
"O00399","DCTN6_HUMAN","DCTN6","Dynactin subunit 6",3,3,FALSE
"O00401","WASL_HUMAN","WASL","Neural Wiskott-Aldrich syndrome protein",2,2,FALSE
"O00410","IPO5_HUMAN","IPO5","Importin-5",35,33,FALSE
"O00418","EF2K_HUMAN","EEF2K","Eukaryotic elongation factor 2 kinase",7,7,FALSE
"O00423","EMAL1_HUMAN","EML1","Echinoderm microtubule-associated protein-like 1",22,21,FALSE
"O00429","DNM1L_HUMAN","DNM1L","Dynamin-1-like protein",29,29,FALSE
"O00442","RTCA_HUMAN","RTCA","RNA 3'-terminal phosphate cyclase",13,13,FALSE
"O00468","AGRIN_HUMAN","AGRN","Agrin",1,1,FALSE
"O00471","EXOC5_HUMAN","EXOC5","Exocyst complex component 5",1,1,FALSE
"O00479","HMGN4_HUMAN","HMGN4","High mobility group nucleosome-binding domain-containing protein 4",2,1,FALSE
"O00483","NDUA4_HUMAN","NDUFA4","Cytochrome c oxidase subunit NDUFA4",5,5,FALSE
"O00487","PSDE_HUMAN","PSMD14","26S proteasome non-ATPase regulatory subunit 14",8,8,FALSE
"O00499","BIN1_HUMAN","BIN1","Myc box-dependent-interacting protein 1",26,24,FALSE
"O00505","IMA4_HUMAN","KPNA3","Importin subunit alpha-4",13,10,FALSE
"O00560","SDCB1_HUMAN","SDCBP","Syntenin-1",5,5,FALSE
"O00571","DDX3X_HUMAN","DDX3X","ATP-dependent RNA helicase DDX3X",17,4,FALSE
"O00629","IMA3_HUMAN","KPNA4","Importin subunit alpha-3",10,10,FALSE
"O00743","PPP6_HUMAN","PPP6C","Serine/threonine-protein phosphatase 6 catalytic subunit",4,4,FALSE
"O00748","EST2_HUMAN","CES2","Cocaine esterase",10,9,FALSE
"O00757","F16P2_HUMAN","FBP2","Fructose-1,6-bisphosphatase isozyme 2",16,15,FALSE
"O00763","ACACB_HUMAN","ACACB","Acetyl-CoA carboxylase 2",20,15,FALSE
"O00764","PDXK_HUMAN","PDXK","Pyridoxal kinase",9,9,FALSE
"O00767","ACOD_HUMAN","SCD","Acyl-CoA desaturase",2,2,FALSE
"O14521","DHSD_HUMAN","SDHD","Succinate dehydrogenase [ubiquinone] cytochrome b small subunit, mitochondrial",2,2,FALSE
"O14548","COX7R_HUMAN","COX7A2L","Cytochrome c oxidase subunit 7A-related protein, mitochondrial",4,4,FALSE
"O14558","HSPB6_HUMAN","HSPB6","Heat shock protein beta-6",7,7,FALSE
"O14561","ACPM_HUMAN","NDUFAB1","Acyl carrier protein, mitochondrial",3,3,FALSE
"O14562","UBFD1_HUMAN","UBFD1","Ubiquitin domain-containing protein UBFD1",5,5,FALSE
"O14579","COPE_HUMAN","COPE","Coatomer subunit epsilon",5,5,FALSE
"O14602","IF1AY_HUMAN","EIF1AY","Eukaryotic translation initiation factor 1A, Y-chromosomal",5,2,FALSE
"O14618","CCS_HUMAN","CCS","Copper chaperone for superoxide dismutase",5,5,FALSE
"O14639","ABLM1_HUMAN","ABLIM1","Actin-binding LIM protein 1",1,1,FALSE
"O14640","DVL1_HUMAN","DVL1","Segment polarity protein dishevelled homolog DVL-1",1,0,FALSE
"O14653","GOSR2_HUMAN","GOSR2","Golgi SNAP receptor complex member 2",4,4,FALSE
"O14656","TOR1A_HUMAN","TOR1A","Torsin-1A",1,1,FALSE
"O14657","TOR1B_HUMAN","TOR1B","Torsin-1B",3,3,FALSE
"O14732","IMPA2_HUMAN","IMPA2","Inositol monophosphatase 2",10,10,FALSE
"O14735","CDIPT_HUMAN","CDIPT","CDP-diacylglycerol--inositol 3-phosphatidyltransferase",3,3,FALSE
"O14737","PDCD5_HUMAN","PDCD5","Programmed cell death protein 5",7,6,FALSE
"O14744","ANM5_HUMAN","PRMT5","Protein arginine N-methyltransferase 5",15,15,FALSE
"O14773","TPP1_HUMAN","TPP1","Tripeptidyl-peptidase 1",2,2,FALSE
"O14786","NRP1_HUMAN","NRP1","Neuropilin-1",3,3,FALSE
"O14787","TNPO2_HUMAN","TNPO2","Transportin-2",3,3,FALSE
"O14791","APOL1_HUMAN","APOL1","Apolipoprotein L1",4,4,FALSE
"O14818","PSA7_HUMAN","PSMA7","Proteasome subunit alpha type-7",13,8,FALSE
"O14828","SCAM3_HUMAN","SCAMP3","Secretory carrier-associated membrane protein 3",4,4,FALSE
"O14832","PAHX_HUMAN","PHYH","Phytanoyl-CoA dioxygenase, peroxisomal",2,2,FALSE
"O14841","OPLA_HUMAN","OPLAH","5-oxoprolinase",31,31,FALSE
"O14874","BCKD_HUMAN","BCKDK","[3-methyl-2-oxobutanoate dehydrogenase [lipoamide]] kinase, mitochondrial",3,3,FALSE
"O14879","IFIT3_HUMAN","IFIT3","Interferon-induced protein with tetratricopeptide repeats 3",3,3,FALSE
"O14880","MGST3_HUMAN","MGST3","Microsomal glutathione S-transferase 3",7,7,FALSE
"O14901","KLF11_HUMAN","KLF11","Krueppel-like factor 11",1,1,FALSE
"O14907","TX1B3_HUMAN","TAX1BP3","Tax1-binding protein 3",1,1,FALSE
"O14908","GIPC1_HUMAN","GIPC1","PDZ domain-containing protein GIPC1",1,1,FALSE
"O14925","TI23B_HUMAN","TIMM23","Mitochondrial import inner membrane translocase subunit Tim23",2,0,FALSE
"O14929","HAT1_HUMAN","HAT1","Histone acetyltransferase type B catalytic subunit",2,2,FALSE
"O14949","QCR8_HUMAN","UQCRQ","Cytochrome b-c1 complex subunit 8",7,7,FALSE
"O14950","ML12A_HUMAN","MYL12A","Myosin regulatory light chain 12B",4,0,FALSE
"O14957","QCR10_HUMAN","UQCR11","Cytochrome b-c1 complex subunit 10",1,1,FALSE
"O14958","CASQ2_HUMAN","CASQ2","Calsequestrin-2",18,18,FALSE
"O14964","HGS_HUMAN","HGS","Hepatocyte growth factor-regulated tyrosine kinase substrate",4,4,FALSE
"O14972","VP26C_HUMAN","VPS26C","Vacuolar protein sorting-associated protein 26C",1,1,FALSE
"O14974","MYPT1_HUMAN","PPP1R12A","Protein phosphatase 1 regulatory subunit 12A",2,2,FALSE
"O14979","HNRDL_HUMAN","HNRNPDL","Heterogeneous nuclear ribonucleoprotein D-like",5,5,FALSE
"O14980","XPO1_HUMAN","XPO1","Exportin-1",21,21,FALSE
"O14983","AT2A1_HUMAN","ATP2A1","Sarcoplasmic/endoplasmic reticulum calcium ATPase 1",52,33,FALSE
"O15027","SC16A_HUMAN","SEC16A","Protein transport protein Sec16A",3,3,FALSE
"O15061","SYNEM_HUMAN","SYNM","Synemin",59,59,FALSE
"O15067","PUR4_HUMAN","PFAS","Phosphoribosylformylglycinamidine synthase",4,4,FALSE
"O15075","DCLK1_HUMAN","DCLK1","Serine/threonine-protein kinase DCLK1",3,3,FALSE
"O15084","ANR28_HUMAN","ANKRD28","Serine/threonine-protein phosphatase 6 regulatory ankyrin repeat subunit A",5,5,FALSE
"O15117","FYB1_HUMAN","FYB1","FYN-binding protein 1",1,1,FALSE
"O15120","PLCB_HUMAN","AGPAT2","1-acyl-sn-glycerol-3-phosphate acyltransferase beta",1,1,FALSE
"O15126","SCAM1_HUMAN","SCAMP1","Secretory carrier-associated membrane protein 1",1,1,FALSE
"O15143","ARC1B_HUMAN","ARPC1B","Actin-related protein 2/3 complex subunit 1B",5,5,FALSE
"O15144","ARPC2_HUMAN","ARPC2","Actin-related protein 2/3 complex subunit 2",10,10,FALSE
"O15145","ARPC3_HUMAN","ARPC3","Actin-related protein 2/3 complex subunit 3",6,6,FALSE
"O15173","PGRC2_HUMAN","PGRMC2","Membrane-associated progesterone receptor component 2",10,9,FALSE
"O15211","RGL2_HUMAN","RGL2","Ral guanine nucleotide dissociation stimulator-like 2",1,1,FALSE
"O15212","PFD6_HUMAN","PFDN6","Prefoldin subunit 6",5,5,FALSE
"O15228","GNPAT_HUMAN","GNPAT","Dihydroxyacetone phosphate acyltransferase",1,1,FALSE
"O15230","LAMA5_HUMAN","LAMA5","Laminin subunit alpha-5",6,6,FALSE
"O15239","NDUA1_HUMAN","NDUFA1","NADH dehydrogenase [ubiquinone] 1 alpha subcomplex subunit 1",1,1,FALSE
"O15247","CLIC2_HUMAN","CLIC2","Chloride intracellular channel protein 2",3,3,FALSE
"O15260","SURF4_HUMAN","SURF4","Surfeit locus protein 4",3,3,FALSE
"O15273","TELT_HUMAN","TCAP","Telethonin",10,10,FALSE
"O15294","OGT1_HUMAN","OGT","UDP-N-acetylglucosamine--peptide N-acetylglucosaminyltransferase 110 kDa subunit",4,4,FALSE
"O15305","PMM2_HUMAN","PMM2","Phosphomannomutase 2",5,5,FALSE
"O15327","INP4B_HUMAN","INPP4B","Inositol polyphosphate 4-phosphatase type II",1,1,FALSE
"O15347","HMGB3_HUMAN","HMGB3","High mobility group protein B3",1,1,FALSE
"O15355","PPM1G_HUMAN","PPM1G","Protein phosphatase 1G",2,2,FALSE
"O15357","SHIP2_HUMAN","INPPL1","Phosphatidylinositol 3,4,5-trisphosphate 5-phosphatase 2",9,9,FALSE
"O15371","EIF3D_HUMAN","EIF3D","Eukaryotic translation initiation factor 3 subunit D",12,12,FALSE
"O15372","EIF3H_HUMAN","EIF3H","Eukaryotic translation initiation factor 3 subunit H",4,4,FALSE
"O15382","BCAT2_HUMAN","BCAT2","Branched-chain-amino-acid aminotransferase, mitochondrial",10,10,FALSE
"O15400","STX7_HUMAN","STX7","Syntaxin-7",4,4,FALSE
"O15427","MOT4_HUMAN","SLC16A3","Monocarboxylate transporter 4",6,6,FALSE
"O15498","YKT6_HUMAN","YKT6","Synaptobrevin homolog YKT6",6,6,FALSE
"O15511","ARPC5_HUMAN","ARPC5","Actin-related protein 2/3 complex subunit 5",4,4,FALSE
"O15533","TPSN_HUMAN","TAPBP","Tapasin",4,4,FALSE
"O43143","DHX15_HUMAN","DHX15","Pre-mRNA-splicing factor ATP-dependent RNA helicase DHX15",6,6,FALSE
"O43169","CYB5B_HUMAN","CYB5B","Cytochrome b5 type B",3,3,FALSE
"O43175","SERA_HUMAN","PHGDH","D-3-phosphoglycerate dehydrogenase",9,9,FALSE
"O43181","NDUS4_HUMAN","NDUFS4","NADH dehydrogenase [ubiquinone] iron-sulfur protein 4, mitochondrial",6,6,FALSE
"O43237","DC1L2_HUMAN","DYNC1LI2","Cytoplasmic dynein 1 light intermediate chain 2",5,5,FALSE
"O43242","PSMD3_HUMAN","PSMD3","26S proteasome non-ATPase regulatory subunit 3",24,24,FALSE
"O43264","ZW10_HUMAN","ZW10","Centromere/kinetochore protein zw10 homolog",6,6,FALSE
"O43301","HS12A_HUMAN","HSPA12A","Heat shock 70 kDa protein 12A",7,7,FALSE
"O43324","MCA3_HUMAN","EEF1E1","Eukaryotic translation elongation factor 1 epsilon-1",3,3,FALSE
"O43325","LYRM1_HUMAN","LYRM1","LYR motif-containing protein 1",1,1,FALSE
"O43374","RASL2_HUMAN","RASA4","Ras GTPase-activating protein 4",16,1,FALSE
"O43390","HNRPR_HUMAN","HNRNPR","Heterogeneous nuclear ribonucleoprotein R",3,3,FALSE
"O43396","TXNL1_HUMAN","TXNL1","Thioredoxin-like protein 1",16,16,FALSE
"O43399","TPD54_HUMAN","TPD52L2","Tumor protein D54",9,9,FALSE
"O43402","EMC8_HUMAN","EMC8","ER membrane protein complex subunit 8",2,2,FALSE
"O43414","ERI3_HUMAN","ERI3","ERI1 exoribonuclease 3",6,6,FALSE
"O43447","PPIH_HUMAN","PPIH","Peptidyl-prolyl cis-trans isomerase H",2,2,FALSE
"O43464","HTRA2_HUMAN","HTRA2","Serine protease HTRA2, mitochondrial",6,5,FALSE
"O43488","ARK72_HUMAN","AKR7A2","Aflatoxin B1 aldehyde reductase member 2",12,9,FALSE
"O43491","E41L2_HUMAN","EPB41L2","Band 4.1-like protein 2",19,18,FALSE
"O43493","TGON2_HUMAN","TGOLN2","Trans-Golgi network integral membrane protein 2",1,1,FALSE
"O43504","LTOR5_HUMAN","LAMTOR5","Ragulator complex protein LAMTOR5",3,3,FALSE
"O43583","DENR_HUMAN","DENR","Density-regulated protein",7,7,FALSE
"O43598","DNPH1_HUMAN","DNPH1","2'-deoxynucleoside 5'-phosphate N-hydrolase 1",4,4,FALSE
"O43615","TIM44_HUMAN","TIMM44","Mitochondrial import inner membrane translocase subunit TIM44",18,18,FALSE
"O43617","TPPC3_HUMAN","TRAPPC3","Trafficking protein particle complex subunit 3",2,2,FALSE
"O43633","CHM2A_HUMAN","CHMP2A","Charged multivesicular body protein 2a",6,6,FALSE
"O43639","NCK2_HUMAN","NCK2","Cytoplasmic protein NCK2",3,3,FALSE
"O43665","RGS10_HUMAN","RGS10","Regulator of G-protein signaling 10",3,3,FALSE
"O43670","ZN207_HUMAN","ZNF207","BUB3-interacting and GLEBS motif-containing protein ZNF207",1,1,FALSE
"O43674","NDUB5_HUMAN","NDUFB5","NADH dehydrogenase [ubiquinone] 1 beta subcomplex subunit 5, mitochondrial",4,4,FALSE
"O43676","NDUB3_HUMAN","NDUFB3","NADH dehydrogenase [ubiquinone] 1 beta subcomplex subunit 3",4,4,FALSE
"O43677","NDUC1_HUMAN","NDUFC1","NADH dehydrogenase [ubiquinone] 1 subunit C1, mitochondrial",1,1,FALSE
"O43678","NDUA2_HUMAN","NDUFA2","NADH dehydrogenase [ubiquinone] 1 alpha subcomplex subunit 2",6,6,FALSE
"O43681","ASNA_HUMAN","ASNA1","ATPase ASNA1",12,12,FALSE
"O43684","BUB3_HUMAN","BUB3","Mitotic checkpoint protein BUB3",3,3,FALSE
"O43707","ACTN4_HUMAN","ACTN4","Alpha-actinin-4",34,27,FALSE
"O43708","MAAI_HUMAN","GSTZ1","Maleylacetoacetate isomerase",8,8,FALSE
"O43715","TRIA1_HUMAN","TRIAP1","TP53-regulated inhibitor of apoptosis 1",1,1,FALSE
"O43716","GATC_HUMAN","GATC","Glutamyl-tRNA(Gln) amidotransferase subunit C, mitochondrial",2,2,FALSE
"O43719","HTSF1_HUMAN","HTATSF1","HIV Tat-specific factor 1",4,4,FALSE
"O43741","AAKB2_HUMAN","PRKAB2","5'-AMP-activated protein kinase subunit beta-2",14,14,FALSE
"O43747","AP1G1_HUMAN","AP1G1","AP-1 complex subunit gamma-1",6,6,FALSE
"O43759","SNG1_HUMAN","SYNGR1","Synaptogyrin-1",2,2,FALSE
"O43760","SNG2_HUMAN","SYNGR2","Synaptogyrin-2",2,2,FALSE
"O43765","SGTA_HUMAN","SGTA","Small glutamine-rich tetratricopeptide repeat-containing protein alpha",9,9,FALSE
"O43768","ENSA_HUMAN","ENSA","Alpha-endosulfine",6,5,FALSE
"O43772","MCAT_HUMAN","SLC25A20","Mitochondrial carnitine/acylcarnitine carrier protein",10,10,FALSE
"O43776","SYNC_HUMAN","NARS1","Asparagine--tRNA ligase, cytoplasmic",16,16,FALSE
"O43790","KRT86_HUMAN","KRT86","Keratin, type II cuticular Hb6",5,0,TRUE
"O43795","MYO1B_HUMAN","MYO1B","Unconventional myosin-Ib",4,3,FALSE
"O43813","LANC1_HUMAN","LANCL1","Glutathione S-transferase LANCL1",17,17,FALSE
"O43815","STRN_HUMAN","STRN","Striatin",1,1,FALSE
"O43819","SCO2_HUMAN","SCO2","Protein SCO2 homolog, mitochondrial",4,4,FALSE
"O43826","G6PT1_HUMAN","SLC37A4","Glucose-6-phosphate exchanger SLC37A4",6,6,FALSE
"O43827","ANGL7_HUMAN","ANGPTL7","Angiopoietin-related protein 7",5,5,FALSE
"O43837","IDH3B_HUMAN","IDH3B","Isocitrate dehydrogenase [NAD] subunit beta, mitochondrial",14,14,FALSE
"O43847","NRDC_HUMAN","NRDC","Nardilysin",6,6,FALSE
"O43852","CALU_HUMAN","CALU","Calumenin",15,15,FALSE
"O43865","SAHH2_HUMAN","AHCYL1","S-adenosylhomocysteine hydrolase-like protein 1",4,4,FALSE
"O43866","CD5L_HUMAN","CD5L","CD5 antigen-like",9,9,FALSE
"O43920","NDUS5_HUMAN","NDUFS5","NADH dehydrogenase [ubiquinone] iron-sulfur protein 5",6,6,FALSE
"O60220","TIM8A_HUMAN","TIMM8A","Mitochondrial import inner membrane translocase subunit Tim8 A",2,2,FALSE
"O60234","GMFG_HUMAN","GMFG","Glia maturation factor gamma",1,1,FALSE
"O60237","MYPT2_HUMAN","PPP1R12B","Protein phosphatase 1 regulatory subunit 12B",15,15,FALSE
"O60240","PLIN1_HUMAN","PLIN1","Perilipin-1",30,30,FALSE
"O60256","KPRB_HUMAN","PRPSAP2","Phosphoribosyl pyrophosphate synthase-associated protein 2",13,11,FALSE
"O60259","KLK8_HUMAN","KLK8","Kallikrein-8",1,1,FALSE
"O60260","PRKN_HUMAN","PRKN","E3 ubiquitin-protein ligase parkin",10,10,FALSE
"O60262","GBG7_HUMAN","GNG7","Guanine nucleotide-binding protein G(I)/G(S)/G(O) subunit gamma-7",1,1,FALSE
"O60271","JIP4_HUMAN","SPAG9","C-Jun-amino-terminal kinase-interacting protein 4",7,7,FALSE
"O60313","OPA1_HUMAN","OPA1","Dynamin-like 120 kDa protein, mitochondrial",31,31,FALSE
"O60333","KIF1B_HUMAN","KIF1B","Kinesin-like protein KIF1B",5,3,FALSE
"O60343","TBCD4_HUMAN","TBC1D4","TBC1 domain family member 4",17,17,FALSE
"O60437","PEPL_HUMAN","PPL","Periplakin",6,6,FALSE
"O60488","ACSL4_HUMAN","ACSL4","Long-chain-fatty-acid--CoA ligase 4",3,3,FALSE
"O60493","SNX3_HUMAN","SNX3","Sorting nexin-3",9,7,FALSE
"O60506","HNRPQ_HUMAN","SYNCRIP","Heterogeneous nuclear ribonucleoprotein Q",13,9,FALSE
"O60518","RNBP6_HUMAN","RANBP6","Ran-binding protein 6",2,2,FALSE
"O60524","NEMF_HUMAN","NEMF","Nuclear export mediator factor NEMF",1,1,FALSE
"O60551","NMT2_HUMAN","NMT2","Glycylpeptide N-tetradecanoyltransferase 2",1,1,FALSE
"O60610","DIAP1_HUMAN","DIAPH1","Protein diaphanous homolog 1",4,4,FALSE
"O60613","SEP15_HUMAN","SELENOF","Selenoprotein F",1,1,FALSE
"O60662","KLH41_HUMAN","KLHL41","Kelch-like protein 41",34,34,FALSE
"O60664","PLIN3_HUMAN","PLIN3","Perilipin-3",18,18,FALSE
"O60669","MOT2_HUMAN","SLC16A7","Monocarboxylate transporter 2",2,2,FALSE
"O60684","IMA7_HUMAN","KPNA6","Importin subunit alpha-7",3,2,FALSE
"O60701","UGDH_HUMAN","UGDH","UDP-glucose 6-dehydrogenase",8,8,FALSE
"O60706","ABCC9_HUMAN","ABCC9","ATP-binding cassette sub-family C member 9",4,4,FALSE
"O60716","CTND1_HUMAN","CTNND1","Catenin delta-1",5,5,FALSE
"O60749","SNX2_HUMAN","SNX2","Sorting nexin-2",15,13,FALSE
"O60763","USO1_HUMAN","USO1","General vesicular transport factor p115",28,28,FALSE
"O60783","RT14_HUMAN","MRPS14","28S ribosomal protein S14, mitochondrial",2,2,FALSE
"O60784","TOM1_HUMAN","TOM1","Target of Myb protein 1",16,16,FALSE
"O60814","H2B1C_HUMAN","H2BC12","Histone H2B type 1-K",6,0,FALSE
"O60826","CCD22_HUMAN","CCDC22","Coiled-coil domain-containing protein 22",3,3,FALSE
"O60841","IF2P_HUMAN","EIF5B","Eukaryotic translation initiation factor 5B",8,8,FALSE
"O60869","EDF1_HUMAN","EDF1","Endothelial differentiation-related factor 1",7,7,FALSE
"O60884","DNJA2_HUMAN","DNAJA2","DnaJ homolog subfamily A member 2",14,14,FALSE
"O60888","CUTA_HUMAN","CUTA","Protein CutA",4,4,FALSE
"O60925","PFD1_HUMAN","PFDN1","Prefoldin subunit 1",5,5,FALSE
"O60936","NOL3_HUMAN","NOL3","Nucleolar protein 3",8,8,FALSE
"O60938","KERA_HUMAN","KERA","Keratocan",9,9,FALSE
"O75027","ABCB7_HUMAN","ABCB7","ATP-binding cassette sub-family B member 7, mitochondrial",5,5,FALSE
"O75083","WDR1_HUMAN","WDR1","WD repeat-containing protein 1",27,27,FALSE
"O75112","LDB3_HUMAN","LDB3","LIM domain-binding protein 3",21,21,FALSE
"O75116","ROCK2_HUMAN","ROCK2","Rho-associated protein kinase 2",7,5,FALSE
"O75122","CLAP2_HUMAN","CLASP2","CLIP-associating protein 2",13,13,FALSE
"O75128","COBL_HUMAN","COBL","Protein cordon-bleu",12,12,FALSE
"O75131","CPNE3_HUMAN","CPNE3","Copine-3",14,13,FALSE
"O75153","CLU_HUMAN","CLUH","Clustered mitochondria protein homolog",11,11,FALSE
"O75155","CAND2_HUMAN","CAND2","Cullin-associated NEDD8-dissociated protein 2",40,37,FALSE
"O75170","PP6R2_HUMAN","PPP6R2","Serine/threonine-protein phosphatase 6 regulatory subunit 2",1,1,FALSE
"O75190","DNJB6_HUMAN","DNAJB6","DnaJ homolog subfamily B member 6",4,3,FALSE
"O75208","COQ9_HUMAN","COQ9","Ubiquinone biosynthesis protein COQ9, mitochondrial",10,10,FALSE
"O75223","GGCT_HUMAN","GGCT","Gamma-glutamylcyclotransferase",10,10,FALSE
"O75251","NDUS7_HUMAN","NDUFS7","NADH dehydrogenase [ubiquinone] iron-sulfur protein 7, mitochondrial",6,6,FALSE
"O75298","RTN2_HUMAN","RTN2","Reticulon-2",9,9,FALSE
"O75306","NDUS2_HUMAN","NDUFS2","NADH dehydrogenase [ubiquinone] iron-sulfur protein 2, mitochondrial",20,20,FALSE
"O75323","NIPS2_HUMAN","NIPSNAP2","Protein NipSnap homolog 2",13,11,FALSE
"O75339","CILP1_HUMAN","CILP","Cartilage intermediate layer protein 1",5,5,FALSE
"O75340","PDCD6_HUMAN","PDCD6","Programmed cell death protein 6",4,4,FALSE
"O75347","TBCA_HUMAN","TBCA","Tubulin-specific chaperone A",8,8,FALSE
"O75348","VATG1_HUMAN","ATP6V1G1","V-type proton ATPase subunit G 1",2,2,FALSE
"O75351","VPS4B_HUMAN","VPS4B","Vacuolar protein sorting-associated protein 4B",1,1,FALSE
"O75352","MPU1_HUMAN","MPDU1","Mannose-P-dolichol utilization defect 1 protein",1,1,FALSE
"O75365","TP4A3_HUMAN","PTP4A3","Protein tyrosine phosphatase type IVA 3",1,1,FALSE
"O75367","H2AY_HUMAN","MACROH2A1","Core histone macro-H2A.1",4,3,FALSE
"O75368","SH3L1_HUMAN","SH3BGRL","SH3 domain-binding glutamic acid-rich-like protein",4,4,FALSE
"O75369","FLNB_HUMAN","FLNB","Filamin-B",33,33,FALSE
"O75380","NDUS6_HUMAN","NDUFS6","NADH dehydrogenase [ubiquinone] iron-sulfur protein 6, mitochondrial",5,5,FALSE
"O75390","CISY_HUMAN","CS","Citrate synthase, mitochondrial",18,18,FALSE
"O75391","SPAG7_HUMAN","SPAG7","Sperm-associated antigen 7",4,4,FALSE
"O75394","RM33_HUMAN","MRPL33","39S ribosomal protein L33, mitochondrial",2,2,FALSE
"O75396","SC22B_HUMAN","SEC22B","Vesicle-trafficking protein SEC22b",7,7,FALSE
"O75431","MTX2_HUMAN","MTX2","Metaxin-2",6,6,FALSE
"O75436","VP26A_HUMAN","VPS26A","Vacuolar protein sorting-associated protein 26A",10,9,FALSE
"O75438","NDUB1_HUMAN","NDUFB1","NADH dehydrogenase [ubiquinone] 1 beta subcomplex subunit 1",2,2,FALSE
"O75439","MPPB_HUMAN","PMPCB","Mitochondrial-processing peptidase subunit beta",7,7,FALSE
"O75477","ERLN1_HUMAN","ERLIN1","Erlin-1",2,2,FALSE
"O75487","GPC4_HUMAN","GPC4","Glypican-4",4,3,FALSE
"O75489","NDUS3_HUMAN","NDUFS3","NADH dehydrogenase [ubiquinone] iron-sulfur protein 3, mitochondrial",13,13,FALSE
"O75506","HSBP1_HUMAN","HSBP1","Heat shock factor-binding protein 1",1,1,FALSE
"O75521","ECI2_HUMAN","ECI2","Enoyl-CoA delta isomerase 2, mitochondrial",14,14,FALSE
"O75531","BAF_HUMAN","BANF1","Barrier-to-autointegration factor",6,6,FALSE
"O75533","SF3B1_HUMAN","SF3B1","Splicing factor 3B subunit 1",3,3,FALSE
"O75534","CSDE1_HUMAN","CSDE1","Cold shock domain-containing protein E1",23,23,FALSE
"O75569","PRKRA_HUMAN","PRKRA","Interferon-inducible double-stranded RNA-dependent protein kinase activator A",5,5,FALSE
"O75600","KBL_HUMAN","GCAT","2-amino-3-ketobutyrate coenzyme A ligase, mitochondrial",1,1,FALSE
"O75608","LYPA1_HUMAN","LYPLA1","Acyl-protein thioesterase 1",6,6,FALSE
"O75636","FCN3_HUMAN","FCN3","Ficolin-3",3,3,FALSE
"O75663","TIPRL_HUMAN","TIPRL","TIP41-like protein",10,10,FALSE
"O75688","PPM1B_HUMAN","PPM1B","Protein phosphatase 1B",15,12,FALSE
"O75694","NU155_HUMAN","NUP155","Nuclear pore complex protein Nup155",7,7,FALSE
"O75746","CMC1_HUMAN","SLC25A12","Calcium-binding mitochondrial carrier protein Aralar1",37,30,FALSE
"O75764","TCEA3_HUMAN","TCEA3","Transcription elongation factor A protein 3",6,6,FALSE
"O75781","PALM_HUMAN","PALM","Paralemmin-1",4,4,FALSE
"O75821","EIF3G_HUMAN","EIF3G","Eukaryotic translation initiation factor 3 subunit G",6,6,FALSE
"O75822","EIF3J_HUMAN","EIF3J","Eukaryotic translation initiation factor 3 subunit J",12,12,FALSE
"O75828","CBR3_HUMAN","CBR3","Carbonyl reductase [NADPH] 3",3,3,FALSE
"O75832","PSD10_HUMAN","PSMD10","26S proteasome non-ATPase regulatory subunit 10",10,10,FALSE
"O75844","FACE1_HUMAN","ZMPSTE24","CAAX prenyl protease 1 homolog",2,2,FALSE
"O75874","IDHC_HUMAN","IDH1","Isocitrate dehydrogenase [NADP] cytoplasmic",20,20,FALSE
"O75880","SCO1_HUMAN","SCO1","Protein SCO1 homolog, mitochondrial",3,3,FALSE
"O75882","ATRN_HUMAN","ATRN","Attractin",6,6,FALSE
"O75884","RBBP9_HUMAN","RBBP9","Serine hydrolase RBBP9",4,4,FALSE
"O75891","AL1L1_HUMAN","ALDH1L1","Cytosolic 10-formyltetrahydrofolate dehydrogenase",47,42,FALSE
"O75915","PRAF3_HUMAN","ARL6IP5","PRA1 family protein 3",8,8,FALSE
"O75923","DYSF_HUMAN","DYSF","Dysferlin",94,92,FALSE
"O75935","DCTN3_HUMAN","DCTN3","Dynactin subunit 3",6,6,FALSE
"O75937","DNJC8_HUMAN","DNAJC8","DnaJ homolog subfamily C member 8",2,2,FALSE
"O75947","ATP5H_HUMAN","ATP5PD","ATP synthase subunit d, mitochondrial",11,11,FALSE
"O75955","FLOT1_HUMAN","FLOT1","Flotillin-1",16,16,FALSE
"O75964","ATP5L_HUMAN","ATP5MG","ATP synthase subunit g, mitochondrial",8,8,FALSE
"O76003","GLRX3_HUMAN","GLRX3","Glutaredoxin-3",13,13,FALSE
"O76031","CLPX_HUMAN","CLPX","ATP-dependent Clp protease ATP-binding subunit clpX-like, mitochondrial",3,3,FALSE
"O76070","SYUG_HUMAN","SNCG","Gamma-synuclein",6,6,FALSE
"O76071","CIAO1_HUMAN","CIAO1","Probable cytosolic iron-sulfur protein assembly protein CIAO1",6,6,FALSE
"O76094","SRP72_HUMAN","SRP72","Signal recognition particle subunit SRP72",6,6,FALSE
"O94760","DDAH1_HUMAN","DDAH1","N(G),N(G)-dimethylarginine dimethylaminohydrolase 1",17,16,FALSE
"O94788","AL1A2_HUMAN","ALDH1A2","Retinal dehydrogenase 2",5,4,FALSE
"O94811","TPPP_HUMAN","TPPP","Tubulin polymerization-promoting protein",3,3,FALSE
"O94819","KBTBB_HUMAN","KBTBD11","Kelch repeat and BTB domain-containing protein 11",1,1,FALSE
"O94826","TOM70_HUMAN","TOMM70","Mitochondrial import receptor subunit TOM70",17,17,FALSE
"O94829","IPO13_HUMAN","IPO13","Importin-13",2,2,FALSE
"O94832","MYO1D_HUMAN","MYO1D","Unconventional myosin-Id",2,2,FALSE
"O94874","UFL1_HUMAN","UFL1","E3 UFM1-protein ligase 1",13,13,FALSE
"O94875","SRBS2_HUMAN","SORBS2","Sorbin and SH3 domain-containing protein 2",3,3,FALSE
"O94901","SUN1_HUMAN","SUN1","SUN domain-containing protein 1",7,7,FALSE
"O94903","PLPHP_HUMAN","PLPBP","Pyridoxal phosphate homeostasis protein",8,8,FALSE
"O94905","ERLN2_HUMAN","ERLIN2","Erlin-2",16,13,FALSE
"O94911","ABCA8_HUMAN","ABCA8","ATP-binding cassette sub-family A member 8",5,5,FALSE
"O94919","ENDD1_HUMAN","ENDOD1","Endonuclease domain-containing 1 protein",12,12,FALSE
"O94925","GLSK_HUMAN","GLS","Glutaminase kidney isoform, mitochondrial",2,2,FALSE
"O94966","UBP19_HUMAN","USP19","Ubiquitin carboxyl-terminal hydrolase 19",5,5,FALSE
"O94973","AP2A2_HUMAN","AP2A2","AP-2 complex subunit alpha-2",3,3,FALSE
"O94979","SC31A_HUMAN","SEC31A","Protein transport protein Sec31A",17,17,FALSE
"O95070","YIF1A_HUMAN","YIF1A","Protein YIF1A",2,2,FALSE
"O95084","PRS23_HUMAN","PRSS23","Serine protease 23",1,1,FALSE
"O95139","NDUB6_HUMAN","NDUFB6","NADH dehydrogenase [ubiquinone] 1 beta subcomplex subunit 6",7,7,FALSE
"O95140","MFN2_HUMAN","MFN2","Mitofusin-2",20,19,FALSE
"O95155","UBE4B_HUMAN","UBE4B","Ubiquitin conjugation factor E4 B",5,5,FALSE
"O95159","ZFPL1_HUMAN","ZFPL1","Zinc finger protein-like 1",1,1,FALSE
"O95167","NDUA3_HUMAN","NDUFA3","NADH dehydrogenase [ubiquinone] 1 alpha subcomplex subunit 3",3,3,FALSE
"O95168","NDUB4_HUMAN","NDUFB4","NADH dehydrogenase [ubiquinone] 1 beta subcomplex subunit 4",6,6,FALSE
"O95169","NDUB8_HUMAN","NDUFB8","NADH dehydrogenase [ubiquinone] 1 beta subcomplex subunit 8, mitochondrial",6,6,FALSE
"O95182","NDUA7_HUMAN","NDUFA7","NADH dehydrogenase [ubiquinone] 1 alpha subcomplex subunit 7",8,8,FALSE
"O95183","VAMP5_HUMAN","VAMP5","Vesicle-associated membrane protein 5",3,3,FALSE
"O95197","RTN3_HUMAN","RTN3","Reticulon-3",3,3,FALSE
"O95202","LETM1_HUMAN","LETM1","Mitochondrial proton/calcium exchanger protein",14,14,FALSE
"O95208","EPN2_HUMAN","EPN2","Epsin-2",2,2,FALSE
"O95210","STBD1_HUMAN","STBD1","Starch-binding domain-containing protein 1",17,17,FALSE
"O95260","ATE1_HUMAN","ATE1","Arginyl-tRNA--protein transferase 1",5,5,FALSE
"O95273","CCDB1_HUMAN","CCNDBP1","Cyclin-D1-binding protein 1",1,1,FALSE
"O95278","EPM2A_HUMAN","EPM2A","Laforin",8,8,FALSE
"O95292","VAPB_HUMAN","VAPB","Vesicle-associated membrane protein-associated protein B/C",11,11,FALSE
"O95295","SNAPN_HUMAN","SNAPIN","SNARE-associated protein Snapin",2,2,FALSE
"O95298","NDUC2_HUMAN","NDUFC2","NADH dehydrogenase [ubiquinone] 1 subunit C2",9,3,FALSE
"O95299","NDUAA_HUMAN","NDUFA10","NADH dehydrogenase [ubiquinone] 1 alpha subcomplex subunit 10, mitochondrial",15,15,FALSE
"O95302","FKBP9_HUMAN","FKBP9","Peptidyl-prolyl cis-trans isomerase FKBP9",2,1,FALSE
"O95336","6PGL_HUMAN","PGLS","6-phosphogluconolactonase",12,12,FALSE
"O95352","ATG7_HUMAN","ATG7","Ubiquitin-like modifier-activating enzyme ATG7",8,8,FALSE
"O95359","TACC2_HUMAN","TACC2","Transforming acidic coiled-coil-containing protein 2",44,44,FALSE
"O95372","LYPA2_HUMAN","LYPLA2","Acyl-protein thioesterase 2",7,7,FALSE
"O95373","IPO7_HUMAN","IPO7","Importin-7",14,14,FALSE
"O95376","ARI2_HUMAN","ARIH2","E3 ubiquitin-protein ligase ARIH2",7,7,FALSE
"O95394","AGM1_HUMAN","PGM3","Phosphoacetylglucosamine mutase",9,9,FALSE
"O95396","MOCS3_HUMAN","MOCS3","Adenylyltransferase and sulfurtransferase MOCS3",2,2,FALSE
"O95425","SVIL_HUMAN","SVIL","Supervillin",46,46,FALSE
"O95433","AHSA1_HUMAN","AHSA1","Activator of 90 kDa heat shock protein ATPase homolog 1",9,9,FALSE
"O95445","APOM_HUMAN","APOM","Apolipoprotein M",4,4,FALSE
"O95470","SGPL1_HUMAN","SGPL1","Sphingosine-1-phosphate lyase 1",1,1,FALSE
"O95479","G6PE_HUMAN","H6PD","GDH/6PGL endoplasmic bifunctional protein",20,20,FALSE
"O95487","SC24B_HUMAN","SEC24B","Protein transport protein Sec24B",1,1,FALSE
"O95563","MPC2_HUMAN","MPC2","Mitochondrial pyruvate carrier 2",6,6,FALSE
"O95571","ETHE1_HUMAN","ETHE1","Persulfide dioxygenase ETHE1, mitochondrial",11,11,FALSE
"O95573","ACSL3_HUMAN","ACSL3","Long-chain-fatty-acid--CoA ligase 3",28,26,FALSE
"O95628","CNOT4_HUMAN","CNOT4","CCR4-NOT transcription complex subunit 4",1,1,FALSE
"O95630","STABP_HUMAN","STAMBP","STAM-binding protein",4,4,FALSE
"O95671","ASML_HUMAN","ASMTL","Probable bifunctional dTTP/UTP pyrophosphatase/methyltransferase protein",6,6,FALSE
"O95674","CDS2_HUMAN","CDS2","Phosphatidate cytidylyltransferase 2",2,2,FALSE
"O95677","EYA4_HUMAN","EYA4","Eyes absent homolog 4",1,1,FALSE
"O95721","SNP29_HUMAN","SNAP29","Synaptosomal-associated protein 29",2,2,FALSE
"O95747","OXSR1_HUMAN","OXSR1","Serine/threonine-protein kinase OSR1",16,13,FALSE
"O95749","GGPPS_HUMAN","GGPS1","Geranylgeranyl pyrophosphate synthase",4,4,FALSE
"O95757","HS74L_HUMAN","HSPA4L","Heat shock 70 kDa protein 4L",2,2,FALSE
"O95777","LSM8_HUMAN","LSM8","U6 snRNA-associated Sm-like protein LSm8",1,1,FALSE
"O95782","AP2A1_HUMAN","AP2A1","AP-2 complex subunit alpha-1",18,13,FALSE
"O95793","STAU1_HUMAN","STAU1","Double-stranded RNA-binding protein Staufen homolog 1",1,1,FALSE
"O95810","CAVN2_HUMAN","CAVIN2","Caveolae-associated protein 2",13,13,FALSE
"O95816","BAG2_HUMAN","BAG2","BAG family molecular chaperone regulator 2",5,5,FALSE
"O95817","BAG3_HUMAN","BAG3","BAG family molecular chaperone regulator 3",28,28,FALSE
"O95822","DCMC_HUMAN","MLYCD","Malonyl-CoA decarboxylase, mitochondrial",11,11,FALSE
"O95825","QORL1_HUMAN","CRYZL1","Quinone oxidoreductase-like protein 1",3,3,FALSE
"O95831","AIFM1_HUMAN","AIFM1","Apoptosis-inducing factor 1, mitochondrial",24,24,FALSE
"O95834","EMAL2_HUMAN","EML2","Echinoderm microtubule-associated protein-like 2",11,11,FALSE
"O95848","NUD14_HUMAN","NUDT14","Uridine diphosphate glucose pyrophosphatase NUDT14",3,3,FALSE
"O95861","BPNT1_HUMAN","BPNT1","3'(2'),5'-bisphosphate nucleotidase 1",11,11,FALSE
"O95865","DDAH2_HUMAN","DDAH2","N(G),N(G)-dimethylarginine dimethylaminohydrolase 2",7,7,FALSE
"O95870","ABHGA_HUMAN","ABHD16A","Phosphatidylserine lipase ABHD16A",8,8,FALSE
"O95873","CF047_HUMAN","C6orf47","Uncharacterized protein C6orf47",1,1,FALSE
"O95881","TXD12_HUMAN","TXNDC12","Thioredoxin domain-containing protein 12",5,5,FALSE
"O95980","RECK_HUMAN","RECK","Reversion-inducing cysteine-rich protein with Kazal motifs",1,1,FALSE
"O95989","NUDT3_HUMAN","NUDT3","Diphosphoinositol polyphosphate phosphohydrolase 1",4,4,FALSE
"O96000","NDUBA_HUMAN","NDUFB10","NADH dehydrogenase [ubiquinone] 1 beta subcomplex subunit 10",10,10,FALSE
"O96005","CLPT1_HUMAN","CLPTM1","Cleft lip and palate transmembrane protein 1",1,1,FALSE
"O96007","MOC2B_HUMAN","MOCS2","Molybdopterin synthase catalytic subunit",4,4,FALSE
"O96008","TOM40_HUMAN","TOMM40","Mitochondrial import receptor subunit TOM40 homolog",5,5,FALSE
"O96011","PX11B_HUMAN","PEX11B","Peroxisomal membrane protein 11B",4,4,FALSE
"O96033","MOC2A_HUMAN","MOCS2","Molybdopterin synthase sulfur carrier subunit",3,3,FALSE
"P00156","CYB_HUMAN","MT-CYB","Cytochrome b",2,2,FALSE
"P00167","CYB5_HUMAN","CYB5A","Cytochrome b5",5,0,TRUE
"P00325","ADH1B_HUMAN","ADH1B","All-trans-retinol dehydrogenase [NAD(+)] ADH1B",18,6,FALSE
"P00326","ADH1G_HUMAN","ADH1C","Alcohol dehydrogenase 1C",3,3,FALSE
"P00338","LDHA_HUMAN","LDHA","L-lactate dehydrogenase A chain",26,24,FALSE
"P00352","AL1A1_HUMAN","ALDH1A1","Retinal dehydrogenase 1",27,23,FALSE
"P00367","DHE3_HUMAN","GLUD1","Glutamate dehydrogenase 1, mitochondrial",19,2,FALSE
"P00387","NB5R3_HUMAN","CYB5R3","NADH-cytochrome b5 reductase 3",16,16,FALSE
"P00390","GSHR_HUMAN","GSR","Glutathione reductase, mitochondrial",17,17,FALSE
"P00395","COX1_HUMAN","MT-CO1","Cytochrome c oxidase subunit 1",2,2,FALSE
"P00403","COX2_HUMAN","MT-CO2","Cytochrome c oxidase subunit 2",7,7,FALSE
"P00414","COX3_HUMAN","MT-CO3","Cytochrome c oxidase subunit 3",3,3,FALSE
"P00441","SODC_HUMAN","SOD1","Superoxide dismutase [Cu-Zn]",6,0,TRUE
"P00450","CERU_HUMAN","CP","Ceruloplasmin",36,36,FALSE
"P00488","F13A_HUMAN","F13A1","Coagulation factor XIII A chain",11,11,FALSE
"P00491","PNPH_HUMAN","PNP","Purine nucleoside phosphorylase",15,15,FALSE
"P00492","HPRT_HUMAN","HPRT1","Hypoxanthine-guanine phosphoribosyltransferase",8,8,FALSE
"P00505","AATM_HUMAN","GOT2","Aspartate aminotransferase, mitochondrial",31,31,FALSE
"P00558","PGK1_HUMAN","PGK1","Phosphoglycerate kinase 1",34,28,FALSE
"P00568","KAD1_HUMAN","AK1","Adenylate kinase isoenzyme 1",19,18,FALSE
"P00734","THRB_HUMAN","F2","Prothrombin",20,20,FALSE
"P00736","C1R_HUMAN","C1R","Complement C1r subcomponent",12,12,FALSE
"P00738","HPT_HUMAN","HP","Haptoglobin",25,11,FALSE
"P00739","HPTR_HUMAN","HPR","Haptoglobin-related protein",4,4,FALSE
"P00740","FA9_HUMAN","F9","Coagulation factor IX",6,6,FALSE
"P00742","FA10_HUMAN","F10","Coagulation factor X",2,2,FALSE
"P00746","CFAD_HUMAN","CFD","Complement factor D",7,7,FALSE
"P00747","PLMN_HUMAN","PLG","Plasminogen",30,26,FALSE
"P00748","FA12_HUMAN","F12","Coagulation factor XII",3,3,FALSE
"P00751","CFAB_HUMAN","CFB","Complement factor B",21,21,FALSE
"P00813","ADA_HUMAN","ADA","Adenosine deaminase",5,5,FALSE
"P00846","ATP6_HUMAN","MT-ATP6","ATP synthase subunit a",2,2,FALSE
"P00915","CAH1_HUMAN","CA1","Carbonic anhydrase 1",16,0,TRUE
"P00918","CAH2_HUMAN","CA2","Carbonic anhydrase 2",15,0,TRUE
"P00966","ASSY_HUMAN","ASS1","Argininosuccinate synthase",7,7,FALSE
"P01008","ANT3_HUMAN","SERPINC1","Antithrombin-III",20,0,TRUE
"P01009","A1AT_HUMAN","SERPINA1","Alpha-1-antitrypsin",26,25,FALSE
"P01011","AACT_HUMAN","SERPINA3","Alpha-1-antichymotrypsin",16,16,FALSE
"P01019","ANGT_HUMAN","AGT","Angiotensinogen",8,8,FALSE
"P01023","A2MG_HUMAN","A2M","Alpha-2-macroglobulin",74,64,FALSE
"P01024","CO3_HUMAN","C3","Complement C3",94,93,FALSE
"P01031","CO5_HUMAN","C5","Complement C5",14,0,TRUE
"P01034","CYTC_HUMAN","CST3","Cystatin-C",4,4,FALSE
"P01040","CYTA_HUMAN","CSTA","Cystatin-A",1,1,FALSE
"P01042","KNG1_HUMAN","KNG1","Kininogen-1",22,22,FALSE
"P01112","RASH_HUMAN","HRAS","GTPase HRas",3,0,TRUE
"P01116","RASK_HUMAN","KRAS","GTPase KRas",4,1,FALSE
"P01344","IGF2_HUMAN","IGF2","Insulin-like growth factor II",1,0,TRUE
"P01591","IGJ_HUMAN","JCHAIN","Immunoglobulin J chain",5,5,FALSE
"P01593","KV133_HUMAN","IGKV1-33","Immunoglobulin kappa variable 1D-33",1,0,FALSE
"P01597","KV139_HUMAN","IGKV1-39","Immunoglobulin kappa variable 1-39",2,0,FALSE
"P01599","KV117_HUMAN","IGKV1-17","Immunoglobulin kappa variable 1-17",1,0,FALSE
"P01602","KV105_HUMAN","IGKV1-5","Immunoglobulin kappa variable 1-5",1,1,FALSE
"P01619","KV320_HUMAN","IGKV3-20","Immunoglobulin kappa variable 3-20",4,2,FALSE
"P01624","KV315_HUMAN","IGKV3-15","Immunoglobulin kappa variable 3-15",1,0,FALSE
"P01700","LV147_HUMAN","IGLV1-47","Immunoglobulin lambda variable 1-47",2,1,FALSE
"P01701","LV151_HUMAN","IGLV1-51","Immunoglobulin lambda variable 1-51",1,1,FALSE
"P01703","LV140_HUMAN","IGLV1-40","Immunoglobulin lambda variable 1-40",1,1,FALSE
"P01704","LV214_HUMAN","IGLV2-14","Immunoglobulin lambda variable 2-14",1,1,FALSE
"P01705","LV223_HUMAN","IGLV2-23","Immunoglobulin lambda variable 2-23",1,1,FALSE
"P01706","LV211_HUMAN","IGLV2-11","Immunoglobulin lambda variable 2-11",1,1,FALSE
"P01714","LV319_HUMAN","IGLV3-19","Immunoglobulin lambda variable 3-19",1,1,FALSE
"P01717","LV325_HUMAN","IGLV3-25","Immunoglobulin lambda variable 3-25",3,0,FALSE
"P01721","LV657_HUMAN","IGLV6-57","Immunoglobulin lambda variable 6-57",2,2,FALSE
"P01742","HV169_HUMAN","IGHV1-69","Immunoglobulin heavy variable 1-69",2,1,FALSE
"P01766","HV313_HUMAN","IGHV3-13","Immunoglobulin heavy variable 3-13",1,1,FALSE
"P01768","HV330_HUMAN","IGHV3-30","Immunoglobulin heavy variable 3-30",2,0,FALSE
"P01780","HV307_HUMAN","IGHV3-7","Immunoglobulin heavy variable 3-7",3,2,FALSE
"P01782","HV309_HUMAN","IGHV3-43D","Immunoglobulin heavy variable 3-9",1,0,FALSE
"P01817","HV205_HUMAN","IGHV2-5","Immunoglobulin heavy variable 2-5",1,1,FALSE
"P01833","PIGR_HUMAN","PIGR","Polymeric immunoglobulin receptor",4,4,FALSE
"P01834","IGKC_HUMAN","IGKC","Immunoglobulin kappa constant",7,7,FALSE
"P01857","IGHG1_HUMAN","IGHG1","Immunoglobulin heavy constant gamma 1",13,7,FALSE
"P01859","IGHG2_HUMAN","IGHG2","Immunoglobulin heavy constant gamma 2",8,7,FALSE
"P01860","IGHG3_HUMAN","IGHG3","Immunoglobulin heavy constant gamma 3",6,6,FALSE
"P01861","IGHG4_HUMAN","IGHG4","Immunoglobulin heavy constant gamma 4",14,8,FALSE
"P01871","IGHM_HUMAN","IGHM","Immunoglobulin heavy constant mu",17,17,FALSE
"P01876","IGHA1_HUMAN","IGHA1","Immunoglobulin heavy constant alpha 1",13,8,FALSE
"P01877","IGHA2_HUMAN","IGHA2","Immunoglobulin heavy constant alpha 2",4,4,FALSE
"P01880","IGHD_HUMAN","IGHD","Immunoglobulin heavy constant delta",8,8,FALSE
"P01889","HLAB_HUMAN","HLA-B","HLA class I histocompatibility antigen, B alpha chain",4,2,FALSE
"P01903","DRA_HUMAN","HLA-DRA","HLA class II histocompatibility antigen, DR alpha chain",5,4,FALSE
"P01911","DRB_HUMAN","HLA-DRB1","HLA class II histocompatibility antigen, DRB1 beta chain",6,1,FALSE
"P02008","HBAZ_HUMAN","HBZ","Hemoglobin subunit zeta",8,7,FALSE
"P02042","HBD_HUMAN","HBD","Hemoglobin subunit delta",17,9,FALSE
"P02144","MYG_HUMAN","MB","Myoglobin",22,0,TRUE
"P02452","CO1A1_HUMAN","COL1A1","Collagen alpha-1(I) chain",24,23,FALSE
"P02461","CO3A1_HUMAN","COL3A1","Collagen alpha-1(III) chain",7,7,FALSE
"P02462","CO4A1_HUMAN","COL4A1","Collagen alpha-1(IV) chain",4,2,FALSE
"P02511","CRYAB_HUMAN","CRYAB","Alpha-crystallin B chain",18,18,FALSE
"P02533","K1C14_HUMAN","KRT14","Keratin, type I cytoskeletal 14",6,1,FALSE
"P02538","K2C6A_HUMAN","KRT6A","Keratin, type II cytoskeletal 6A",1,0,FALSE
"P02545","LMNA_HUMAN","LMNA","Prelamin-A/C",44,43,FALSE
"P02549","SPTA1_HUMAN","SPTA1","Spectrin alpha chain, erythrocytic 1",94,94,FALSE
"P02585","TNNC2_HUMAN","TNNC2","Troponin C, skeletal muscle",13,12,FALSE
"P02647","APOA1_HUMAN","APOA1","Apolipoprotein A-I",25,25,FALSE
"P02649","APOE_HUMAN","APOE","Apolipoprotein E",14,14,FALSE
"P02652","APOA2_HUMAN","APOA2","Apolipoprotein A-II",6,6,FALSE
"P02654","APOC1_HUMAN","APOC1","Apolipoprotein C-I",3,3,FALSE
"P02655","APOC2_HUMAN","APOC2","Apolipoprotein C-II",4,4,FALSE
"P02656","APOC3_HUMAN","APOC3","Apolipoprotein C-III",3,3,FALSE
"P02671","FIBA_HUMAN","FGA","Fibrinogen alpha chain",30,30,FALSE
"P02675","FIBB_HUMAN","FGB","Fibrinogen beta chain",23,23,FALSE
"P02679","FIBG_HUMAN","FGG","Fibrinogen gamma chain",23,23,FALSE
"P02730","B3AT_HUMAN","SLC4A1","Band 3 anion transport protein",24,24,FALSE
"P02743","SAMP_HUMAN","APCS","Serum amyloid P-component",5,5,FALSE
"P02746","C1QB_HUMAN","C1QB","Complement C1q subcomponent subunit B",4,4,FALSE
"P02747","C1QC_HUMAN","C1QC","Complement C1q subcomponent subunit C",5,5,FALSE
"P02748","CO9_HUMAN","C9","Complement component C9",11,11,FALSE
"P02749","APOH_HUMAN","APOH","Beta-2-glycoprotein 1",12,12,FALSE
"P02750","A2GL_HUMAN","LRG1","Leucine-rich alpha-2-glycoprotein",8,8,FALSE
"P02751","FINC_HUMAN","FN1","Fibronectin",35,35,FALSE
"P02753","RET4_HUMAN","RBP4","Retinol-binding protein 4",3,0,TRUE
"P02760","AMBP_HUMAN","AMBP","Protein AMBP",12,12,FALSE
"P02763","A1AG1_HUMAN","ORM1","Alpha-1-acid glycoprotein 1",6,6,FALSE
"P02765","FETUA_HUMAN","AHSG","Alpha-2-HS-glycoprotein",8,7,FALSE
"P02766","TTHY_HUMAN","TTR","Transthyretin",5,5,FALSE
"P02768","ALBU_HUMAN","ALB","Serum albumin",61,0,TRUE
"P02774","VTDB_HUMAN","GC","Vitamin D-binding protein",28,28,FALSE
"P02775","CXCL7_HUMAN","PPBP","Platelet basic protein",4,4,FALSE
"P02776","PLF4_HUMAN","PF4","Platelet factor 4",3,1,FALSE
"P02786","TFR1_HUMAN","TFRC","Transferrin receptor protein 1",11,11,FALSE
"P02787","TRFE_HUMAN","TF","Serotransferrin",46,0,TRUE
"P02788","TRFL_HUMAN","LTF","Lactotransferrin",16,0,TRUE
"P02790","HEMO_HUMAN","HPX","Hemopexin",20,20,FALSE
"P02792","FRIL_HUMAN","FTL","Ferritin light chain",5,5,FALSE
"P02794","FRIH_HUMAN","FTH1","Ferritin heavy chain",11,11,FALSE
"P02795","MT1G_HUMAN","MT1G","Metallothionein-2",2,0,FALSE
"P03886","NU1M_HUMAN","MT-ND1","NADH-ubiquinone oxidoreductase chain 1",2,2,FALSE
"P03891","NU2M_HUMAN","MT-ND2","NADH-ubiquinone oxidoreductase chain 2",2,2,FALSE
"P03897","NU3M_HUMAN","MT-ND3","NADH-ubiquinone oxidoreductase chain 3",1,1,FALSE
"P03905","NU4M_HUMAN","MT-ND4","NADH-ubiquinone oxidoreductase chain 4",6,6,FALSE
"P03915","NU5M_HUMAN","MT-ND5","NADH-ubiquinone oxidoreductase chain 5",5,5,FALSE
"P03928","ATP8_HUMAN","MT-ATP8","ATP synthase protein 8",2,2,FALSE
"P03950","ANGI_HUMAN","ANG","Angiogenin",3,3,FALSE
"P03951","FA11_HUMAN","F11","Coagulation factor XI",1,1,FALSE
"P03952","KLKB1_HUMAN","KLKB1","Plasma kallikrein",13,12,FALSE
"P04003","C4BPA_HUMAN","C4BPA","C4b-binding protein alpha chain",16,16,FALSE
"P04004","VTNC_HUMAN","VTN","Vitronectin",13,13,FALSE
"P04040","CATA_HUMAN","CAT","Catalase",30,0,TRUE
"P04049","RAF1_HUMAN","RAF1","RAF proto-oncogene serine/threonine-protein kinase",4,4,FALSE
"P04075","ALDOA_HUMAN","ALDOA","Fructose-bisphosphate aldolase A",33,7,FALSE
"P04080","CYTB_HUMAN","CSTB","Cystatin-B",9,9,FALSE
"P04083","ANXA1_HUMAN","ANXA1","Annexin A1",22,22,FALSE
"P04114","APOB_HUMAN","APOB","Apolipoprotein B-100",147,147,FALSE
"P04150","GCR_HUMAN","NR3C1","Glucocorticoid receptor",2,2,FALSE
"P04156","PRIO_HUMAN","PRNP","Major prion protein",1,1,FALSE
"P04179","SODM_HUMAN","SOD2","Superoxide dismutase [Mn], mitochondrial",12,12,FALSE
"P04180","LCAT_HUMAN","LCAT","Phosphatidylcholine-sterol acyltransferase",1,1,FALSE
"P04181","OAT_HUMAN","OAT","Ornithine aminotransferase, mitochondrial",2,2,FALSE
"P04196","HRG_HUMAN","HRG","Histidine-rich glycoprotein",14,14,FALSE
"P04216","THY1_HUMAN","THY1","Thy-1 membrane glycoprotein",3,3,FALSE
"P04217","A1BG_HUMAN","A1BG","Alpha-1B-glycoprotein",13,13,FALSE
"P04233","HG2A_HUMAN","CD74","HLA class II histocompatibility antigen gamma chain",2,2,FALSE
"P04264","K2C1_HUMAN","KRT1","Keratin, type II cytoskeletal 1",26,0,TRUE
"P04271","S100B_HUMAN","S100B","Protein S100-B",2,2,FALSE
"P04275","VWF_HUMAN","VWF","von Willebrand factor",13,13,FALSE
"P04278","SHBG_HUMAN","SHBG","Sex hormone-binding globulin",1,1,FALSE
"P04350","TBB4A_HUMAN","TUBB4A","Tubulin beta-4A chain",8,3,FALSE
"P04406","G3P_HUMAN","GAPDH","Glyceraldehyde-3-phosphate dehydrogenase",28,27,FALSE
"P04430","KV116_HUMAN","IGKV1-16","Immunoglobulin kappa variable 1-16",1,1,FALSE
"P04439","HLAA_HUMAN","HLA-A","HLA class I histocompatibility antigen, A alpha chain",9,3,FALSE
"P04632","CPNS1_HUMAN","CAPNS1","Calpain small subunit 1",11,9,FALSE
"P04792","HSPB1_HUMAN","HSPB1","Heat shock protein beta-1",17,17,FALSE
"P04839","CY24B_HUMAN","CYBB","Cytochrome b-245 heavy chain",2,2,FALSE
"P04843","RPN1_HUMAN","RPN1","Dolichyl-diphosphooligosaccharide--protein glycosyltransferase subunit 1",23,23,FALSE
"P04844","RPN2_HUMAN","RPN2","Dolichyl-diphosphooligosaccharide--protein glycosyltransferase subunit 2",11,11,FALSE
"P04899","GNAI2_HUMAN","GNAI2","Guanine nucleotide-binding protein G(i) subunit alpha-2",12,7,FALSE
"P04908","H2A1B_HUMAN","H2AC11","Histone H2A type 1-B/E",6,0,FALSE
"P04921","GLPC_HUMAN","GYPC","Glycophorin-C",3,2,FALSE
"P05023","AT1A1_HUMAN","ATP1A1","Sodium/potassium-transporting ATPase subunit alpha-1",16,13,FALSE
"P05026","AT1B1_HUMAN","ATP1B1","Sodium/potassium-transporting ATPase subunit beta-1",11,11,FALSE
"P05089","ARGI1_HUMAN","ARG1","Arginase-1",1,1,FALSE
"P05090","APOD_HUMAN","APOD","Apolipoprotein D",8,8,FALSE
"P05091","ALDH2_HUMAN","ALDH2","Aldehyde dehydrogenase, mitochondrial",22,21,FALSE
"P05106","ITB3_HUMAN","ITGB3","Integrin beta-3",6,6,FALSE
"P05109","S10A8_HUMAN","S100A8","Protein S100-A8",6,6,FALSE
"P05114","HMGN1_HUMAN","HMGN1","Non-histone chromosomal protein HMG-14",1,1,FALSE
"P05141","ADT2_HUMAN","SLC25A5","ADP/ATP translocase 2",3,3,FALSE
"P05154","IPSP_HUMAN","SERPINA5","Plasma serine protease inhibitor",2,2,FALSE
"P05155","IC1_HUMAN","SERPING1","Plasma protease C1 inhibitor",15,15,FALSE
"P05156","CFAI_HUMAN","CFI","Complement factor I",9,9,FALSE
"P05160","F13B_HUMAN","F13B","Coagulation factor XIII B chain",5,5,FALSE
"P05161","ISG15_HUMAN","ISG15","Ubiquitin-like protein ISG15",3,3,FALSE
"P05164","PERM_HUMAN","MPO","Myeloperoxidase",6,6,FALSE
"P05165","PCCA_HUMAN","PCCA","Propionyl-CoA carboxylase alpha chain, mitochondrial",20,20,FALSE
"P05166","PCCB_HUMAN","PCCB","Propionyl-CoA carboxylase beta chain, mitochondrial",16,16,FALSE
"P05198","IF2A_HUMAN","EIF2S1","Eukaryotic translation initiation factor 2 subunit 1",15,15,FALSE
"P05362","ICAM1_HUMAN","ICAM1","Intercellular adhesion molecule 1",2,2,FALSE
"P05386","RLA1_HUMAN","RPLP1","60S acidic ribosomal protein P1",2,2,FALSE
"P05387","RLA2_HUMAN","RPLP2","60S acidic ribosomal protein P2",5,5,FALSE
"P05388","RLA0_HUMAN","RPLP0","60S acidic ribosomal protein P0",11,4,FALSE
"P05413","FABPH_HUMAN","FABP3","Fatty acid-binding protein, heart",14,0,TRUE
"P05452","TETN_HUMAN","CLEC3B","Tetranectin",8,8,FALSE
"P05455","LA_HUMAN","SSB","Lupus La protein",9,9,FALSE
"P05543","THBG_HUMAN","SERPINA7","Thyroxine-binding globulin",5,5,FALSE
"P05546","HEP2_HUMAN","SERPIND1","Heparin cofactor 2",12,12,FALSE
"P05556","ITB1_HUMAN","ITGB1","Integrin beta-1",21,21,FALSE
"P05976","MYL1_HUMAN","MYL1","Myosin light chain 1/3, skeletal muscle isoform",21,19,FALSE
"P06132","DCUP_HUMAN","UROD","Uroporphyrinogen decarboxylase",3,3,FALSE
"P06213","INSR_HUMAN","INSR","Insulin receptor",1,1,FALSE
"P06310","KV230_HUMAN","IGKV2-30","Immunoglobulin kappa variable 2-30",1,1,FALSE
"P06312","KV401_HUMAN","IGKV4-1","Immunoglobulin kappa variable 4-1",3,3,FALSE
"P06331","HV434_HUMAN","IGHV4-34","Immunoglobulin heavy variable 4-34",2,0,FALSE
"P06396","GELS_HUMAN","GSN","Gelsolin",33,0,TRUE
"P06454","PTMA_HUMAN","PTMA","Prothymosin alpha",4,4,FALSE
"P06576","ATPB_HUMAN","ATP5F1B","ATP synthase subunit beta, mitochondrial",26,26,FALSE
"P06681","CO2_HUMAN","C2","Complement C2",11,11,FALSE
"P06702","S10A9_HUMAN","S100A9","Protein S100-A9",8,8,FALSE
"P06703","S10A6_HUMAN","S100A6","Protein S100-A6",7,7,FALSE
"P06727","APOA4_HUMAN","APOA4","Apolipoprotein A-IV",25,25,FALSE
"P06730","IF4E_HUMAN","EIF4E","Eukaryotic translation initiation factor 4E",6,6,FALSE
"P06732","KCRM_HUMAN","CKM","Creatine kinase M-type",37,0,TRUE
"P06733","ENOA_HUMAN","ENO1","Alpha-enolase",22,22,FALSE
"P06737","PYGL_HUMAN","PYGL","Glycogen phosphorylase, liver form",8,8,FALSE
"P06744","G6PI_HUMAN","GPI","Glucose-6-phosphate isomerase",28,27,FALSE
"P06748","NPM_HUMAN","NPM1","Nucleophosmin",7,7,FALSE
"P06753","TPM3_HUMAN","TPM3","Tropomyosin alpha-3 chain",15,12,FALSE
"P06756","ITAV_HUMAN","ITGAV","Integrin alpha-V",1,1,FALSE
"P06865","HEXA_HUMAN","HEXA","Beta-hexosaminidase subunit alpha",2,2,FALSE
"P07099","HYEP_HUMAN","EPHX1","Epoxide hydrolase 1",24,24,FALSE
"P07108","ACBP_HUMAN","DBI","Acyl-CoA-binding protein",8,8,FALSE
"P07195","LDHB_HUMAN","LDHB","L-lactate dehydrogenase B chain",17,17,FALSE
"P07203","GPX1_HUMAN","GPX1","Glutathione peroxidase 1",10,10,FALSE
"P07205","PGK2_HUMAN","PGK2","Phosphoglycerate kinase 2",3,3,FALSE
"P07225","PROS_HUMAN","PROS1","Vitamin K-dependent protein S",6,6,FALSE
"P07237","PDIA1_HUMAN","P4HB","Protein disulfide-isomerase",30,30,FALSE
"P07305","H10_HUMAN","H1-0","Histone H1.0",4,4,FALSE
"P07311","ACYP1_HUMAN","ACYP1","Acylphosphatase-1",1,1,FALSE
"P07339","CATD_HUMAN","CTSD","Cathepsin D",14,0,TRUE
"P07355","ANXA2_HUMAN","ANXA2","Annexin A2",29,9,FALSE
"P07357","CO8A_HUMAN","C8A","Complement component C8 alpha chain",10,10,FALSE
"P07358","CO8B_HUMAN","C8B","Complement component C8 beta chain",13,13,FALSE
"P07359","GP1BA_HUMAN","GP1BA","Platelet glycoprotein Ib alpha chain",2,2,FALSE
"P07360","CO8G_HUMAN","C8G","Complement component C8 gamma chain",3,3,FALSE
"P07384","CAN1_HUMAN","CAPN1","Calpain-1 catalytic subunit",31,31,FALSE
"P07437","TBB5_HUMAN","TUBB","Tubulin beta chain",16,3,FALSE
"P07451","CAH3_HUMAN","CA3","Carbonic anhydrase 3",20,20,FALSE
"P07585","PGS2_HUMAN","DCN","Decorin",13,12,FALSE
"P07602","SAP_HUMAN","PSAP","Prosaposin",9,9,FALSE
"P07686","HEXB_HUMAN","HEXB","Beta-hexosaminidase subunit beta",4,4,FALSE
"P07711","CATL1_HUMAN","CTSL","Cathepsin L1",1,1,FALSE
"P07737","PROF1_HUMAN","PFN1","Profilin-1",10,10,FALSE
"P07738","PMGE_HUMAN","BPGM","Bisphosphoglycerate mutase",12,12,FALSE
"P07741","APT_HUMAN","APRT","Adenine phosphoribosyltransferase",8,8,FALSE
"P07814","SYEP_HUMAN","EPRS1","Bifunctional glutamate/proline--tRNA ligase",49,48,FALSE
"P07858","CATB_HUMAN","CTSB","Cathepsin B",9,9,FALSE
"P07900","HS90A_HUMAN","HSP90AA1","Heat shock protein HSP 90-alpha",39,20,FALSE
"P07902","GALT_HUMAN","GALT","Galactose-1-phosphate uridylyltransferase",1,1,FALSE
"P07910","HNRPC_HUMAN","HNRNPC","Heterogeneous nuclear ribonucleoproteins C1/C2",5,3,FALSE
"P07919","QCR6_HUMAN","UQCRH","Cytochrome b-c1 complex subunit 6, mitochondrial",4,3,FALSE
"P07942","LAMB1_HUMAN","LAMB1","Laminin subunit beta-1",18,18,FALSE
"P07951","TPM2_HUMAN","TPM2","Tropomyosin beta chain",35,18,FALSE
"P07954","FUMH_HUMAN","FH","Fumarate hydratase, mitochondrial",22,22,FALSE
"P07996","TSP1_HUMAN","THBS1","Thrombospondin-1",28,27,FALSE
"P07998","RNAS1_HUMAN","RNASE1","Ribonuclease pancreatic",1,1,FALSE
"P08123","CO1A2_HUMAN","COL1A2","Collagen alpha-2(I) chain",21,21,FALSE
"P08133","ANXA6_HUMAN","ANXA6","Annexin A6",54,54,FALSE
"P08134","RHOC_HUMAN","RHOC","Rho-related GTP-binding protein RhoC",1,1,FALSE
"P08185","CBG_HUMAN","SERPINA6","Corticosteroid-binding globulin",4,4,FALSE
"P08237","PFKAM_HUMAN","PFKM","ATP-dependent 6-phosphofructokinase, muscle type",43,40,FALSE
"P08238","HS90B_HUMAN","HSP90AB1","Heat shock protein HSP 90-beta",24,15,FALSE
"P08240","SRPRA_HUMAN","SRPRA","Signal recognition particle receptor subunit alpha",3,3,FALSE
"P08246","ELNE_HUMAN","ELANE","Neutrophil elastase",2,2,FALSE
"P08253","MMP2_HUMAN","MMP2","72 kDa type IV collagenase",2,2,FALSE
"P08294","SODE_HUMAN","SOD3","Extracellular superoxide dismutase [Cu-Zn]",9,9,FALSE
"P08311","CATG_HUMAN","CTSG","Cathepsin G",4,0,TRUE
"P08397","HEM3_HUMAN","HMBS","Porphobilinogen deaminase",8,8,FALSE
"P08473","NEP_HUMAN","MME","Neprilysin",10,10,FALSE
"P08514","ITA2B_HUMAN","ITGA2B","Integrin alpha-IIb",6,6,FALSE
"P08519","APOA_HUMAN","LPA","Apolipoprotein(a)",6,6,FALSE
"P08559","ODPA_HUMAN","PDHA1","Pyruvate dehydrogenase E1 component subunit alpha, somatic form, mitochondrial",23,20,FALSE
"P08567","PLEK_HUMAN","PLEK","Pleckstrin",3,3,FALSE
"P08571","CD14_HUMAN","CD14","Monocyte differentiation antigen CD14",1,1,FALSE
"P08572","CO4A2_HUMAN","COL4A2","Collagen alpha-2(IV) chain",11,11,FALSE
"P08574","CY1_HUMAN","CYC1","Cytochrome c1, heme protein, mitochondrial",11,11,FALSE
"P08579","RU2B_HUMAN","SNRPB2","U2 small nuclear ribonucleoprotein B''",1,1,FALSE
"P08590","MYL3_HUMAN","MYL3","Myosin light chain 3",15,14,FALSE
"P08603","CFAH_HUMAN","CFH","Complement factor H",46,44,FALSE
"P08621","RU17_HUMAN","SNRNP70","U1 small nuclear ribonucleoprotein 70 kDa",3,3,FALSE
"P08651","NFIC_HUMAN","NFIC","Nuclear factor 1 C-type",2,2,FALSE
"P08670","VIME_HUMAN","VIM","Vimentin",34,30,FALSE
"P08697","A2AP_HUMAN","SERPINF2","Alpha-2-antiplasmin",11,11,FALSE
"P08708","RS17_HUMAN","RPS17","40S ribosomal protein S17",7,7,FALSE
"P08754","GNAI3_HUMAN","GNAI3","Guanine nucleotide-binding protein G(i) subunit alpha",2,2,FALSE
"P08758","ANXA5_HUMAN","ANXA5","Annexin A5",23,0,TRUE
"P08779","K1C16_HUMAN","KRT16","Keratin, type I cytoskeletal 16",2,2,FALSE
"P08865","RSSA_HUMAN","RPSA","40S ribosomal protein SA",11,11,FALSE
"P08962","CD63_HUMAN","CD63","CD63 antigen",1,1,FALSE
"P09001","RM03_HUMAN","MRPL3","39S ribosomal protein L3, mitochondrial",1,1,FALSE
"P09012","SNRPA_HUMAN","SNRPA","U1 small nuclear ribonucleoprotein A",1,1,FALSE
"P09104","ENOG_HUMAN","ENO2","Gamma-enolase",10,10,FALSE
"P09105","HBAT_HUMAN","HBQ1","Hemoglobin subunit theta-1",6,6,FALSE
"P09110","THIK_HUMAN","ACAA1","3-ketoacyl-CoA thiolase, peroxisomal",12,12,FALSE
"P09132","SRP19_HUMAN","SRP19","Signal recognition particle 19 kDa protein",1,1,FALSE
"P09211","GSTP1_HUMAN","GSTP1","Glutathione S-transferase P",15,0,TRUE
"P09382","LEG1_HUMAN","LGALS1","Galectin-1",11,11,FALSE
"P09417","DHPR_HUMAN","QDPR","Dihydropteridine reductase",14,14,FALSE
"P09429","HMGB1_HUMAN","HMGB1","High mobility group protein B1",9,3,FALSE
"P09455","RET1_HUMAN","RBP1","Retinol-binding protein 1",8,8,FALSE
"P09486","SPRC_HUMAN","SPARC","SPARC",5,5,FALSE
"P09488","GSTM1_HUMAN","GSTM1","Glutathione S-transferase Mu 1",6,4,FALSE
"P09493","TPM1_HUMAN","TPM1","Tropomyosin alpha-1 chain",21,14,FALSE
"P09496","CLCA_HUMAN","CLTA","Clathrin light chain A",3,3,FALSE
"P09497","CLCB_HUMAN","CLTB","Clathrin light chain B",6,6,FALSE
"P09525","ANXA4_HUMAN","ANXA4","Annexin A4",18,18,FALSE
"P09543","CN37_HUMAN","CNP","2',3'-cyclic-nucleotide 3'-phosphodiesterase",4,4,FALSE
"P09601","HMOX1_HUMAN","HMOX1","Heme oxygenase 1",4,4,FALSE
"P09619","PGFRB_HUMAN","PDGFRB","Platelet-derived growth factor receptor beta",2,2,FALSE
"P09622","DLDH_HUMAN","DLD","Dihydrolipoyl dehydrogenase, mitochondrial",18,18,FALSE
"P09651","ROA1_HUMAN","HNRNPA1","Heterogeneous nuclear ribonucleoprotein A1",9,3,FALSE
"P09669","COX6C_HUMAN","COX6C","Cytochrome c oxidase subunit 6C",3,3,FALSE
"P09871","C1S_HUMAN","C1S","Complement C1s subcomponent",14,14,FALSE
"P09874","PARP1_HUMAN","PARP1","Poly [ADP-ribose] polymerase 1",23,23,FALSE
"P09936","UCHL1_HUMAN","UCHL1","Ubiquitin carboxyl-terminal hydrolase isozyme L1",9,9,FALSE
"P09960","LKHA4_HUMAN","LTA4H","Leukotriene A-4 hydrolase",29,29,FALSE
"P09972","ALDOC_HUMAN","ALDOC","Fructose-bisphosphate aldolase C",20,13,FALSE
"P0C0L4","CO4A_HUMAN","C4A","Complement C4-A",3,3,FALSE
"P0C0L5","CO4B_HUMAN","C4B","Complement C4-B",63,2,FALSE
"P0C0S5","H2AV_HUMAN","H2AFV","Histone H2A.Z",4,0,FALSE
"P0C7P0","CISD3_HUMAN","CISD3","CDGSH iron-sulfur domain-containing protein 3, mitochondrial",2,2,FALSE
"P0C870","JMJD7_HUMAN","JMJD7","Bifunctional peptidase and (3S)-lysyl hydroxylase JMJD7",1,1,FALSE
"P0CG30","GSTT2_HUMAN","GSTT2B","Glutathione S-transferase theta-2B",9,1,FALSE
"P0CW19","LIMS3_HUMAN","LIMS3","LIM and senescent cell antigen-like-containing domain protein 3",2,0,FALSE
"P0DJ93","SIM13_HUMAN","SMIM13","Small integral membrane protein 13",2,2,FALSE
"P0DJI8","SAA1_HUMAN","SAA1","Serum amyloid A-1 protein",1,1,FALSE
"P0DMM9","ST1A3_HUMAN","SULT1A3","Sulfotransferase 1A3",2,0,FALSE
"P0DMV8","HS71A_HUMAN","HSPA1A","Heat shock 70 kDa protein 1A",22,0,FALSE
"P0DN76","U2AF1_HUMAN","U2AF1","Splicing factor U2AF 35 kDa subunit-like protein",2,0,FALSE
"P0DOY2","IGLC2_HUMAN","IGLC2","Immunoglobulin lambda constant 2",2,0,FALSE
"P0DP23","CALM1_HUMAN","CALM1","Calmodulin-1",11,0,FALSE
"P10109","ADX_HUMAN","FDX1","Adrenodoxin, mitochondrial",2,2,FALSE
"P10155","RO60_HUMAN","RO60","60 kDa SS-A/Ro ribonucleoprotein",5,5,FALSE
"P10176","COX8A_HUMAN","COX8A","Cytochrome c oxidase subunit 8A, mitochondrial",1,1,FALSE
"P10253","LYAG_HUMAN","GAA","Lysosomal alpha-glucosidase",8,8,FALSE
"P10301","RRAS_HUMAN","RRAS","Ras-related protein R-Ras",10,8,FALSE
"P10321","HLAC_HUMAN","HLA-C","HLA class I histocompatibility antigen, C alpha chain",3,3,FALSE
"P10398","ARAF_HUMAN","ARAF","Serine/threonine-protein kinase A-Raf",7,6,FALSE
"P10412","H14_HUMAN","H1-4","Histone H1.4",1,1,FALSE
"P10415","BCL2_HUMAN","BCL2","Apoptosis regulator Bcl-2",2,2,FALSE
"P10515","ODP2_HUMAN","DLAT","Dihydrolipoyllysine-residue acetyltransferase component of pyruvate dehydrogenase complex, mitochondrial",20,20,FALSE
"P10599","THIO_HUMAN","TXN","Thioredoxin",6,0,TRUE
"P10606","COX5B_HUMAN","COX5B","Cytochrome c oxidase subunit 5B, mitochondrial",8,8,FALSE
"P10619","PPGB_HUMAN","CTSA","Lysosomal protective protein",2,2,FALSE
"P10620","MGST1_HUMAN","MGST1","Microsomal glutathione S-transferase 1",1,1,FALSE
"P10636","TAU_HUMAN","MAPT","Microtubule-associated protein tau",32,0,TRUE
"P10643","CO7_HUMAN","C7","Complement component C7",12,12,FALSE
"P10644","KAP0_HUMAN","PRKAR1A","cAMP-dependent protein kinase type I-alpha regulatory subunit",20,18,FALSE
"P10746","HEM4_HUMAN","UROS","Uroporphyrinogen-III synthase",4,4,FALSE
"P10768","ESTD_HUMAN","ESD","S-formylglutathione hydrolase",14,14,FALSE
"P10809","CH60_HUMAN","HSPD1","60 kDa heat shock protein, mitochondrial",38,38,FALSE
"P10909","CLUS_HUMAN","CLU","Clusterin",11,11,FALSE
"P10916","MLRV_HUMAN","MYL2","Myosin regulatory light chain 2, ventricular/cardiac muscle isoform",16,14,FALSE
"P11021","BIP_HUMAN","HSPA5","Endoplasmic reticulum chaperone BiP",34,31,FALSE
"P11047","LAMC1_HUMAN","LAMC1","Laminin subunit gamma-1",37,36,FALSE
"P11055","MYH3_HUMAN","MYH3","Myosin-3",3,3,FALSE
"P11142","HSP7C_HUMAN","HSPA8","Heat shock cognate 71 kDa protein",35,24,FALSE
"P11166","GTR1_HUMAN","SLC2A1","Solute carrier family 2, facilitated glucose transporter member 1",5,5,FALSE
"P11169","GTR14_HUMAN","SLC2A14","Solute carrier family 2, facilitated glucose transporter member 3",1,0,FALSE
"P11171","41_HUMAN","EPB41","Protein 4.1",25,21,FALSE
"P11177","ODPB_HUMAN","PDHB","Pyruvate dehydrogenase E1 component subunit beta, mitochondrial",18,18,FALSE
"P11182","ODB2_HUMAN","DBT","Lipoamide acyltransferase component of branched-chain alpha-keto acid dehydrogenase complex, mitochondrial",15,15,FALSE
"P11215","ITAM_HUMAN","ITGAM","Integrin alpha-M",1,1,FALSE
"P11216","PYGB_HUMAN","PYGB","Glycogen phosphorylase, brain form",12,12,FALSE
"P11217","PYGM_HUMAN","PYGM","Glycogen phosphorylase, muscle form",70,51,FALSE
"P11233","RALA_HUMAN","RALA","Ras-related protein Ral-A",7,5,FALSE
"P11234","RALB_HUMAN","RALB","Ras-related protein Ral-B",2,2,FALSE
"P11277","SPTB1_HUMAN","SPTB","Spectrin beta chain, erythrocytic",97,92,FALSE
"P11279","LAMP1_HUMAN","LAMP1","Lysosome-associated membrane glycoprotein 1",5,5,FALSE
"P11310","ACADM_HUMAN","ACADM","Medium-chain specific acyl-CoA dehydrogenase, mitochondrial",22,22,FALSE
"P11413","G6PD_HUMAN","G6PD","Glucose-6-phosphate 1-dehydrogenase",10,10,FALSE
"P11441","UBL4A_HUMAN","UBL4A","Ubiquitin-like protein 4A",2,2,FALSE
"P11498","PYC_HUMAN","PC","Pyruvate carboxylase, mitochondrial",15,15,FALSE
"P11532","DMD_HUMAN","DMD","Dystrophin",148,146,FALSE
"P11586","C1TC_HUMAN","MTHFD1","C-1-tetrahydrofolate synthase, cytoplasmic",44,44,FALSE
"P11717","MPRI_HUMAN","IGF2R","Cation-independent mannose-6-phosphate receptor",5,5,FALSE
"P11766","ADHX_HUMAN","ADH5","Alcohol dehydrogenase class-3",17,17,FALSE
"P11908","PRPS2_HUMAN","PRPS2","Ribose-phosphate pyrophosphokinase 2",1,1,FALSE
"P11940","PABP1_HUMAN","PABPC1","Polyadenylate-binding protein 1",5,2,FALSE
"P12004","PCNA_HUMAN","PCNA","Proliferating cell nuclear antigen",4,4,FALSE
"P12081","HARS1_HUMAN","HARS1","Histidine--tRNA ligase, cytoplasmic",9,0,TRUE
"P12109","CO6A1_HUMAN","COL6A1","Collagen alpha-1(VI) chain",24,24,FALSE
"P12110","CO6A2_HUMAN","COL6A2","Collagen alpha-2(VI) chain",19,19,FALSE
"P12111","CO6A3_HUMAN","COL6A3","Collagen alpha-3(VI) chain",78,78,FALSE
"P12235","ADT1_HUMAN","SLC25A4","ADP/ATP translocase 1",23,8,FALSE
"P12236","ADT3_HUMAN","SLC25A6","ADP/ATP translocase 3",4,2,FALSE
"P12268","IMDH2_HUMAN","IMPDH2","Inosine-5'-monophosphate dehydrogenase 2",17,15,FALSE
"P12270","TPR_HUMAN","TPR","Nucleoprotein TPR",7,7,FALSE
"P12277","KCRB_HUMAN","CKB","Creatine kinase B-type",20,18,FALSE
"P12429","ANXA3_HUMAN","ANXA3","Annexin A3",17,17,FALSE
"P12532","KCRU_HUMAN","CKMT1A","Creatine kinase U-type, mitochondrial",1,1,FALSE
"P12694","ODBA_HUMAN","BCKDHA","2-oxoisovalerate dehydrogenase subunit alpha, mitochondrial",11,11,FALSE
"P12724","ECP_HUMAN","RNASE3","Eosinophil cationic protein",2,2,FALSE
"P12814","ACTN1_HUMAN","ACTN1","Alpha-actinin-1",14,14,FALSE
"P12821","ACE_HUMAN","ACE","Angiotensin-converting enzyme",2,2,FALSE
"P12829","MYL4_HUMAN","MYL4","Myosin light chain 4",2,2,FALSE
"P12882","MYH1_HUMAN","MYH1","Myosin-1",60,38,FALSE
"P12883","MYH7_HUMAN","MYH7","Myosin-7",162,55,FALSE
"P12931","SRC_HUMAN","SRC","Proto-oncogene tyrosine-protein kinase Src",1,1,FALSE
"P12955","PEPD_HUMAN","PEPD","Xaa-Pro dipeptidase",15,15,FALSE
"P12956","XRCC6_HUMAN","XRCC6","X-ray repair cross-complementing protein 6",19,19,FALSE
"P13010","XRCC5_HUMAN","XRCC5","X-ray repair cross-complementing protein 5",18,18,FALSE
"P13073","COX41_HUMAN","COX4I1","Cytochrome c oxidase subunit 4 isoform 1, mitochondrial",10,10,FALSE
"P13473","LAMP2_HUMAN","LAMP2","Lysosome-associated membrane glycoprotein 2",5,5,FALSE
"P13489","RINI_HUMAN","RNH1","Ribonuclease inhibitor",23,23,FALSE
"P13533","MYH6_HUMAN","MYH6","Myosin-6",5,5,FALSE
"P13535","MYH8_HUMAN","MYH8","Myosin-8",13,12,FALSE
"P13591","NCAM1_HUMAN","NCAM1","Neural cell adhesion molecule 1",5,5,FALSE
"P13611","CSPG2_HUMAN","VCAN","Versican core protein",7,7,FALSE
"P13639","EF2_HUMAN","EEF2","Elongation factor 2",47,46,FALSE
"P13645","K1C10_HUMAN","KRT10","Keratin, type I cytoskeletal 10",19,0,TRUE
"P13646","K1C13_HUMAN","KRT13","Keratin, type I cytoskeletal 13",3,2,FALSE
"P13647","K2C5_HUMAN","KRT5","Keratin, type II cytoskeletal 5",6,2,FALSE
"P13667","PDIA4_HUMAN","PDIA4","Protein disulfide-isomerase A4",14,14,FALSE
"P13671","CO6_HUMAN","C6","Complement component C6",11,11,FALSE
"P13674","P4HA1_HUMAN","P4HA1","Prolyl 4-hydroxylase subunit alpha-1",4,4,FALSE
"P13693","TCTP_HUMAN","TPT1","Translationally-controlled tumor protein",9,8,FALSE
"P13716","HEM2_HUMAN","ALAD","Delta-aminolevulinic acid dehydratase",15,15,FALSE
"P13762","DRB4_HUMAN","HLA-DRB4","HLA class II histocompatibility antigen, DR beta 4 chain",1,1,FALSE
"P13796","PLSL_HUMAN","LCP1","Plastin-2",11,11,FALSE
"P13797","PLST_HUMAN","PLS3","Plastin-3",20,15,FALSE
"P13798","ACPH_HUMAN","APEH","Acylamino-acid-releasing enzyme",21,21,FALSE
"P13804","ETFA_HUMAN","ETFA","Electron transfer flavoprotein subunit alpha, mitochondrial",18,18,FALSE
"P13805","TNNT1_HUMAN","TNNT1","Troponin T, slow skeletal muscle",11,9,FALSE
"P13807","GYS1_HUMAN","GYS1","Glycogen [starch] synthase, muscle",31,30,FALSE
"P13861","KAP2_HUMAN","PRKAR2A","cAMP-dependent protein kinase type II-alpha regulatory subunit",25,22,FALSE
"P13929","ENOB_HUMAN","ENO3","Beta-enolase",31,26,FALSE
"P13987","CD59_HUMAN","CD59","CD59 glycoprotein",5,5,FALSE
"P14136","GFAP_HUMAN","GFAP","Glial fibrillary acidic protein",1,0,FALSE
"P14174","MIF_HUMAN","MIF","Macrophage migration inhibitory factor",3,3,FALSE
"P14207","FOLR2_HUMAN","FOLR2","Folate receptor beta",2,1,FALSE
"P14209","CD99_HUMAN","CD99","CD99 antigen",2,2,FALSE
"P14314","GLU2B_HUMAN","PRKCSH","Glucosidase 2 subunit beta",16,16,FALSE
"P14317","HCLS1_HUMAN","HCLS1","Hematopoietic lineage cell-specific protein",2,2,FALSE
"P14324","FPPS_HUMAN","FDPS","Farnesyl pyrophosphate synthase",6,6,FALSE
"P14384","CBPM_HUMAN","CPM","Carboxypeptidase M",2,2,FALSE
"P14406","CX7A2_HUMAN","COX7A2","Cytochrome c oxidase subunit 7A2, mitochondrial",2,2,FALSE
"P14543","NID1_HUMAN","NID1","Nidogen-1",26,26,FALSE
"P14550","AK1A1_HUMAN","AKR1A1","Aldo-keto reductase family 1 member A1",16,16,FALSE
"P14618","KPYM_HUMAN","PKM","Pyruvate kinase PKM",47,46,FALSE
"P14621","ACYP2_HUMAN","ACYP2","Acylphosphatase-2",11,11,FALSE
"P14625","ENPL_HUMAN","HSP90B1","Endoplasmin",29,25,FALSE
"P14649","MYL6B_HUMAN","MYL6B","Myosin light chain 6B",14,12,FALSE
"P14672","GLUT4_HUMAN","SLC2A4","Solute carrier family 2, facilitated glucose transporter member 4",3,3,FALSE
"P14735","IDE_HUMAN","IDE","Insulin-degrading enzyme",25,25,FALSE
"P14854","CX6B1_HUMAN","COX6B1","Cytochrome c oxidase subunit 6B1",8,8,FALSE
"P14866","HNRPL_HUMAN","HNRNPL","Heterogeneous nuclear ribonucleoprotein L",10,10,FALSE
"P14868","SYDC_HUMAN","DARS1","Aspartate--tRNA ligase, cytoplasmic",27,27,FALSE
"P14927","QCR7_HUMAN","UQCRB","Cytochrome b-c1 complex subunit 7",9,9,FALSE
"P15088","CBPA3_HUMAN","CPA3","Mast cell carboxypeptidase A",8,8,FALSE
"P15090","FABP4_HUMAN","FABP4","Fatty acid-binding protein, adipocyte",7,6,FALSE
"P15104","GLNA_HUMAN","GLUL","Glutamine synthetase",9,9,FALSE
"P15121","ALDR_HUMAN","AKR1B1","Aldo-keto reductase family 1 member B1",21,20,FALSE
"P15144","AMPN_HUMAN","ANPEP","Aminopeptidase N",3,3,FALSE
"P15153","RAC2_HUMAN","RAC2","Ras-related C3 botulinum toxin substrate 2",1,1,FALSE
"P15169","CBPN_HUMAN","CPN1","Carboxypeptidase N catalytic chain",2,2,FALSE
"P15170","ERF3A_HUMAN","GSPT1","Eukaryotic peptide chain release factor GTP-binding subunit ERF3A",16,8,FALSE
"P15259","PGAM2_HUMAN","PGAM2","Phosphoglycerate mutase 2",23,15,FALSE
"P15311","EZRI_HUMAN","EZR","Ezrin",16,16,FALSE
"P15374","UCHL3_HUMAN","UCHL3","Ubiquitin carboxyl-terminal hydrolase isozyme L3",11,11,FALSE
"P15531","NDKA_HUMAN","NME1","Nucleoside diphosphate kinase A",10,5,FALSE
"P15559","NQO1_HUMAN","NQO1","NAD(P)H dehydrogenase [quinone] 1",1,0,TRUE
"P15880","RS2_HUMAN","RPS2","40S ribosomal protein S2",14,14,FALSE
"P15927","RFA2_HUMAN","RPA2","Replication protein A 32 kDa subunit",2,2,FALSE
"P15954","COX7C_HUMAN","COX7C","Cytochrome c oxidase subunit 7C, mitochondrial",3,3,FALSE
"P16070","CD44_HUMAN","CD44","CD44 antigen",6,6,FALSE
"P16083","NQO2_HUMAN","NQO2","Ribosyldihydronicotinamide dehydrogenase [quinone]",10,0,TRUE
"P16118","F261_HUMAN","PFKFB1","6-phosphofructo-2-kinase/fructose-2,6-bisphosphatase 1",22,14,FALSE
"P16144","ITB4_HUMAN","ITGB4","Integrin beta-4",2,2,FALSE
"P16152","CBR1_HUMAN","CBR1","Carbonyl reductase [NADPH] 1",19,17,FALSE
"P16157","ANK1_HUMAN","ANK1","Ankyrin-1",67,64,FALSE
"P16219","ACADS_HUMAN","ACADS","Short-chain specific acyl-CoA dehydrogenase, mitochondrial",18,18,FALSE
"P16284","PECA1_HUMAN","PECAM1","Platelet endothelial cell adhesion molecule",8,8,FALSE
"P16298","PP2BB_HUMAN","PPP3CB","Serine/threonine-protein phosphatase 2B catalytic subunit beta isoform",18,11,FALSE
"P16333","NCK1_HUMAN","NCK1","Cytoplasmic protein NCK1",4,4,FALSE
"P16401","H15_HUMAN","H1-5","Histone H1.5",4,2,FALSE
"P16403","H12_HUMAN","H1-2","Histone H1.2",4,1,FALSE
"P16435","NCPR_HUMAN","POR","NADPH--cytochrome P450 reductase",2,2,FALSE
"P16452","EPB42_HUMAN","EPB42","Erythrocyte membrane protein band 4.2",19,19,FALSE
"P16455","MGMT_HUMAN","MGMT","Methylated-DNA--protein-cysteine methyltransferase",3,3,FALSE
"P16615","AT2A2_HUMAN","ATP2A2","Sarcoplasmic/endoplasmic reticulum calcium ATPase 2",40,37,FALSE
"P16671","CD36_HUMAN","CD36","Platelet glycoprotein 4",9,9,FALSE
"P16930","FAAA_HUMAN","FAH","Fumarylacetoacetase",13,13,FALSE
"P16949","STMN1_HUMAN","STMN1","Stathmin",4,3,FALSE
"P16989","YBOX3_HUMAN","YBX3","Y-box-binding protein 3",4,4,FALSE
"P17152","TMM11_HUMAN","TMEM11","Transmembrane protein 11, mitochondrial",5,5,FALSE
"P17174","AATC_HUMAN","GOT1","Aspartate aminotransferase, cytoplasmic",24,24,FALSE
"P17213","BPI_HUMAN","BPI","Bactericidal permeability-increasing protein",1,1,FALSE
"P17540","KCRS_HUMAN","CKMT2","Creatine kinase S-type, mitochondrial",26,20,FALSE
"P17568","NDUB7_HUMAN","NDUFB7","NADH dehydrogenase [ubiquinone] 1 beta subcomplex subunit 7",7,7,FALSE
"P17612","KAPCA_HUMAN","PRKACA","cAMP-dependent protein kinase catalytic subunit alpha",16,5,FALSE
"P17655","CAN2_HUMAN","CAPN2","Calpain-2 catalytic subunit",26,26,FALSE
"P17661","DESM_HUMAN","DES","Desmin",40,36,FALSE
"P17812","PYRG1_HUMAN","CTPS1","CTP synthase 1",7,5,FALSE
"P17813","EGLN_HUMAN","ENG","Endoglin",1,1,FALSE
"P17844","DDX5_HUMAN","DDX5","Probable ATP-dependent RNA helicase DDX5",2,2,FALSE
"P17858","PFKAL_HUMAN","PFKL","ATP-dependent 6-phosphofructokinase, liver type",7,6,FALSE
"P17931","LEG3_HUMAN","LGALS3","Galectin-3",6,6,FALSE
"P17936","IBP3_HUMAN","IGFBP3","Insulin-like growth factor-binding protein 3",1,1,FALSE
"P17980","PRS6A_HUMAN","PSMC3","26S proteasome regulatory subunit 6A",22,22,FALSE
"P17987","TCPA_HUMAN","TCP1","T-complex protein 1 subunit alpha",29,29,FALSE
"P18031","PTN1_HUMAN","PTPN1","Tyrosine-protein phosphatase non-receptor type 1",5,5,FALSE
"P18077","RL35A_HUMAN","RPL35A","60S ribosomal protein L35a",4,4,FALSE
"P18084","ITB5_HUMAN","ITGB5","Integrin beta-5",1,1,FALSE
"P18085","ARF4_HUMAN","ARF4","ADP-ribosylation factor 4",8,5,FALSE
"P18124","RL7_HUMAN","RPL7","60S ribosomal protein L7",9,9,FALSE
"P18206","VINC_HUMAN","VCL","Vinculin",75,75,FALSE
"P18428","LBP_HUMAN","LBP","Lipopolysaccharide-binding protein",1,1,FALSE
"P18621","RL17_HUMAN","RPL17","60S ribosomal protein L17",5,5,FALSE
"P18669","PGAM1_HUMAN","PGAM1","Phosphoglycerate mutase 1",9,6,FALSE
"P18754","RCC1_HUMAN","RCC1","Regulator of chromosome condensation",3,3,FALSE
"P18859","ATP5J_HUMAN","ATP5PF","ATP synthase-coupling factor 6, mitochondrial",6,6,FALSE
"P19237","TNNI1_HUMAN","TNNI1","Troponin I, slow skeletal muscle",11,11,FALSE
"P19256","LFA3_HUMAN","CD58","Lymphocyte function-associated antigen 3",1,1,FALSE
"P19338","NUCL_HUMAN","NCL","Nucleolin",15,15,FALSE
"P19367","HXK1_HUMAN","HK1","Hexokinase-1",42,34,FALSE
"P19404","NDUV2_HUMAN","NDUFV2","NADH dehydrogenase [ubiquinone] flavoprotein 2, mitochondrial",12,12,FALSE
"P19623","SPEE_HUMAN","SRM","Spermidine synthase",5,5,FALSE
"P19652","A1AG2_HUMAN","ORM2","Alpha-1-acid glycoprotein 2",10,7,FALSE
"P19823","ITIH2_HUMAN","ITIH2","Inter-alpha-trypsin inhibitor heavy chain H2",18,18,FALSE
"P19827","ITIH1_HUMAN","ITIH1","Inter-alpha-trypsin inhibitor heavy chain H1",17,17,FALSE
"P19838","NFKB1_HUMAN","NFKB1","Nuclear factor NF-kappa-B p105 subunit",2,2,FALSE
"P19971","TYPH_HUMAN","TYMP","Thymidine phosphorylase",8,8,FALSE
"P20020","AT2B1_HUMAN","ATP2B1","Plasma membrane calcium-transporting ATPase 1",10,6,FALSE
"P20036","DPA1_HUMAN","HLA-DPA1","HLA class II histocompatibility antigen, DP alpha 1 chain",1,1,FALSE
"P20042","IF2B_HUMAN","EIF2S2","Eukaryotic translation initiation factor 2 subunit 2",12,12,FALSE
"P20073","ANXA7_HUMAN","ANXA7","Annexin A7",24,24,FALSE
"P20231","TRYB1_HUMAN","TPSAB1","Tryptase beta-2",7,0,FALSE
"P20290","BTF3_HUMAN","BTF3","Transcription factor BTF3",4,4,FALSE
"P20336","RAB3A_HUMAN","RAB3A","Ras-related protein Rab-3A",1,1,FALSE
"P20338","RAB4A_HUMAN","RAB4A","Ras-related protein Rab-4A",1,0,FALSE
"P20339","RAB5A_HUMAN","RAB5A","Ras-related protein Rab-5A",3,3,FALSE
"P20340","RAB6A_HUMAN","RAB6A","Ras-related protein Rab-6A",8,4,FALSE
"P20472","PRVA_HUMAN","PVALB","Parvalbumin alpha",8,8,FALSE
"P20591","MX1_HUMAN","MX1","Interferon-induced GTP-binding protein Mx1",3,2,FALSE
"P20618","PSB1_HUMAN","PSMB1","Proteasome subunit beta type-1",10,10,FALSE
"P20674","COX5A_HUMAN","COX5A","Cytochrome c oxidase subunit 5A, mitochondrial",5,5,FALSE
"P20700","LMNB1_HUMAN","LMNB1","Lamin-B1",2,2,FALSE
"P20742","PZP_HUMAN","PZP","Pregnancy zone protein",19,19,FALSE
"P20774","MIME_HUMAN","OGN","Mimecan",10,10,FALSE
"P20807","CAN3_HUMAN","CAPN3","Calpain-3",34,34,FALSE
"P20810","ICAL_HUMAN","CAST","Calpastatin",22,22,FALSE
"P20851","C4BPB_HUMAN","C4BPB","C4b-binding protein beta chain",2,2,FALSE
"P20908","CO5A1_HUMAN","COL5A1","Collagen alpha-1(V) chain",1,1,FALSE
"P20929","NEBU_HUMAN","NEB","Nebulin",419,418,FALSE
"P20962","PTMS_HUMAN","PTMS","Parathymosin",4,4,FALSE
"P21266","GSTM3_HUMAN","GSTM3","Glutathione S-transferase Mu 3",23,22,FALSE
"P21281","VATB2_HUMAN","ATP6V1B2","V-type proton ATPase subunit B, brain isoform",13,8,FALSE
"P21291","CSRP1_HUMAN","CSRP1","Cysteine and glycine-rich protein 1",9,9,FALSE
"P21333","FLNA_HUMAN","FLNA","Filamin-A",96,96,FALSE
"P21397","AOFA_HUMAN","MAOA","Amine oxidase [flavin-containing] A",14,14,FALSE
"P21399","ACOC_HUMAN","ACO1","Cytoplasmic aconitate hydratase",34,33,FALSE
"P21589","5NTD_HUMAN","NT5E","5'-nucleotidase",4,4,FALSE
"P21695","GPDA_HUMAN","GPD1","Glycerol-3-phosphate dehydrogenase [NAD(+)], cytoplasmic",25,24,FALSE
"P21796","VDAC1_HUMAN","VDAC1","Voltage-dependent anion-selective channel protein 1",20,20,FALSE
"P21810","PGS1_HUMAN","BGN","Biglycan",7,7,FALSE
"P21817","RYR1_HUMAN","RYR1","Ryanodine receptor 1",209,194,FALSE
"P21912","SDHB_HUMAN","SDHB","Succinate dehydrogenase [ubiquinone] iron-sulfur subunit, mitochondrial",18,18,FALSE
"P21926","CD9_HUMAN","CD9","CD9 antigen",4,4,FALSE
"P21953","ODBB_HUMAN","BCKDHB","2-oxoisovalerate dehydrogenase subunit beta, mitochondrial",7,7,FALSE
"P21964","COMT_HUMAN","COMT","Catechol O-methyltransferase",13,13,FALSE
"P21980","TGM2_HUMAN","TGM2","Protein-glutamine gamma-glutamyltransferase 2",11,10,FALSE
"P22033","MUTA_HUMAN","MMUT","Methylmalonyl-CoA mutase, mitochondrial",15,15,FALSE
"P22059","OSBP1_HUMAN","OSBP","Oxysterol-binding protein 1",19,17,FALSE
"P22061","PIMT_HUMAN","PCMT1","Protein-L-isoaspartate(D-aspartate) O-methyltransferase",14,14,FALSE
"P22087","FBLL1_HUMAN","FBL","rRNA/tRNA 2'-O-methyltransferase fibrillarin-like protein 1",3,0,FALSE
"P22102","PUR2_HUMAN","GART","Trifunctional purine biosynthetic protein adenosine-3",18,18,FALSE
"P22105","TENX_HUMAN","TNXB","Tenascin-X",43,38,FALSE
"P22234","PUR6_HUMAN","PAICS","Multifunctional protein ADE2",11,11,FALSE
"P22303","ACES_HUMAN","ACHE","Acetylcholinesterase",3,3,FALSE
"P22307","NLTP_HUMAN","SCP2","Non-specific lipid-transfer protein",11,11,FALSE
"P22314","UBA1_HUMAN","UBA1","Ubiquitin-like modifier-activating enzyme 1",53,53,FALSE
"P22352","GPX3_HUMAN","GPX3","Glutathione peroxidase 3",6,6,FALSE
"P22392","NDKB_HUMAN","NME2","Nucleoside diphosphate kinase B",7,2,FALSE
"P22570","ADRO_HUMAN","FDXR","NADPH:adrenodoxin oxidoreductase, mitochondrial",4,4,FALSE
"P22612","KAPCG_HUMAN","PRKACG","cAMP-dependent protein kinase catalytic subunit gamma",1,1,FALSE
"P22626","ROA2_HUMAN","HNRNPA2B1","Heterogeneous nuclear ribonucleoproteins A2/B1",18,17,FALSE
"P22676","CALB2_HUMAN","CALB2","Calretinin",5,4,FALSE
"P22694","KAPCB_HUMAN","PRKACB","cAMP-dependent protein kinase catalytic subunit beta",1,1,FALSE
"P22695","QCR2_HUMAN","UQCRC2","Cytochrome b-c1 complex subunit 2, mitochondrial",21,21,FALSE
"P22748","CAH4_HUMAN","CA4","Carbonic anhydrase 4",2,2,FALSE
"P22792","CPN2_HUMAN","CPN2","Carboxypeptidase N subunit 2",5,5,FALSE
"P22830","HEMH_HUMAN","FECH","Ferrochelatase, mitochondrial",16,16,FALSE
"P22897","MRC1_HUMAN","MRC1","Macrophage mannose receptor 1",7,7,FALSE
"P23083","HV102_HUMAN","IGHV1-2","Immunoglobulin heavy variable 1-2",2,1,FALSE
"P23109","AMPD1_HUMAN","AMPD1","AMP deaminase 1",39,35,FALSE
"P23141","EST1_HUMAN","CES1","Liver carboxylesterase 1",16,15,FALSE
"P23142","FBLN1_HUMAN","FBLN1","Fibulin-1",14,14,FALSE
"P23229","ITA6_HUMAN","ITGA6","Integrin alpha-6",6,6,FALSE
"P23246","SFPQ_HUMAN","SFPQ","Splicing factor, proline- and glutamine-rich",9,9,FALSE
"P23258","TBG1_HUMAN","TUBG1","Tubulin gamma-1 chain",1,0,FALSE
"P23276","KELL_HUMAN","KEL","Kell blood group glycoprotein",1,1,FALSE
"P23284","PPIB_HUMAN","PPIB","Peptidyl-prolyl cis-trans isomerase B",8,8,FALSE
"P23297","S10A1_HUMAN","S100A1","Protein S100-A1",3,3,FALSE
"P23327","SRCH_HUMAN","HRC","Sarcoplasmic reticulum histidine-rich calcium-binding protein",27,27,FALSE
"P23352","KALM_HUMAN","ANOS1","Anosmin-1",1,1,FALSE
"P23368","MAOM_HUMAN","ME2","NAD-dependent malic enzyme, mitochondrial",19,18,FALSE
"P23381","SYWC_HUMAN","WARS1","Tryptophan--tRNA ligase, cytoplasmic",18,18,FALSE
"P23396","RS3_HUMAN","RPS3","40S ribosomal protein S3",16,16,FALSE
"P23434","GCSH_HUMAN","GCSH","Glycine cleavage system H protein, mitochondrial",2,2,FALSE
"P23443","KS6B1_HUMAN","RPS6KB1","Ribosomal protein S6 kinase beta-1",2,2,FALSE
"P23526","SAHH_HUMAN","AHCY","Adenosylhomocysteinase",17,17,FALSE
"P23528","COF1_HUMAN","CFL1","Cofilin-1",10,10,FALSE
"P23588","IF4B_HUMAN","EIF4B","Eukaryotic translation initiation factor 4B",10,10,FALSE
"P23634","AT2B4_HUMAN","ATP2B4","Plasma membrane calcium-transporting ATPase 4",6,6,FALSE
"P23786","CPT2_HUMAN","CPT2","Carnitine O-palmitoyltransferase 2, mitochondrial",25,25,FALSE
"P23919","KTHY_HUMAN","DTYMK","Thymidylate kinase",3,3,FALSE
"P23921","RIR1_HUMAN","RRM1","Ribonucleoside-diphosphate reductase large subunit",1,1,FALSE
"P23946","CMA1_HUMAN","CMA1","Chymase",9,9,FALSE
"P24043","LAMA2_HUMAN","LAMA2","Laminin subunit alpha-2",67,67,FALSE
"P24158","PRTN3_HUMAN","PRTN3","Myeloblastin",1,1,FALSE
"P24298","ALAT1_HUMAN","GPT","Alanine aminotransferase 1",21,18,FALSE
"P24310","CX7A1_HUMAN","COX7A1","Cytochrome c oxidase subunit 7A1, mitochondrial",2,2,FALSE
"P24311","COX7B_HUMAN","COX7B","Cytochrome c oxidase subunit 7B, mitochondrial",2,2,FALSE
"P24534","EF1B_HUMAN","EEF1B2","Elongation factor 1-beta",6,6,FALSE
"P24539","AT5F1_HUMAN","ATP5PB","ATP synthase F(0) complex subunit B1, mitochondrial",17,17,FALSE
"P24592","IBP6_HUMAN","IGFBP6","Insulin-like growth factor-binding protein 6",2,2,FALSE
"P24593","IBP5_HUMAN","IGFBP5","Insulin-like growth factor-binding protein 5",3,3,FALSE
"P24666","PPAC_HUMAN","ACP1","Low molecular weight phosphotyrosine protein phosphatase",9,9,FALSE
"P24752","THIL_HUMAN","ACAT1","Acetyl-CoA acetyltransferase, mitochondrial",24,23,FALSE
"P24821","TENA_HUMAN","TNC","Tenascin",14,14,FALSE
"P24844","MYL9_HUMAN","MYL9","Myosin regulatory light polypeptide 9",10,4,FALSE
"P25189","MYP0_HUMAN","MPZ","Myelin protein P0",2,2,FALSE
"P25311","ZA2G_HUMAN","AZGP1","Zinc-alpha-2-glycoprotein",15,15,FALSE
"P25325","THTM_HUMAN","MPST","3-mercaptopyruvate sulfurtransferase",10,10,FALSE
"P25398","RS12_HUMAN","RPS12","40S ribosomal protein S12",6,6,FALSE
"P25686","DNJB2_HUMAN","DNAJB2","DnaJ homolog subfamily B member 2",7,6,FALSE
"P25705","ATPA_HUMAN","ATP5F1A","ATP synthase subunit alpha, mitochondrial",32,32,FALSE
"P25786","PSA1_HUMAN","PSMA1","Proteasome subunit alpha type-1",17,17,FALSE
"P25787","PSA2_HUMAN","PSMA2","Proteasome subunit alpha type-2",11,11,FALSE
"P25788","PSA3_HUMAN","PSMA3","Proteasome subunit alpha type-3",10,10,FALSE
"P25789","PSA4_HUMAN","PSMA4","Proteasome subunit alpha type-4",10,9,FALSE
"P25815","S100P_HUMAN","S100P","Protein S100-P",1,1,FALSE
"P25940","CO5A3_HUMAN","COL5A3","Collagen alpha-3(V) chain",2,2,FALSE
"P26038","MOES_HUMAN","MSN","Moesin",34,23,FALSE
"P26196","DDX6_HUMAN","DDX6","Probable ATP-dependent RNA helicase DDX6",11,11,FALSE
"P26368","U2AF2_HUMAN","U2AF2","Splicing factor U2AF 65 kDa subunit",4,4,FALSE
"P26373","RL13_HUMAN","RPL13","60S ribosomal protein L13",6,6,FALSE
"P26440","IVD_HUMAN","IVD","Isovaleryl-CoA dehydrogenase, mitochondrial",17,17,FALSE
"P26447","S10A4_HUMAN","S100A4","Protein S100-A4",5,5,FALSE
"P26583","HMGB2_HUMAN","HMGB2","High mobility group protein B2",4,3,FALSE
"P26599","PTBP1_HUMAN","PTBP1","Polypyrimidine tract-binding protein 1",8,7,FALSE
"P26639","SYTC_HUMAN","TARS1","Threonine--tRNA ligase 1, cytoplasmic",13,13,FALSE
"P26640","SYVC_HUMAN","VARS1","Valine--tRNA ligase",28,28,FALSE
"P26641","EF1G_HUMAN","EEF1G","Elongation factor 1-gamma",18,18,FALSE
"P26678","PPLA_HUMAN","PLN","Cardiac phospholamban",2,2,FALSE
"P26885","FKBP2_HUMAN","FKBP2","Peptidyl-prolyl cis-trans isomerase FKBP2",5,5,FALSE
"P27105","STOM_HUMAN","STOM","Erythrocyte band 7 integral membrane protein",11,11,FALSE
"P27144","KAD4_HUMAN","AK4","Adenylate kinase 4, mitochondrial",2,2,FALSE
"P27169","PON1_HUMAN","PON1","Serum paraoxonase/arylesterase 1",7,7,FALSE
"P27338","AOFB_HUMAN","MAOB","Amine oxidase [flavin-containing] B",19,18,FALSE
"P27348","1433T_HUMAN","YWHAQ","14-3-3 protein theta",8,8,FALSE
"P27361","MK03_HUMAN","MAPK3","Mitogen-activated protein kinase 3",7,7,FALSE
"P27448","MARK3_HUMAN","MARK3","MAP/microtubule affinity-regulating kinase 3",5,3,FALSE
"P27487","DPP4_HUMAN","DPP4","Dipeptidyl peptidase 4",4,4,FALSE
"P27635","RL10_HUMAN","RPL10","60S ribosomal protein L10",6,4,FALSE
"P27694","RFA1_HUMAN","RPA1","Replication protein A 70 kDa DNA-binding subunit",10,10,FALSE
"P27695","APEX1_HUMAN","APEX1","DNA-(apurinic or apyrimidinic site) lyase",11,11,FALSE
"P27797","CALR_HUMAN","CALR","Calreticulin",14,14,FALSE
"P27816","MAP4_HUMAN","MAP4","Microtubule-associated protein 4",39,39,FALSE
"P27824","CALX_HUMAN","CANX","Calnexin",25,25,FALSE
"P27986","P85A_HUMAN","PIK3R1","Phosphatidylinositol 3-kinase regulatory subunit alpha",2,2,FALSE
"P28062","PSB8_HUMAN","PSMB8","Proteasome subunit beta type-8",1,1,FALSE
"P28065","PSB9_HUMAN","PSMB9","Proteasome subunit beta type-9",1,1,FALSE
"P28066","PSA5_HUMAN","PSMA5","Proteasome subunit alpha type-5",11,11,FALSE
"P28070","PSB4_HUMAN","PSMB4","Proteasome subunit beta type-4",8,8,FALSE
"P28072","PSB6_HUMAN","PSMB6","Proteasome subunit beta type-6",6,6,FALSE
"P28074","PSB5_HUMAN","PSMB5","Proteasome subunit beta type-5",11,11,FALSE
"P28161","GSTM2_HUMAN","GSTM2","Glutathione S-transferase Mu 2",21,13,FALSE
"P28289","TMOD1_HUMAN","TMOD1","Tropomodulin-1",11,10,FALSE
"P28331","NDUS1_HUMAN","NDUFS1","NADH-ubiquinone oxidoreductase 75 kDa subunit, mitochondrial",37,37,FALSE
"P28482","MK01_HUMAN","MAPK1","Mitogen-activated protein kinase 1",15,10,FALSE
"P28799","GRN_HUMAN","GRN","Progranulin",1,1,FALSE
"P28838","AMPL_HUMAN","LAP3","Cytosol aminopeptidase",29,29,FALSE
"P28906","CD34_HUMAN","CD34","Hematopoietic progenitor cell antigen CD34",2,2,FALSE
"P28907","CD38_HUMAN","CD38","ADP-ribosyl cyclase/cyclic ADP-ribose hydrolase 1",10,10,FALSE
"P29144","TPP2_HUMAN","TPP2","Tripeptidyl-peptidase 2",32,32,FALSE
"P29218","IMPA1_HUMAN","IMPA1","Inositol monophosphatase 1",12,12,FALSE
"P29373","RABP2_HUMAN","CRABP2","Cellular retinoic acid-binding protein 2",3,3,FALSE
"P29401","TKT_HUMAN","TKT","Transketolase",16,16,FALSE
"P29475","NOS1_HUMAN","NOS1","Nitric oxide synthase, brain",8,8,FALSE
"P29536","LMOD1_HUMAN","LMOD1","Leiomodin-1",2,2,FALSE
"P29622","KAIN_HUMAN","SERPINA4","Kallistatin",4,4,FALSE
"P29692","EF1D_HUMAN","EEF1D","Elongation factor 1-delta",15,13,FALSE
"P29966","MARCS_HUMAN","MARCKS","Myristoylated alanine-rich C-kinase substrate",10,10,FALSE
"P29972","AQP1_HUMAN","AQP1","Aquaporin-1",2,2,FALSE
"P29992","GNA11_HUMAN","GNA11","Guanine nucleotide-binding protein subunit alpha-11",8,6,FALSE
"P30038","AL4A1_HUMAN","ALDH4A1","Delta-1-pyrroline-5-carboxylate dehydrogenase, mitochondrial",23,23,FALSE
"P30040","ERP29_HUMAN","ERP29","Endoplasmic reticulum resident protein 29",7,7,FALSE
"P30041","PRDX6_HUMAN","PRDX6","Peroxiredoxin-6",23,23,FALSE
"P30043","BLVRB_HUMAN","BLVRB","Flavin reductase (NADPH)",12,12,FALSE
"P30044","PRDX5_HUMAN","PRDX5","Peroxiredoxin-5, mitochondrial",9,9,FALSE
"P30046","DOPD_HUMAN","DDT","D-dopachrome decarboxylase",7,2,FALSE
"P30047","GFRP_HUMAN","GCHFR","GTP cyclohydrolase 1 feedback regulatory protein",2,2,FALSE
"P30048","PRDX3_HUMAN","PRDX3","Thioredoxin-dependent peroxide reductase, mitochondrial",9,9,FALSE
"P30049","ATPD_HUMAN","ATP5F1D","ATP synthase subunit delta, mitochondrial",3,3,FALSE
"P30050","RL12_HUMAN","RPL12","60S ribosomal protein L12",7,7,FALSE
"P30084","ECHM_HUMAN","ECHS1","Enoyl-CoA hydratase, mitochondrial",17,17,FALSE
"P30085","KCY_HUMAN","CMPK1","UMP-CMP kinase",10,10,FALSE
"P30086","PEBP1_HUMAN","PEBP1","Phosphatidylethanolamine-binding protein 1",12,12,FALSE
"P30101","PDIA3_HUMAN","PDIA3","Protein disulfide-isomerase A3",23,23,FALSE
"P30153","2AAA_HUMAN","PPP2R1A","Serine/threonine-protein phosphatase 2A 65 kDa regulatory subunit A alpha isoform",28,22,FALSE
"P30405","PPIF_HUMAN","PPIF","Peptidyl-prolyl cis-trans isomerase F, mitochondrial",8,7,FALSE
"P30419","NMT1_HUMAN","NMT1","Glycylpeptide N-tetradecanoyltransferase 1",8,5,FALSE
"P30519","HMOX2_HUMAN","HMOX2","Heme oxygenase 2",4,4,FALSE
"P30520","PURA2_HUMAN","ADSS2","Adenylosuccinate synthetase isozyme 2",2,2,FALSE
"P30533","AMRP_HUMAN","LRPAP1","Alpha-2-macroglobulin receptor-associated protein",11,11,FALSE
"P30536","TSPO_HUMAN","TSPO","Translocator protein",5,5,FALSE
"P30566","PUR8_HUMAN","ADSL","Adenylosuccinate lyase",23,23,FALSE
"P30613","KPYR_HUMAN","PKLR","Pyruvate kinase PKLR",10,10,FALSE
"P30622","CLIP1_HUMAN","CLIP1","CAP-Gly domain-containing linker protein 1",46,44,FALSE
"P30626","SORCN_HUMAN","SRI","Sorcin",8,8,FALSE
"P30711","GSTT1_HUMAN","GSTT1","Glutathione S-transferase theta-1",11,10,FALSE
"P30740","ILEU_HUMAN","SERPINB1","Leukocyte elastase inhibitor",18,17,FALSE
"P30837","AL1B1_HUMAN","ALDH1B1","Aldehyde dehydrogenase X, mitochondrial",23,22,FALSE
"P30876","RPB2_HUMAN","POLR2B","DNA-directed RNA polymerase II subunit RPB2",2,2,FALSE
"P31040","SDHA_HUMAN","SDHA","Succinate dehydrogenase [ubiquinone] flavoprotein subunit, mitochondrial",32,32,FALSE
"P31146","COR1A_HUMAN","CORO1A","Coronin-1A",3,3,FALSE
"P31150","GDIA_HUMAN","GDI1","Rab GDP dissociation inhibitor alpha",16,16,FALSE
"P31152","MK04_HUMAN","MAPK4","Mitogen-activated protein kinase 4",1,1,FALSE
"P31153","METK2_HUMAN","MAT2A","S-adenosylmethionine synthase isoform type-2",11,9,FALSE
"P31323","KAP3_HUMAN","PRKAR2B","cAMP-dependent protein kinase type II-beta regulatory subunit",7,7,FALSE
"P31415","CASQ1_HUMAN","CASQ1","Calsequestrin-1",12,12,FALSE
"P31689","DNJA1_HUMAN","DNAJA1","DnaJ homolog subfamily A member 1",6,6,FALSE
"P31749","AKT1_HUMAN","AKT1","RAC-alpha serine/threonine-protein kinase",1,1,FALSE
"P31751","AKT2_HUMAN","AKT2","RAC-beta serine/threonine-protein kinase",13,10,FALSE
"P31930","QCR1_HUMAN","UQCRC1","Cytochrome b-c1 complex subunit 1, mitochondrial",24,23,FALSE
"P31937","3HIDH_HUMAN","HIBADH","3-hydroxyisobutyrate dehydrogenase, mitochondrial",12,12,FALSE
"P31939","PUR9_HUMAN","ATIC","Bifunctional purine biosynthesis protein PURH",36,36,FALSE
"P31942","HNRH3_HUMAN","HNRNPH3","Heterogeneous nuclear ribonucleoprotein H3",7,7,FALSE
"P31943","HNRH1_HUMAN","HNRNPH1","Heterogeneous nuclear ribonucleoprotein H",9,4,FALSE
"P31946","1433B_HUMAN","YWHAB","14-3-3 protein beta/alpha",7,7,FALSE
"P31948","STIP1_HUMAN","STIP1","Stress-induced-phosphoprotein 1",32,32,FALSE
"P31949","S10AB_HUMAN","S100A11","Protein S100-A11",5,5,FALSE
"P32119","PRDX2_HUMAN","PRDX2","Peroxiredoxin-2",17,16,FALSE
"P32455","GBP1_HUMAN","GBP1","Guanylate-binding protein 1",1,1,FALSE
"P32456","GBP2_HUMAN","GBP2","Guanylate-binding protein 2",4,2,FALSE
"P32969","RL9_HUMAN","RPL9","60S ribosomal protein L9",6,6,FALSE
"P33121","ACSL1_HUMAN","ACSL1","Long-chain-fatty-acid--CoA ligase 1",38,35,FALSE
"P33151","CADH5_HUMAN","CDH5","Cadherin-5",2,2,FALSE
"P33176","KINH_HUMAN","KIF5B","Kinesin-1 heavy chain",35,28,FALSE
"P33316","DUT_HUMAN","DUT","Deoxyuridine 5'-triphosphate nucleotidohydrolase, mitochondrial",1,1,FALSE
"P33897","ABCD1_HUMAN","ABCD1","ATP-binding cassette sub-family D member 1",1,1,FALSE
"P34096","RNAS4_HUMAN","RNASE4","Ribonuclease 4",1,1,FALSE
"P34896","GLYC_HUMAN","SHMT1","Serine hydroxymethyltransferase, cytosolic",13,12,FALSE
"P34897","GLYM_HUMAN","SHMT2","Serine hydroxymethyltransferase, mitochondrial",6,6,FALSE
"P34913","HYES_HUMAN","EPHX2","Bifunctional epoxide hydrolase 2",9,9,FALSE
"P34931","HS71L_HUMAN","HSPA1L","Heat shock 70 kDa protein 1-like",11,1,FALSE
"P34932","HSP74_HUMAN","HSPA4","Heat shock 70 kDa protein 4",44,41,FALSE
"P34949","MPI_HUMAN","MPI","Mannose-6-phosphate isomerase",16,16,FALSE
"P35052","GPC1_HUMAN","GPC1","Glypican-1",6,6,FALSE
"P35080","PROF2_HUMAN","PFN2","Profilin-2",8,8,FALSE
"P35221","CTNA1_HUMAN","CTNNA1","Catenin alpha-1",11,10,FALSE
"P35222","CTNB1_HUMAN","CTNNB1","Catenin beta-1",4,2,FALSE
"P35232","PHB_HUMAN","PHB","Prohibitin",15,15,FALSE
"P35237","SPB6_HUMAN","SERPINB6","Serpin B6",17,16,FALSE
"P35241","RADI_HUMAN","RDX","Radixin",23,22,FALSE
"P35244","RFA3_HUMAN","RPA3","Replication protein A 14 kDa subunit",4,4,FALSE
"P35268","RL22_HUMAN","RPL22","60S ribosomal protein L22",2,2,FALSE
"P35270","SPRE_HUMAN","SPR","Sepiapterin reductase",14,14,FALSE
"P35443","TSP4_HUMAN","THBS4","Thrombospondin-4",25,22,FALSE
"P35499","SCN4A_HUMAN","SCN4A","Sodium channel protein type 4 subunit alpha",5,4,FALSE
"P35527","K1C9_HUMAN","KRT9","Keratin, type I cytoskeletal 9",17,0,TRUE
"P35542","SAA4_HUMAN","SAA4","Serum amyloid A-4 protein",2,2,FALSE
"P35555","FBN1_HUMAN","FBN1","Fibrillin-1",89,85,FALSE
"P35556","FBN2_HUMAN","FBN2","Fibrillin-2",2,2,FALSE
"P35558","PCKGC_HUMAN","PCK1","Phosphoenolpyruvate carboxykinase, cytosolic [GTP]",2,1,FALSE
"P35568","IRS1_HUMAN","IRS1","Insulin receptor substrate 1",1,1,FALSE
"P35573","GDE_HUMAN","AGL","Glycogen debranching enzyme",96,96,FALSE
"P35579","MYH9_HUMAN","MYH9","Myosin-9",99,81,FALSE
"P35580","MYH10_HUMAN","MYH10","Myosin-10",16,16,FALSE
"P35606","COPB2_HUMAN","COPB2","Coatomer subunit beta'",18,18,FALSE
"P35609","ACTN2_HUMAN","ACTN2","Alpha-actinin-2",76,51,FALSE
"P35611","ADDA_HUMAN","ADD1","Alpha-adducin",12,12,FALSE
"P35612","ADDB_HUMAN","ADD2","Beta-adducin",9,9,FALSE
"P35613","BASI_HUMAN","BSG","Basigin",7,7,FALSE
"P35637","FUS_HUMAN","FUS","RNA-binding protein FUS",6,4,FALSE
"P35659","DEK_HUMAN","DEK","Protein DEK",4,4,FALSE
"P35749","MYH11_HUMAN","MYH11","Myosin-11",64,60,FALSE
"P35754","GLRX1_HUMAN","GLRX","Glutaredoxin-1",4,4,FALSE
"P35813","PPM1A_HUMAN","PPM1A","Protein phosphatase 1A",14,14,FALSE
"P35858","ALS_HUMAN","IGFALS","Insulin-like growth factor-binding protein complex acid labile subunit",5,5,FALSE
"P35908","K22E_HUMAN","KRT2","Keratin, type II cytoskeletal 2 epidermal",14,0,TRUE
"P35914","HMGCL_HUMAN","HMGCL","Hydroxymethylglutaryl-CoA lyase, mitochondrial",9,9,FALSE
"P35998","PRS7_HUMAN","PSMC2","26S proteasome regulatory subunit 7",25,25,FALSE
"P36269","GGT5_HUMAN","GGT5","Glutathione hydrolase 5 proenzyme",6,6,FALSE
"P36404","ARL2_HUMAN","ARL2","ADP-ribosylation factor-like protein 2",3,3,FALSE
"P36405","ARL3_HUMAN","ARL3","ADP-ribosylation factor-like protein 3",3,3,FALSE
"P36507","MP2K2_HUMAN","MAP2K2","Dual specificity mitogen-activated protein kinase kinase 2",6,6,FALSE
"P36542","ATPG_HUMAN","ATP5F1C","ATP synthase subunit gamma, mitochondrial",10,10,FALSE
"P36543","VATE1_HUMAN","ATP6V1E1","V-type proton ATPase subunit E 1",6,3,FALSE
"P36551","HEM6_HUMAN","CPOX","Oxygen-dependent coproporphyrinogen-III oxidase, mitochondrial",5,5,FALSE
"P36578","RL4_HUMAN","RPL4","60S ribosomal protein L4",12,12,FALSE
"P36776","LONM_HUMAN","LONP1","Lon protease homolog, mitochondrial",26,26,FALSE
"P36871","PGM1_HUMAN","PGM1","Phosphoglucomutase-1",45,45,FALSE
"P36873","PP1G_HUMAN","PPP1CC","Serine/threonine-protein phosphatase PP1-gamma catalytic subunit",3,2,FALSE
"P36915","GNL1_HUMAN","GNL1","Guanine nucleotide-binding protein-like 1",2,2,FALSE
"P36954","RPB9_HUMAN","POLR2I","DNA-directed RNA polymerase II subunit RPB9",3,3,FALSE
"P36955","PEDF_HUMAN","SERPINF1","Pigment epithelium-derived factor",14,14,FALSE
"P36957","ODO2_HUMAN","DLST","Dihydrolipoyllysine-residue succinyltransferase component of 2-oxoglutarate dehydrogenase complex, mitochondrial",19,19,FALSE
"P36959","GMPR1_HUMAN","GMPR","GMP reductase 1",13,11,FALSE
"P36969","GPX4_HUMAN","GPX4","Phospholipid hydroperoxide glutathione peroxidase",11,11,FALSE
"P36980","FHR2_HUMAN","CFHR2","Complement factor H-related protein 2",3,1,FALSE
"P37108","SRP14_HUMAN","SRP14","Signal recognition particle 14 kDa protein",5,5,FALSE
"P37235","HPCL1_HUMAN","HPCAL1","Hippocalcin-like protein 1",2,1,FALSE
"P37802","TAGL2_HUMAN","TAGLN2","Transgelin-2",14,13,FALSE
"P37837","TALDO_HUMAN","TALDO1","Transaldolase",17,17,FALSE
"P37840","SYUA_HUMAN","SNCA","Alpha-synuclein",6,4,FALSE
"P38117","ETFB_HUMAN","ETFB","Electron transfer flavoprotein subunit beta",14,14,FALSE
"P38159","RBMX_HUMAN","RBMX","RNA-binding motif protein, X chromosome",3,1,FALSE
"P38606","VATA_HUMAN","ATP6V1A","V-type proton ATPase catalytic subunit A",17,16,FALSE
"P38646","GRP75_HUMAN","HSPA9","Stress-70 protein, mitochondrial",36,35,FALSE
"P38919","IF4A3_HUMAN","EIF4A3","Eukaryotic initiation factor 4A-III",3,3,FALSE
"P39019","RS19_HUMAN","RPS19","40S ribosomal protein S19",7,7,FALSE
"P39023","RL3_HUMAN","RPL3","60S ribosomal protein L3",5,5,FALSE
"P39059","COFA1_HUMAN","COL15A1","Collagen alpha-1(XV) chain",14,14,FALSE
"P39060","COIA1_HUMAN","COL18A1","Collagen alpha-1(XVIII) chain",5,5,FALSE
"P39656","OST48_HUMAN","DDOST","Dolichyl-diphosphooligosaccharide--protein glycosyltransferase 48 kDa subunit",13,13,FALSE
"P39687","AN32A_HUMAN","ANP32A","Acidic leucine-rich nuclear phosphoprotein 32 family member A",5,4,FALSE
"P39748","FEN1_HUMAN","FEN1","Flap endonuclease 1",1,1,FALSE
"P40121","CAPG_HUMAN","CAPG","Macrophage-capping protein",5,5,FALSE
"P40123","CAP2_HUMAN","CAP2","Adenylyl cyclase-associated protein 2",23,22,FALSE
"P40227","TCPZ_HUMAN","CCT6A","T-complex protein 1 subunit zeta",20,15,FALSE
"P40261","NNMT_HUMAN","NNMT","Nicotinamide N-methyltransferase",4,4,FALSE
"P40306","PSB10_HUMAN","PSMB10","Proteasome subunit beta type-10",2,2,FALSE
"P40429","RL13A_HUMAN","RPL13A","60S ribosomal protein L13a",6,3,FALSE
"P40616","ARL1_HUMAN","ARL1","ADP-ribosylation factor-like protein 1",4,4,FALSE
"P40763","STAT3_HUMAN","STAT3","Signal transducer and activator of transcription 3",14,14,FALSE
"P40855","PEX19_HUMAN","PEX19","Peroxisomal biogenesis factor 19",5,5,FALSE
"P40925","MDHC_HUMAN","MDH1","Malate dehydrogenase, cytoplasmic",16,16,FALSE
"P40926","MDHM_HUMAN","MDH2","Malate dehydrogenase, mitochondrial",20,20,FALSE
"P40939","ECHA_HUMAN","HADHA","Trifunctional enzyme subunit alpha, mitochondrial",43,43,FALSE
"P41091","IF2G_HUMAN","EIF2S3","Eukaryotic translation initiation factor 2 subunit 3",12,3,FALSE
"P41222","PTGDS_HUMAN","PTGDS","Prostaglandin-H2 D-isomerase",1,1,FALSE
"P41227","NAA10_HUMAN","NAA10","N-alpha-acetyltransferase 10",7,5,FALSE
"P41236","IPP2_HUMAN","PPP1R2","Protein phosphatase inhibitor 2",8,2,FALSE
"P41247","PLPL4_HUMAN","PNPLA4","Patatin-like phospholipase domain-containing protein 4",1,1,FALSE
"P41250","GARS_HUMAN","GARS1","Glycine--tRNA ligase",14,14,FALSE
"P41252","SYIC_HUMAN","IARS1","Isoleucine--tRNA ligase, cytoplasmic",16,16,FALSE
"P41567","EIF1_HUMAN","EIF1","Eukaryotic translation initiation factor 1",7,2,FALSE
"P42025","ACTY_HUMAN","ACTR1B","Beta-centractin",2,2,FALSE
"P42126","ECI1_HUMAN","ECI1","Enoyl-CoA delta isomerase 1, mitochondrial",11,11,FALSE
"P42167","LAP2A_HUMAN","TMPO","Lamina-associated polypeptide 2, isoform alpha",3,3,FALSE
"P42224","STAT1_HUMAN","STAT1","Signal transducer and activator of transcription 1-alpha/beta",10,10,FALSE
"P42330","AK1C3_HUMAN","AKR1C3","Aldo-keto reductase family 1 member C3",17,8,FALSE
"P42345","MTOR_HUMAN","MTOR","Serine/threonine-protein kinase mTOR",6,6,FALSE
"P42356","PI4KA_HUMAN","PI4KA","Putative phosphatidylinositol 4-kinase alpha-like protein P2",2,0,FALSE
"P42566","EPS15_HUMAN","EPS15","Epidermal growth factor receptor substrate 15",4,4,FALSE
"P42574","CASP3_HUMAN","CASP3","Caspase-3",4,4,FALSE
"P42677","RS27_HUMAN","RPS27","40S ribosomal protein S27",3,1,FALSE
"P42704","LPPRC_HUMAN","LRPPRC","Leucine-rich PPR motif-containing protein, mitochondrial",67,66,FALSE
"P42765","THIM_HUMAN","ACAA2","3-ketoacyl-CoA thiolase, mitochondrial",21,21,FALSE
"P42766","RL35_HUMAN","RPL35","60S ribosomal protein L35",2,2,FALSE
"P43007","SATT_HUMAN","SLC1A4","Neutral amino acid transporter A",5,5,FALSE
"P43034","LIS1_HUMAN","PAFAH1B1","Platelet-activating factor acetylhydrolase IB subunit alpha",24,24,FALSE
"P43121","MUC18_HUMAN","MCAM","Cell surface glycoprotein MUC18",11,11,FALSE
"P43155","CACP_HUMAN","CRAT","Carnitine O-acetyltransferase",28,28,FALSE
"P43243","MATR3_HUMAN","MATR3","Matrin-3",6,6,FALSE
"P43251","BTD_HUMAN","BTD","Biotinidase",3,3,FALSE
"P43304","GPDM_HUMAN","GPD2","Glycerol-3-phosphate dehydrogenase, mitochondrial",32,31,FALSE
"P43307","SSRA_HUMAN","SSR1","Translocon-associated protein subunit alpha",3,3,FALSE
"P43487","RANG_HUMAN","RANBP1","Ran-specific GTPase-activating protein",3,3,FALSE
"P43490","NAMPT_HUMAN","NAMPT","Nicotinamide phosphoribosyltransferase",22,22,FALSE
"P43652","AFAM_HUMAN","AFM","Afamin",15,15,FALSE
"P43686","PRS6B_HUMAN","PSMC4","26S proteasome regulatory subunit 6B",11,11,FALSE
"P43897","EFTS_HUMAN","TSFM","Elongation factor Ts, mitochondrial",7,7,FALSE
"P45378","TNNT3_HUMAN","TNNT3","Troponin T, fast skeletal muscle",14,12,FALSE
"P45381","ACY2_HUMAN","ASPA","Aspartoacylase",9,9,FALSE
"P45877","PPIC_HUMAN","PPIC","Peptidyl-prolyl cis-trans isomerase C",2,2,FALSE
"P45880","VDAC2_HUMAN","VDAC2","Voltage-dependent anion-selective channel protein 2",18,18,FALSE
"P45954","ACDSB_HUMAN","ACADSB","Short/branched chain specific acyl-CoA dehydrogenase, mitochondrial",14,14,FALSE
"P45974","UBP5_HUMAN","USP5","Ubiquitin carboxyl-terminal hydrolase 5",29,29,FALSE
"P45984","MK09_HUMAN","MAPK9","Mitogen-activated protein kinase 9",6,4,FALSE
"P45985","MP2K4_HUMAN","MAP2K4","Dual specificity mitogen-activated protein kinase kinase 4",9,9,FALSE
"P46020","KPB1_HUMAN","PHKA1","Phosphorylase b kinase regulatory subunit alpha, skeletal muscle isoform",42,41,FALSE
"P46060","RAGP1_HUMAN","RANGAP1","Ran GTPase-activating protein 1",5,5,FALSE
"P46063","RECQ1_HUMAN","RECQL","ATP-dependent DNA helicase Q1",5,5,FALSE
"P46108","CRK_HUMAN","CRK","Adapter molecule crk",3,3,FALSE
"P46109","CRKL_HUMAN","CRKL","Crk-like protein",6,6,FALSE
"P46199","IF2M_HUMAN","MTIF2","Translation initiation factor IF-2, mitochondrial",3,3,FALSE
"P46379","BAG6_HUMAN","BAG6","Large proline-rich protein BAG6",10,10,FALSE
"P46459","NSF_HUMAN","NSF","Vesicle-fusing ATPase",25,25,FALSE
"P46527","CDN1B_HUMAN","CDKN1B","Cyclin-dependent kinase inhibitor 1B",2,2,FALSE
"P46734","MP2K3_HUMAN","MAP2K3","Dual specificity mitogen-activated protein kinase kinase 3",9,9,FALSE
"P46736","BRCC3_HUMAN","BRCC3","Lys-63-specific deubiquitinase BRCC36",7,7,FALSE
"P46776","RL27A_HUMAN","RPL27A","60S ribosomal protein L27a",2,2,FALSE
"P46777","RL5_HUMAN","RPL5","60S ribosomal protein L5",10,10,FALSE
"P46778","RL21_HUMAN","RPL21","60S ribosomal protein L21",3,3,FALSE
"P46779","RL28_HUMAN","RPL28","60S ribosomal protein L28",5,5,FALSE
"P46781","RS9_HUMAN","RPS9","40S ribosomal protein S9",11,11,FALSE
"P46782","RS5_HUMAN","RPS5","40S ribosomal protein S5",7,7,FALSE
"P46783","RS10_HUMAN","RPS10","40S ribosomal protein S10",7,3,FALSE
"P46821","MAP1B_HUMAN","MAP1B","Microtubule-associated protein 1B",7,6,FALSE
"P46926","GNPI1_HUMAN","GNPDA1","Glucosamine-6-phosphate isomerase 1",13,8,FALSE
"P46934","NEDD4_HUMAN","NEDD4","E3 ubiquitin-protein ligase NEDD4",1,1,FALSE
"P46937","YAP1_HUMAN","YAP1","Transcriptional coactivator YAP1",3,3,FALSE
"P46939","UTRO_HUMAN","UTRN","Utrophin",9,9,FALSE
"P46940","IQGA1_HUMAN","IQGAP1","Ras GTPase-activating-like protein IQGAP1",35,34,FALSE
"P46952","3HAO_HUMAN","HAAO","3-hydroxyanthranilate 3,4-dioxygenase",1,1,FALSE
"P46976","GLYG_HUMAN","GYG1","Glycogenin-1",13,13,FALSE
"P46977","STT3A_HUMAN","STT3A","Dolichyl-diphosphooligosaccharide--protein glycosyltransferase subunit STT3A",4,4,FALSE
"P47755","CAZA2_HUMAN","CAPZA2","F-actin-capping protein subunit alpha-2",12,10,FALSE
"P47756","CAPZB_HUMAN","CAPZB","F-actin-capping protein subunit beta",15,15,FALSE
"P47813","IF1AX_HUMAN","EIF1AX","Eukaryotic translation initiation factor 1A, X-chromosomal",1,1,FALSE
"P47895","AL1A3_HUMAN","ALDH1A3","Aldehyde dehydrogenase family 1 member A3",4,4,FALSE
"P47897","SYQ_HUMAN","QARS1","Glutamine--tRNA ligase",28,28,FALSE
"P47914","RL29_HUMAN","RPL29","60S ribosomal protein L29",1,1,FALSE
"P47985","UCRI_HUMAN","UQCRFS1","Cytochrome b-c1 complex subunit Rieske, mitochondrial",15,3,FALSE
"P48047","ATPO_HUMAN","ATP5PO","ATP synthase subunit O, mitochondrial",11,11,FALSE
"P48059","LIMS1_HUMAN","LIMS1","LIM and senescent cell antigen-like-containing domain protein 1",12,9,FALSE
"P48147","PPCE_HUMAN","PREP","Prolyl endopeptidase",41,41,FALSE
"P48163","MAOX_HUMAN","ME1","NADP-dependent malic enzyme",23,23,FALSE
"P48426","PI42A_HUMAN","PIP4K2A","Phosphatidylinositol 5-phosphate 4-kinase type-2 alpha",2,2,FALSE
"P48444","COPD_HUMAN","ARCN1","Coatomer subunit delta",10,10,FALSE
"P48449","ERG7_HUMAN","LSS","Lanosterol synthase",19,19,FALSE
"P48454","PP2BC_HUMAN","PPP3CC","Serine/threonine-protein phosphatase 2B catalytic subunit gamma isoform",3,3,FALSE
"P48506","GSH1_HUMAN","GCLC","Glutamate--cysteine ligase catalytic subunit",10,10,FALSE
"P48507","GSH0_HUMAN","GCLM","Glutamate--cysteine ligase regulatory subunit",8,8,FALSE
"P48509","CD151_HUMAN","CD151","CD151 antigen",3,3,FALSE
"P48556","PSMD8_HUMAN","PSMD8","26S proteasome non-ATPase regulatory subunit 8",7,7,FALSE
"P48637","GSHB_HUMAN","GSS","Glutathione synthetase",16,16,FALSE
"P48643","TCPE_HUMAN","CCT5","T-complex protein 1 subunit epsilon",28,28,FALSE
"P48681","NEST_HUMAN","NES","Nestin",12,12,FALSE
"P48729","KC1A_HUMAN","CSNK1A1","Casein kinase I isoform alpha",1,1,FALSE
"P48735","IDHP_HUMAN","IDH2","Isocitrate dehydrogenase [NADP], mitochondrial",28,27,FALSE
"P48739","PIPNB_HUMAN","PITPNB","Phosphatidylinositol transfer protein beta isoform",6,6,FALSE
"P48740","MASP1_HUMAN","MASP1","Mannan-binding lectin serine protease 1",2,2,FALSE
"P48788","TNNI2_HUMAN","TNNI2","Troponin I, fast skeletal muscle",8,8,FALSE
"P49006","MRP_HUMAN","MARCKSL1","MARCKS-related protein",2,2,FALSE
"P49023","PAXI_HUMAN","PXN","Paxillin",9,9,FALSE
"P49137","MAPK2_HUMAN","MAPKAPK2","MAP kinase-activated protein kinase 2",7,3,FALSE
"P49184","DNSL1_HUMAN","DNASE1L1","Deoxyribonuclease-1-like 1",2,2,FALSE
"P49189","AL9A1_HUMAN","ALDH9A1","4-trimethylaminobutyraldehyde dehydrogenase",23,23,FALSE
"P49207","RL34_HUMAN","RPL34","60S ribosomal protein L34",2,2,FALSE
"P49247","RPIA_HUMAN","RPIA","Ribose-5-phosphate isomerase",10,10,FALSE
"P49257","LMAN1_HUMAN","LMAN1","Protein ERGIC-53",12,12,FALSE
"P49327","FAS_HUMAN","FASN","Fatty acid synthase",76,76,FALSE
"P49354","FNTA_HUMAN","FNTA","Protein farnesyltransferase/geranylgeranyltransferase type-1 subunit alpha",8,8,FALSE
"P49356","FNTB_HUMAN","FNTB","Protein farnesyltransferase subunit beta",2,2,FALSE
"P49366","DHYS_HUMAN","DHPS","Deoxyhypusine synthase",3,3,FALSE
"P49368","TCPG_HUMAN","CCT3","T-complex protein 1 subunit gamma",26,26,FALSE
"P49406","RM19_HUMAN","MRPL19","39S ribosomal protein L19, mitochondrial",7,7,FALSE
"P49407","ARRB1_HUMAN","ARRB1","Beta-arrestin-1",3,3,FALSE
"P49411","EFTU_HUMAN","TUFM","Elongation factor Tu, mitochondrial",29,29,FALSE
"P49419","AL7A1_HUMAN","ALDH7A1","Alpha-aminoadipic semialdehyde dehydrogenase",18,18,FALSE
"P49427","UB2R1_HUMAN","CDC34","Ubiquitin-conjugating enzyme E2 R1",2,2,FALSE
"P49441","INPP_HUMAN","INPP1","Inositol polyphosphate 1-phosphatase",3,3,FALSE
"P49458","SRP09_HUMAN","SRP9","Signal recognition particle 9 kDa protein",4,4,FALSE
"P49585","PCY1A_HUMAN","PCYT1A","Choline-phosphate cytidylyltransferase A",8,5,FALSE
"P49588","SYAC_HUMAN","AARS1","Alanine--tRNA ligase, cytoplasmic",25,25,FALSE
"P49589","SYCC_HUMAN","CARS1","Cysteine--tRNA ligase, cytoplasmic",11,11,FALSE
"P49590","SYHM_HUMAN","HARS2","Histidine--tRNA ligase, mitochondrial",11,4,FALSE
"P49591","SYSC_HUMAN","SARS1","Serine--tRNA ligase, cytoplasmic",13,13,FALSE
"P49593","PPM1F_HUMAN","PPM1F","Protein phosphatase 1F",5,5,FALSE
"P49720","PSB3_HUMAN","PSMB3","Proteasome subunit beta type-3",11,11,FALSE
"P49721","PSB2_HUMAN","PSMB2","Proteasome subunit beta type-2",5,5,FALSE
"P49747","COMP_HUMAN","COMP","Cartilage oligomeric matrix protein",19,19,FALSE
"P49748","ACADV_HUMAN","ACADVL","Very long-chain specific acyl-CoA dehydrogenase, mitochondrial",38,38,FALSE
"P49753","ACOT2_HUMAN","ACOT2","Acyl-coenzyme A thioesterase 2, mitochondrial",2,2,FALSE
"P49755","TMEDA_HUMAN","TMED10","Transmembrane emp24 domain-containing protein 10",7,7,FALSE
"P49770","EI2BB_HUMAN","EIF2B2","Translation initiation factor eIF-2B subunit beta",3,3,FALSE
"P49773","HINT1_HUMAN","HINT1","Histidine triad nucleotide-binding protein 1",10,10,FALSE
"P49789","FHIT_HUMAN","FHIT","Bis(5'-adenosyl)-triphosphatase",3,3,FALSE
"P49792","RBP2_HUMAN","RANBP2","E3 SUMO-protein ligase RanBP2",7,3,FALSE
"P49821","NDUV1_HUMAN","NDUFV1","NADH dehydrogenase [ubiquinone] flavoprotein 1, mitochondrial",20,20,FALSE
"P49840","GSK3A_HUMAN","GSK3A","Glycogen synthase kinase-3 alpha",8,6,FALSE
"P49841","GSK3B_HUMAN","GSK3B","Glycogen synthase kinase-3 beta",6,6,FALSE
"P49902","5NTC_HUMAN","NT5C2","Cytosolic purine 5'-nucleotidase",3,3,FALSE
"P49903","SPS1_HUMAN","SEPHS1","Selenide, water dikinase 1",5,5,FALSE
"P49908","SEPP1_HUMAN","SELENOP","Selenoprotein P",2,2,FALSE
"P49914","MTHFS_HUMAN","MTHFS","5-formyltetrahydrofolate cyclo-ligase",4,4,FALSE
"P49915","GUAA_HUMAN","GMPS","GMP synthase [glutamine-hydrolyzing]",3,3,FALSE
"P49961","ENTP1_HUMAN","ENTPD1","Ectonucleoside triphosphate diphosphohydrolase 1",1,1,FALSE
"P50148","GNAQ_HUMAN","GNAQ","Guanine nucleotide-binding protein G(q) subunit alpha",1,1,FALSE
"P50213","IDH3A_HUMAN","IDH3A","Isocitrate dehydrogenase [NAD] subunit alpha, mitochondrial",17,17,FALSE
"P50225","ST1A1_HUMAN","SULT1A1","Sulfotransferase 1A1",4,1,FALSE
"P50238","CRIP1_HUMAN","CRIP1","Cysteine-rich protein 1",5,5,FALSE
"P50336","PPOX_HUMAN","PPOX","Protoporphyrinogen oxidase",2,2,FALSE
"P50395","GDIB_HUMAN","GDI2","Rab GDP dissociation inhibitor beta",31,21,FALSE
"P50402","EMD_HUMAN","EMD","Emerin",5,5,FALSE
"P50440","GATM_HUMAN","GATM","Glycine amidinotransferase, mitochondrial",7,7,FALSE
"P50453","SPB9_HUMAN","SERPINB9","Serpin B9",2,2,FALSE
"P50454","SERPH_HUMAN","SERPINH1","Serpin H1",10,10,FALSE
"P50461","CSRP3_HUMAN","CSRP3","Cysteine and glycine-rich protein 3",11,11,FALSE
"P50502","F10A1_HUMAN","ST13","Hsc70-interacting protein",13,0,FALSE
"P50542","PEX5_HUMAN","PEX5","Peroxisomal targeting signal 1 receptor",2,2,FALSE
"P50552","VASP_HUMAN","VASP","Vasodilator-stimulated phosphoprotein",6,6,FALSE
"P50570","DYN2_HUMAN","DNM2","Dynamin-2",17,12,FALSE
"P50579","MAP2_HUMAN","METAP2","Methionine aminopeptidase 2",14,14,FALSE
"P50583","AP4A_HUMAN","NUDT2","Bis(5'-nucleosyl)-tetraphosphatase [asymmetrical]",4,4,FALSE
"P50747","BPL1_HUMAN","HLCS","Biotin--protein ligase",4,4,FALSE
"P50851","LRBA_HUMAN","LRBA","Lipopolysaccharide-responsive and beige-like anchor protein",1,1,FALSE
"P50895","BCAM_HUMAN","BCAM","Basal cell adhesion molecule",15,15,FALSE
"P50897","PPT1_HUMAN","PPT1","Palmitoyl-protein thioesterase 1",1,1,FALSE
"P50914","RL14_HUMAN","RPL14","60S ribosomal protein L14",5,5,FALSE
"P50990","TCPQ_HUMAN","CCT8","T-complex protein 1 subunit theta",34,34,FALSE
"P50991","TCPD_HUMAN","CCT4","T-complex protein 1 subunit delta",27,27,FALSE
"P50993","AT1A2_HUMAN","ATP1A2","Sodium/potassium-transporting ATPase subunit alpha-2",48,29,FALSE
"P50995","ANX11_HUMAN","ANXA11","Annexin A11",20,19,FALSE
"P51114","FXR1_HUMAN","FXR1","Fragile X mental retardation syndrome-related protein 1",15,13,FALSE
"P51116","FXR2_HUMAN","FXR2","Fragile X mental retardation syndrome-related protein 2",1,1,FALSE
"P51148","RAB5C_HUMAN","RAB5C","Ras-related protein Rab-5C",5,5,FALSE
"P51149","RAB7A_HUMAN","RAB7A","Ras-related protein Rab-7a",12,12,FALSE
"P51151","RAB9A_HUMAN","RAB9A","Ras-related protein Rab-9A",3,2,FALSE
"P51178","PLCD1_HUMAN","PLCD1","1-phosphatidylinositol 4,5-bisphosphate phosphodiesterase delta-1",2,2,FALSE
"P51398","RT29_HUMAN","DAP3","28S ribosomal protein S29, mitochondrial",4,4,FALSE
"P51452","DUS3_HUMAN","DUSP3","Dual specificity protein phosphatase 3",8,8,FALSE
"P51553","IDH3G_HUMAN","IDH3G","Isocitrate dehydrogenase [NAD] subunit gamma, mitochondrial",13,13,FALSE
"P51570","GALK1_HUMAN","GALK1","Galactokinase",10,10,FALSE
"P51571","SSRD_HUMAN","SSR4","Translocon-associated protein subunit delta",4,4,FALSE
"P51572","BAP31_HUMAN","BCAP31","B-cell receptor-associated protein 31",10,10,FALSE
"P51580","TPMT_HUMAN","TPMT","Thiopurine S-methyltransferase",1,1,FALSE
"P51589","CP2J2_HUMAN","CYP2J2","Cytochrome P450 2J2",5,5,FALSE
"P51608","MECP2_HUMAN","MECP2","Methyl-CpG-binding protein 2",8,8,FALSE
"P51636","CAV2_HUMAN","CAV2","Caveolin-2",2,2,FALSE
"P51648","AL3A2_HUMAN","ALDH3A2","Aldehyde dehydrogenase family 3 member A2",13,12,FALSE
"P51649","SSDH_HUMAN","ALDH5A1","Succinate-semialdehyde dehydrogenase, mitochondrial",20,20,FALSE
"P51659","DHB4_HUMAN","HSD17B4","Peroxisomal multifunctional enzyme type 2",17,17,FALSE
"P51665","PSMD7_HUMAN","PSMD7","26S proteasome non-ATPase regulatory subunit 7",10,10,FALSE
"P51668","UB2D1_HUMAN","UBE2D1","Ubiquitin-conjugating enzyme E2 D1",3,1,FALSE
"P51687","SUOX_HUMAN","SUOX","Sulfite oxidase, mitochondrial",11,11,FALSE
"P51692","STA5B_HUMAN","STAT5B","Signal transducer and activator of transcription 5B",11,4,FALSE
"P51808","DYLT3_HUMAN","DYNLT3","Dynein light chain Tctex-type 3",1,1,FALSE
"P51809","VAMP7_HUMAN","VAMP7","Vesicle-associated membrane protein 7",1,1,FALSE
"P51812","KS6A3_HUMAN","RPS6KA3","Ribosomal protein S6 kinase alpha-3",31,20,FALSE
"P51858","HDGF_HUMAN","HDGF","Hepatoma-derived growth factor",12,12,FALSE
"P51884","LUM_HUMAN","LUM","Lumican",13,13,FALSE
"P51888","PRELP_HUMAN","PRELP","Prolargin",17,16,FALSE
"P51911","CNN1_HUMAN","CNN1","Calponin-1",10,10,FALSE
"P51970","NDUA8_HUMAN","NDUFA8","NADH dehydrogenase [ubiquinone] 1 alpha subcomplex subunit 8",10,10,FALSE
"P51991","ROA3_HUMAN","HNRNPA3","Heterogeneous nuclear ribonucleoprotein A3",8,8,FALSE
"P52179","MYOM1_HUMAN","MYOM1","Myomesin-1",98,98,FALSE
"P52209","6PGD_HUMAN","PGD","6-phosphogluconate dehydrogenase, decarboxylating",19,19,FALSE
"P52272","HNRPM_HUMAN","HNRNPM","Heterogeneous nuclear ribonucleoprotein M",13,13,FALSE
"P52294","IMA5_HUMAN","KPNA1","Importin subunit alpha-5",13,7,FALSE
"P52434","RPAB3_HUMAN","POLR2H","DNA-directed RNA polymerases I, II, and III subunit RPABC3",5,5,FALSE
"P52564","MP2K6_HUMAN","MAP2K6","Dual specificity mitogen-activated protein kinase kinase 6",19,14,FALSE
"P52565","GDIR1_HUMAN","ARHGDIA","Rho GDP-dissociation inhibitor 1",6,6,FALSE
"P52566","GDIR2_HUMAN","ARHGDIB","Rho GDP-dissociation inhibitor 2",6,6,FALSE
"P52594","AGFG1_HUMAN","AGFG1","Arf-GAP domain and FG repeat-containing protein 1",3,3,FALSE
"P52597","HNRPF_HUMAN","HNRNPF","Heterogeneous nuclear ribonucleoprotein F",4,4,FALSE
"P52758","RIDA_HUMAN","RIDA","2-iminobutanoate/2-iminopropanoate deaminase",4,4,FALSE
"P52788","SPSY_HUMAN","SMS","Spermine synthase",9,9,FALSE
"P52789","HXK2_HUMAN","HK2","Hexokinase-2",10,9,FALSE
"P52815","RM12_HUMAN","MRPL12","39S ribosomal protein L12, mitochondrial",5,5,FALSE
"P52888","THOP1_HUMAN","THOP1","Thimet oligopeptidase",14,14,FALSE
"P52895","AK1C2_HUMAN","AKR1C2","Aldo-keto reductase family 1 member C2",13,5,FALSE
"P52907","CAZA1_HUMAN","CAPZA1","F-actin-capping protein subunit alpha-1",9,9,FALSE
"P52943","CRIP2_HUMAN","CRIP2","Cysteine-rich protein 2",9,9,FALSE
"P53004","BIEA_HUMAN","BLVRA","Biliverdin reductase A",7,7,FALSE
"P53007","TXTP_HUMAN","SLC25A1","Tricarboxylate transport protein, mitochondrial",1,1,FALSE
"P53041","PPP5_HUMAN","PPP5C","Serine/threonine-protein phosphatase 5",17,16,FALSE
"P53367","ARFP1_HUMAN","ARFIP1","Arfaptin-1",1,1,FALSE
"P53384","NUBP1_HUMAN","NUBP1","Cytosolic Fe-S cluster assembly factor NUBP1",3,3,FALSE
"P53396","ACLY_HUMAN","ACLY","ATP-citrate synthase",14,14,FALSE
"P53582","MAP11_HUMAN","METAP1","Methionine aminopeptidase 1",7,7,FALSE
"P53597","SUCA_HUMAN","SUCLG1","Succinate--CoA ligase [ADP/GDP-forming] subunit alpha, mitochondrial",10,10,FALSE
"P53602","MVD1_HUMAN","MVD","Diphosphomevalonate decarboxylase",1,1,FALSE
"P53611","PGTB2_HUMAN","RABGGTB","Geranylgeranyl transferase type-2 subunit beta",2,2,FALSE
"P53618","COPB_HUMAN","COPB1","Coatomer subunit beta",14,14,FALSE
"P53621","COPA_HUMAN","COPA","Coatomer subunit alpha",15,15,FALSE
"P53634","CATC_HUMAN","CTSC","Dipeptidyl peptidase 1",3,3,FALSE
"P53701","CCHL_HUMAN","HCCS","Cytochrome c-type heme lyase",8,8,FALSE
"P53778","MK12_HUMAN","MAPK12","Mitogen-activated protein kinase 12",15,12,FALSE
"P53814","SMTN_HUMAN","SMTN","Smoothelin",5,5,FALSE
"P53985","MOT1_HUMAN","SLC16A1","Monocarboxylate transporter 1",4,4,FALSE
"P53990","IST1_HUMAN","IST1","IST1 homolog",9,9,FALSE
"P53992","SC24C_HUMAN","SEC24C","Protein transport protein Sec24C",9,9,FALSE
"P53999","TCP4_HUMAN","SUB1","Activated RNA polymerase II transcriptional coactivator p15",4,4,FALSE
"P54105","ICLN_HUMAN","CLNS1A","Methylosome subunit pICln",2,2,FALSE
"P54108","CRIS3_HUMAN","CRISP3","Cysteine-rich secretory protein 3",1,1,FALSE
"P54136","SYRC_HUMAN","RARS1","Arginine--tRNA ligase, cytoplasmic",24,24,FALSE
"P54289","CA2D1_HUMAN","CACNA2D1","Voltage-dependent calcium channel subunit alpha-2/delta-1",45,43,FALSE
"P54296","MYOM2_HUMAN","MYOM2","Myomesin-2",93,93,FALSE
"P54577","SYYC_HUMAN","YARS1","Tyrosine--tRNA ligase, cytoplasmic",13,13,FALSE
"P54578","UBP14_HUMAN","USP14","Ubiquitin carboxyl-terminal hydrolase 14",25,25,FALSE
"P54619","AAKG1_HUMAN","PRKAG1","5'-AMP-activated protein kinase subunit gamma-1",12,9,FALSE
"P54646","AAPK2_HUMAN","PRKAA2","5'-AMP-activated protein kinase catalytic subunit alpha-2",20,16,FALSE
"P54652","HSP72_HUMAN","HSPA2","Heat shock-related 70 kDa protein 2",24,21,FALSE
"P54725","RD23A_HUMAN","RAD23A","UV excision repair protein RAD23 homolog A",13,10,FALSE
"P54727","RD23B_HUMAN","RAD23B","UV excision repair protein RAD23 homolog B",8,8,FALSE
"P54819","KAD2_HUMAN","AK2","Adenylate kinase 2, mitochondrial",17,17,FALSE
"P54840","GYS2_HUMAN","GYS2","Glycogen [starch] synthase, liver",2,2,FALSE
"P54868","HMCS2_HUMAN","HMGCS2","Hydroxymethylglutaryl-CoA synthase, mitochondrial",5,5,FALSE
"P54920","SNAA_HUMAN","NAPA","Alpha-soluble NSF attachment protein",18,16,FALSE
"P55010","IF5_HUMAN","EIF5","Eukaryotic translation initiation factor 5",16,16,FALSE
"P55036","PSMD4_HUMAN","PSMD4","26S proteasome non-ATPase regulatory subunit 4",13,10,FALSE
"P55039","DRG2_HUMAN","DRG2","Developmentally-regulated GTP-binding protein 2",10,10,FALSE
"P55042","RAD_HUMAN","RRAD","GTP-binding protein RAD",6,5,FALSE
"P55058","PLTP_HUMAN","PLTP","Phospholipid transfer protein",1,1,FALSE
"P55060","XPO2_HUMAN","CSE1L","Exportin-2",27,27,FALSE
"P55061","BI1_HUMAN","TMBIM6","Bax inhibitor 1",2,2,FALSE
"P55072","TERA_HUMAN","VCP","Transitional endoplasmic reticulum ATPase",51,51,FALSE
"P55083","MFAP4_HUMAN","MFAP4","Microfibril-associated glycoprotein 4",1,1,FALSE
"P55084","ECHB_HUMAN","HADHB","Trifunctional enzyme subunit beta, mitochondrial",28,28,FALSE
"P55087","AQP4_HUMAN","AQP4","Aquaporin-4",1,1,FALSE
"P55145","MANF_HUMAN","MANF","Mesencephalic astrocyte-derived neurotrophic factor",2,2,FALSE
"P55209","NP1L1_HUMAN","NAP1L1","Nucleosome assembly protein 1-like 1",4,4,FALSE
"P55210","CASP7_HUMAN","CASP7","Caspase-7",1,1,FALSE
"P55263","ADK_HUMAN","ADK","Adenosine kinase",15,15,FALSE
"P55268","LAMB2_HUMAN","LAMB2","Laminin subunit beta-2",34,34,FALSE
"P55290","CAD13_HUMAN","CDH13","Cadherin-13",17,17,FALSE
"P55327","TPD52_HUMAN","TPD52","Tumor protein D52",2,2,FALSE
"P55735","SEC13_HUMAN","SEC13","Protein SEC13 homolog",5,5,FALSE
"P55769","NH2L1_HUMAN","SNU13","NHP2-like protein 1",2,2,FALSE
"P55786","PSA_HUMAN","NPEPPS","Puromycin-sensitive aminopeptidase",50,33,FALSE
"P55789","ALR_HUMAN","GFER","FAD-linked sulfhydryl oxidase ALR",3,3,FALSE
"P55795","HNRH2_HUMAN","HNRNPH2","Heterogeneous nuclear ribonucleoprotein H2",4,4,FALSE
"P55809","SCOT1_HUMAN","OXCT1","Succinyl-CoA:3-ketoacid coenzyme A transferase 1, mitochondrial",10,9,FALSE
"P55822","SH3BG_HUMAN","SH3BGR","SH3 domain-binding glutamic acid-rich protein",8,8,FALSE
"P55884","EIF3B_HUMAN","EIF3B","Eukaryotic translation initiation factor 3 subunit B",13,13,FALSE
"P55899","FCGRN_HUMAN","FCGRT","IgG receptor FcRn large subunit p51",1,1,FALSE
"P55916","UCP3_HUMAN","UCP3","Mitochondrial uncoupling protein 3",1,1,FALSE
"P55957","BID_HUMAN","BID","BH3-interacting domain death agonist",2,0,TRUE
"P56134","ATPK_HUMAN","ATP5MF","ATP synthase subunit f, mitochondrial",2,2,FALSE
"P56181","NDUV3_HUMAN","NDUFV3","NADH dehydrogenase [ubiquinone] flavoprotein 3, mitochondrial",4,4,FALSE
"P56192","SYMC_HUMAN","MARS1","Methionine--tRNA ligase, cytoplasmic",9,9,FALSE
"P56199","ITA1_HUMAN","ITGA1","Integrin alpha-1",7,7,FALSE
"P56211","ARP19_HUMAN","ARPP19","cAMP-regulated phosphoprotein 19",3,3,FALSE
"P56277","CMC4_HUMAN","CMC4","Cx9C motif-containing protein 4",3,3,FALSE
"P56377","AP1S2_HUMAN","AP1S2","AP-1 complex subunit sigma-2",2,1,FALSE
"P56378","ATP68_HUMAN","ATP5MPL","ATP synthase subunit ATP5MPL, mitochondrial",3,3,FALSE
"P56381","AT5EL_HUMAN","ATP5F1E","ATP synthase subunit epsilon, mitochondrial",2,0,FALSE
"P56385","ATP5I_HUMAN","ATP5ME","ATP synthase subunit e, mitochondrial",4,4,FALSE
"P56537","IF6_HUMAN","EIF6","Eukaryotic translation initiation factor 6",5,5,FALSE
"P56539","CAV3_HUMAN","CAV3","Caveolin-3",3,3,FALSE
"P56556","NDUA6_HUMAN","NDUFA6","NADH dehydrogenase [ubiquinone] 1 alpha subcomplex subunit 6",8,8,FALSE
"P56945","BCAR1_HUMAN","BCAR1","Breast cancer anti-estrogen resistance protein 1",1,1,FALSE
"P57088","TMM33_HUMAN","TMEM33","Transmembrane protein 33",1,1,FALSE
"P57105","SYJ2B_HUMAN","SYNJ2BP","Synaptojanin-2-binding protein",6,6,FALSE
"P57721","PCBP3_HUMAN","PCBP3","Poly(rC)-binding protein 3",1,1,FALSE
"P57737","CORO7_HUMAN","CORO7","Coronin-7",1,1,FALSE
"P57772","SELB_HUMAN","EEFSEC","Selenocysteine-specific elongation factor",4,4,FALSE
"P58511","SI11A_HUMAN","SMIM11A","Small integral membrane protein 11A",1,1,FALSE
"P58546","MTPN_HUMAN","MTPN","Myotrophin",7,7,FALSE
"P59074","CHM4P_HUMAN","CHMP4BP1","Putative charged multivesicular body protein 4B-like protein CHMP4BP1",1,1,FALSE
"P59190","RAB15_HUMAN","RAB15","Ras-related protein Rab-15",1,1,FALSE
"P59665","DEF1_HUMAN","DEFA1","Neutrophil defensin 1",2,0,FALSE
"P59768","GBG2_HUMAN","GNG2","Guanine nucleotide-binding protein G(I)/G(S)/G(O) subunit gamma-2",2,2,FALSE
"P59998","ARPC4_HUMAN","ARPC4","Actin-related protein 2/3 complex subunit 4",4,4,FALSE
"P60033","CD81_HUMAN","CD81","CD81 antigen",3,3,FALSE
"P60174","TPIS_HUMAN","TPI1","Triosephosphate isomerase",21,21,FALSE
"P60228","EIF3E_HUMAN","EIF3E","Eukaryotic translation initiation factor 3 subunit E",14,14,FALSE
"P60468","SC61B_HUMAN","SEC61B","Protein transport protein Sec61 subunit beta",2,2,FALSE
"P60520","GBRL2_HUMAN","GABARAPL2","Gamma-aminobutyric acid receptor-associated protein-like 2",5,3,FALSE
"P60602","ROMO1_HUMAN","ROMO1","Reactive oxygen species modulator 1",2,2,FALSE
"P60660","MYL6_HUMAN","MYL6","Myosin light polypeptide 6",5,5,FALSE
"P60842","IF4A1_HUMAN","EIF4A1","Eukaryotic initiation factor 4A-I",8,8,FALSE
"P60866","RS20_HUMAN","RPS20","40S ribosomal protein S20",3,3,FALSE
"P60891","PRPS1_HUMAN","PRPS1","Ribose-phosphate pyrophosphokinase 1",14,5,FALSE
"P60900","PSA6_HUMAN","PSMA6","Proteasome subunit alpha type-6",12,12,FALSE
"P60903","S10AA_HUMAN","S100A10","Protein S100-A10",3,3,FALSE
"P60953","CDC42_HUMAN","CDC42","Cell division control protein 42 homolog",9,8,FALSE
"P60981","DEST_HUMAN","DSTN","Destrin",9,9,FALSE
"P60983","GMFB_HUMAN","GMFB","Glia maturation factor beta",4,3,FALSE
"P61006","RAB8A_HUMAN","RAB8A","Ras-related protein Rab-8A",1,1,FALSE
"P61009","SPCS3_HUMAN","SPCS3","Signal peptidase complex subunit 3",2,2,FALSE
"P61011","SRP54_HUMAN","SRP54","Signal recognition particle 54 kDa protein",2,2,FALSE
"P61019","RAB2A_HUMAN","RAB2A","Ras-related protein Rab-2A",11,6,FALSE
"P61020","RAB5B_HUMAN","RAB5B","Ras-related protein Rab-5B",9,6,FALSE
"P61026","RAB10_HUMAN","RAB10","Ras-related protein Rab-10",11,9,FALSE
"P61077","UB2D3_HUMAN","UBE2D3","Ubiquitin-conjugating enzyme E2 D3",3,1,FALSE
"P61081","UBC12_HUMAN","UBE2M","NEDD8-conjugating enzyme Ubc12",7,7,FALSE
"P61086","UBE2K_HUMAN","UBE2K","Ubiquitin-conjugating enzyme E2 K",8,8,FALSE
"P61088","UBE2N_HUMAN","UBE2N","Ubiquitin-conjugating enzyme E2 N",8,3,FALSE
"P61106","RAB14_HUMAN","RAB14","Ras-related protein Rab-14",12,12,FALSE
"P61129","ZC3H6_HUMAN","ZC3H6","Zinc finger CCCH domain-containing protein 6",1,0,FALSE
"P61158","ARP3_HUMAN","ACTR3","Actin-related protein 3",15,13,FALSE
"P61160","ARP2_HUMAN","ACTR2","Actin-related protein 2",8,8,FALSE
"P61163","ACTZ_HUMAN","ACTR1A","Alpha-centractin",14,8,FALSE
"P61165","TM258_HUMAN","TMEM258","Transmembrane protein 258",1,1,FALSE
"P61201","CSN2_HUMAN","COPS2","COP9 signalosome complex subunit 2",16,16,FALSE
"P61204","ARF1_HUMAN","ARF1","ADP-ribosylation factor 3",5,0,FALSE
"P61221","ABCE1_HUMAN","ABCE1","ATP-binding cassette sub-family E member 1",17,17,FALSE
"P61224","RAP1B_HUMAN","RAP1B","Ras-related protein Rap-1b",9,3,FALSE
"P61225","RAP2B_HUMAN","RAP2B","Ras-related protein Rap-2b",5,3,FALSE
"P61247","RS3A_HUMAN","RPS3A","40S ribosomal protein S3a",14,14,FALSE
"P61254","RL26_HUMAN","RPL26","60S ribosomal protein L26",5,1,FALSE
"P61313","RL15_HUMAN","RPL15","60S ribosomal protein L15",6,6,FALSE
"P61353","RL27_HUMAN","RPL27","60S ribosomal protein L27",5,5,FALSE
"P61421","VA0D1_HUMAN","ATP6V0D1","V-type proton ATPase subunit d 1",1,1,FALSE
"P61457","PHS_HUMAN","PCBD1","Pterin-4-alpha-carbinolamine dehydratase",6,6,FALSE
"P61513","RL37A_HUMAN","RPL37A","60S ribosomal protein L37a",3,3,FALSE
"P61586","RHOA_HUMAN","RHOA","Transforming protein RhoA",12,5,FALSE
"P61599","NAA20_HUMAN","NAA20","N-alpha-acetyltransferase 20",1,1,FALSE
"P61601","NCALD_HUMAN","NCALD","Neurocalcin-delta",2,2,FALSE
"P61604","CH10_HUMAN","HSPE1","10 kDa heat shock protein, mitochondrial",6,6,FALSE
"P61626","LYSC_HUMAN","LYZ","Lysozyme C",3,0,TRUE
"P61758","PFD3_HUMAN","VBP1","Prefoldin subunit 3",9,9,FALSE
"P61769","B2MG_HUMAN","B2M","Beta-2-microglobulin",3,0,TRUE
"P61803","DAD1_HUMAN","DAD1","Dolichyl-diphosphooligosaccharide--protein glycosyltransferase subunit DAD1",1,1,FALSE
"P61916","NPC2_HUMAN","NPC2","NPC intracellular cholesterol transporter 2",2,2,FALSE
"P61923","COPZ1_HUMAN","COPZ1","Coatomer subunit zeta-1",4,4,FALSE
"P61925","IPKA_HUMAN","PKIA","cAMP-dependent protein kinase inhibitor alpha",4,4,FALSE
"P61952","GBG11_HUMAN","GNG11","Guanine nucleotide-binding protein G(I)/G(S)/G(O) subunit gamma-11",1,1,FALSE
"P61956","SUMO2_HUMAN","SUMO2","Small ubiquitin-related modifier 2",2,1,FALSE
"P61960","UFM1_HUMAN","UFM1","Ubiquitin-fold modifier 1",3,3,FALSE
"P61962","DCAF7_HUMAN","DCAF7","DDB1- and CUL4-associated factor 7",2,2,FALSE
"P61970","NTF2_HUMAN","NUTF2","Nuclear transport factor 2",5,5,FALSE
"P61978","HNRPK_HUMAN","HNRNPK","Heterogeneous nuclear ribonucleoprotein K",19,19,FALSE
"P61981","1433G_HUMAN","YWHAG","14-3-3 protein gamma",13,11,FALSE
"P62070","RRAS2_HUMAN","RRAS2","Ras-related protein R-Ras2",7,7,FALSE
"P62072","TIM10_HUMAN","TIMM10","Mitochondrial import inner membrane translocase subunit Tim10",4,4,FALSE
"P62081","RS7_HUMAN","RPS7","40S ribosomal protein S7",6,6,FALSE
"P62136","PP1A_HUMAN","PPP1CA","Serine/threonine-protein phosphatase PP1-alpha catalytic subunit",1,1,FALSE
"P62140","PP1B_HUMAN","PPP1CB","Serine/threonine-protein phosphatase PP1-beta catalytic subunit",16,4,FALSE
"P62191","PRS4_HUMAN","PSMC1","26S proteasome regulatory subunit 4",17,17,FALSE
"P62195","PRS8_HUMAN","PSMC5","26S proteasome regulatory subunit 8",22,21,FALSE
"P62241","RS8_HUMAN","RPS8","40S ribosomal protein S8",8,8,FALSE
"P62244","RS15A_HUMAN","RPS15A","40S ribosomal protein S15a",6,6,FALSE
"P62249","RS16_HUMAN","RPS16","40S ribosomal protein S16",8,8,FALSE
"P62253","UB2G1_HUMAN","UBE2G1","Ubiquitin-conjugating enzyme E2 G1",5,5,FALSE
"P62256","UBE2H_HUMAN","UBE2H","Ubiquitin-conjugating enzyme E2 H",1,1,FALSE
"P62258","1433E_HUMAN","YWHAE","14-3-3 protein epsilon",20,17,FALSE
"P62263","RS14_HUMAN","RPS14","40S ribosomal protein S14",5,5,FALSE
"P62266","RS23_HUMAN","RPS23","40S ribosomal protein S23",4,4,FALSE
"P62269","RS18_HUMAN","RPS18","40S ribosomal protein S18",8,8,FALSE
"P62273","RS29_HUMAN","RPS29","40S ribosomal protein S29",2,2,FALSE
"P62277","RS13_HUMAN","RPS13","40S ribosomal protein S13",6,6,FALSE
"P62280","RS11_HUMAN","RPS11","40S ribosomal protein S11",8,8,FALSE
"P62304","RUXE_HUMAN","SNRPE","Small nuclear ribonucleoprotein E",1,1,FALSE
"P62306","RUXF_HUMAN","SNRPF","Small nuclear ribonucleoprotein F",2,2,FALSE
"P62310","LSM3_HUMAN","LSM3","U6 snRNA-associated Sm-like protein LSm3",1,1,FALSE
"P62312","LSM6_HUMAN","LSM6","U6 snRNA-associated Sm-like protein LSm6",3,3,FALSE
"P62314","SMD1_HUMAN","SNRPD1","Small nuclear ribonucleoprotein Sm D1",3,3,FALSE
"P62316","SMD2_HUMAN","SNRPD2","Small nuclear ribonucleoprotein Sm D2",3,3,FALSE
"P62318","SMD3_HUMAN","SNRPD3","Small nuclear ribonucleoprotein Sm D3",4,4,FALSE
"P62328","TYB4_HUMAN","TMSB4X","Thymosin beta-4",2,1,FALSE
"P62330","ARF6_HUMAN","ARF6","ADP-ribosylation factor 6",3,3,FALSE
"P62333","PRS10_HUMAN","PSMC6","26S proteasome regulatory subunit 10B",19,19,FALSE
"P62424","RL7A_HUMAN","RPL7A","60S ribosomal protein L7a",8,8,FALSE
"P62487","RPB7_HUMAN","POLR2G","DNA-directed RNA polymerase II subunit RPB7",1,1,FALSE
"P62495","ERF1_HUMAN","ETF1","Eukaryotic peptide chain release factor subunit 1",16,16,FALSE
"P62633","CNBP_HUMAN","CNBP","Cellular nucleic acid-binding protein",8,8,FALSE
"P62701","RS4X_HUMAN","RPS4X","40S ribosomal protein S4, X isoform",20,8,FALSE
"P62714","PP2AB_HUMAN","PPP2CB","Serine/threonine-protein phosphatase 2A catalytic subunit beta isoform",16,2,FALSE
"P62745","RHOB_HUMAN","RHOB","Rho-related GTP-binding protein RhoB",1,1,FALSE
"P62750","RL23A_HUMAN","RPL23A","60S ribosomal protein L23a",5,5,FALSE
"P62753","RS6_HUMAN","RPS6","40S ribosomal protein S6",9,9,FALSE
"P62805","H4_HUMAN","H4C1","Histone H4",9,9,FALSE
"P62820","RAB1A_HUMAN","RAB1A","Ras-related protein Rab-1A",8,3,FALSE
"P62826","RAN_HUMAN","RAN","GTP-binding nuclear protein Ran",11,11,FALSE
"P62829","RL23_HUMAN","RPL23","60S ribosomal protein L23",6,6,FALSE
"P62834","RAP1A_HUMAN","RAP1A","Ras-related protein Rap-1A",3,3,FALSE
"P62841","RS15_HUMAN","RPS15","40S ribosomal protein S15",3,3,FALSE
"P62847","RS24_HUMAN","RPS24","40S ribosomal protein S24",3,3,FALSE
"P62851","RS25_HUMAN","RPS25","40S ribosomal protein S25",4,4,FALSE
"P62854","RS26_HUMAN","RPS26","40S ribosomal protein S26",4,1,FALSE
"P62857","RS28_HUMAN","RPS28","40S ribosomal protein S28",3,3,FALSE
"P62873","GBB1_HUMAN","GNB1","Guanine nucleotide-binding protein G(I)/G(S)/G(T) subunit beta-1",11,5,FALSE
"P62877","RBX1_HUMAN","RBX1","E3 ubiquitin-protein ligase RBX1",3,3,FALSE
"P62879","GBB2_HUMAN","GNB2","Guanine nucleotide-binding protein G(I)/G(S)/G(T) subunit beta-2",5,3,FALSE
"P62888","RL30_HUMAN","RPL30","60S ribosomal protein L30",5,5,FALSE
"P62899","RL31_HUMAN","RPL31","60S ribosomal protein L31",3,3,FALSE
"P62906","RL10A_HUMAN","RPL10A","60S ribosomal protein L10a",8,8,FALSE
"P62910","RL32_HUMAN","RPL32","60S ribosomal protein L32",3,3,FALSE
"P62913","RL11_HUMAN","RPL11","60S ribosomal protein L11",5,5,FALSE
"P62917","RL8_HUMAN","RPL8","60S ribosomal protein L8",5,5,FALSE
"P62937","PPIA_HUMAN","PPIA","Peptidyl-prolyl cis-trans isomerase A",8,0,TRUE
"P62942","FKB1A_HUMAN","FKBP1A","Peptidyl-prolyl cis-trans isomerase FKBP1A",5,5,FALSE
"P62979","RS27A_HUMAN","RPS27A","Ubiquitin-40S ribosomal protein S27a",11,0,TRUE
"P62993","GRB2_HUMAN","GRB2","Growth factor receptor-bound protein 2",9,9,FALSE
"P62995","TRA2B_HUMAN","TRA2B","Transformer-2 protein homolog beta",1,1,FALSE
"P63000","RAC1_HUMAN","RAC1","Ras-related C3 botulinum toxin substrate 1",7,2,FALSE
"P63010","AP2B1_HUMAN","AP2B1","AP-2 complex subunit beta",22,10,FALSE
"P63027","VAMP2_HUMAN","VAMP2","Vesicle-associated membrane protein 2",1,1,FALSE
"P63096","GNAI1_HUMAN","GNAI1","Guanine nucleotide-binding protein G(i) subunit alpha-1",2,2,FALSE
"P63098","CANB1_HUMAN","PPP3R1","Calcineurin subunit B type 1",7,6,FALSE
"P63104","1433Z_HUMAN","YWHAZ","14-3-3 protein zeta/delta",14,13,FALSE
"P63146","UBE2B_HUMAN","UBE2B","Ubiquitin-conjugating enzyme E2 B",2,1,FALSE
"P63151","2ABA_HUMAN","PPP2R2A","Serine/threonine-protein phosphatase 2A 55 kDa regulatory subunit B alpha isoform",13,6,FALSE
"P63162","RSMB_HUMAN","SNRPB","Small nuclear ribonucleoprotein-associated proteins B and B'",4,0,FALSE
"P63167","DYL1_HUMAN","DYNLL1","Dynein light chain 1, cytoplasmic",1,1,FALSE
"P63172","DYLT1_HUMAN","DYNLT1","Dynein light chain Tctex-type 1",3,3,FALSE
"P63173","RL38_HUMAN","RPL38","60S ribosomal protein L38",2,2,FALSE
"P63208","SKP1_HUMAN","SKP1","S-phase kinase-associated protein 1",13,13,FALSE
"P63218","GBG5_HUMAN","GNG5","Guanine nucleotide-binding protein G(I)/G(S)/G(O) subunit gamma-5",1,1,FALSE
"P63220","RS21_HUMAN","RPS21","40S ribosomal protein S21",5,5,FALSE
"P63241","IF5A1_HUMAN","EIF5A","Eukaryotic translation initiation factor 5A-1",11,3,FALSE
"P63244","RACK1_HUMAN","RACK1","Receptor of activated protein C kinase 1",15,15,FALSE
"P63261","ACTG_HUMAN","ACTG1","Actin, cytoplasmic 2",12,1,FALSE
"P63267","ACTH_HUMAN","ACTG2","Actin, gamma-enteric smooth muscle",3,1,FALSE
"P63279","UBC9_HUMAN","UBE2I","SUMO-conjugating enzyme UBC9",4,0,TRUE
"P63302","SELW_HUMAN","SELENOW","Selenoprotein W",4,4,FALSE
"P63313","TYB10_HUMAN","TMSB10","Thymosin beta-10",1,1,FALSE
"P63316","TNNC1_HUMAN","TNNC1","Troponin C, slow skeletal and cardiac muscles",11,11,FALSE
"P67775","PP2AA_HUMAN","PPP2CA","Serine/threonine-protein phosphatase 2A catalytic subunit alpha isoform",2,2,FALSE
"P67809","YBOX1_HUMAN","YBX1","Y-box-binding protein 1",10,6,FALSE
"P67812","SC11A_HUMAN","SEC11A","Signal peptidase complex catalytic subunit SEC11A",3,3,FALSE
"P67870","CSK2B_HUMAN","CSNK2B","Casein kinase II subunit beta",3,3,FALSE
"P67936","TPM4_HUMAN","TPM4","Tropomyosin alpha-4 chain",7,7,FALSE
"P68036","UB2L3_HUMAN","UBE2L3","Ubiquitin-conjugating enzyme E2 L3",8,3,FALSE
"P68104","EF1A1_HUMAN","EEF1A1","Elongation factor 1-alpha 1",10,0,FALSE
"P68133","ACTS_HUMAN","ACTA1","Actin, alpha skeletal muscle",27,4,FALSE
"P68366","TBA4A_HUMAN","TUBA4A","Tubulin alpha-4A chain",14,5,FALSE
"P68371","TBB4B_HUMAN","TUBB4B","Tubulin beta-4B chain",3,1,FALSE
"P68400","CSK21_HUMAN","CSNK2A1","Casein kinase II subunit alpha",8,2,FALSE
"P68402","PA1B2_HUMAN","PAFAH1B2","Platelet-activating factor acetylhydrolase IB subunit beta",3,3,FALSE
"P68871","HBB_HUMAN","HBB","Hemoglobin subunit beta",14,0,TRUE
"P69849","NOMO1_HUMAN","NOMO1","Nodal modulator 3",5,0,FALSE
"P69891","HBG1_HUMAN","HBG1","Hemoglobin subunit gamma-1",10,1,FALSE
"P69892","HBG2_HUMAN","HBG2","Hemoglobin subunit gamma-2",1,1,FALSE
"P69905","HBA_HUMAN","HBA1","Hemoglobin subunit alpha",16,0,TRUE
"P78318","IGBP1_HUMAN","IGBP1","Immunoglobulin-binding protein 1",8,8,FALSE
"P78344","IF4G2_HUMAN","EIF4G2","Eukaryotic translation initiation factor 4 gamma 2",12,12,FALSE
"P78347","GTF2I_HUMAN","GTF2I","General transcription factor II-I",3,3,FALSE
"P78356","PI42B_HUMAN","PIP4K2B","Phosphatidylinositol 5-phosphate 4-kinase type-2 beta",7,5,FALSE
"P78371","TCPB_HUMAN","CCT2","T-complex protein 1 subunit beta",29,29,FALSE
"P78417","GSTO1_HUMAN","GSTO1","Glutathione S-transferase omega-1",13,13,FALSE
"P78527","PRKDC_HUMAN","PRKDC","DNA-dependent protein kinase catalytic subunit",15,15,FALSE
"P78559","MAP1A_HUMAN","MAP1A","Microtubule-associated protein 1A",3,3,FALSE
"P78560","CRADD_HUMAN","CRADD","Death domain-containing protein CRADD",4,4,FALSE
"P79483","DRB3_HUMAN","HLA-DRB3","HLA class II histocompatibility antigen, DR beta 3 chain",3,1,FALSE
"P80108","PHLD_HUMAN","GPLD1","Phosphatidylinositol-glycan-specific phospholipase D",1,1,FALSE
"P80188","NGAL_HUMAN","LCN2","Neutrophil gelatinase-associated lipocalin",2,2,FALSE
"P80723","BASP1_HUMAN","BASP1","Brain acid soluble protein 1",9,9,FALSE
"P80748","LV321_HUMAN","IGLV3-21","Immunoglobulin lambda variable 3-21",4,2,FALSE
"P81605","DCD_HUMAN","DCD","Dermcidin",1,1,FALSE
"P82650","RT22_HUMAN","MRPS22","28S ribosomal protein S22, mitochondrial",7,7,FALSE
"P82663","RT25_HUMAN","MRPS25","28S ribosomal protein S25, mitochondrial",3,3,FALSE
"P82664","RT10_HUMAN","MRPS10","28S ribosomal protein S10, mitochondrial",3,3,FALSE
"P82673","RT35_HUMAN","MRPS35","28S ribosomal protein S35, mitochondrial",6,6,FALSE
"P82675","RT05_HUMAN","MRPS5","28S ribosomal protein S5, mitochondrial",4,4,FALSE
"P82909","RT36_HUMAN","MRPS36","28S ribosomal protein S36, mitochondrial",6,6,FALSE
"P82912","RT11_HUMAN","MRPS11","28S ribosomal protein S11, mitochondrial",2,2,FALSE
"P82914","RT15_HUMAN","MRPS15","28S ribosomal protein S15, mitochondrial",2,2,FALSE
"P82921","RT21_HUMAN","MRPS21","28S ribosomal protein S21, mitochondrial",2,2,FALSE
"P82930","RT34_HUMAN","MRPS34","28S ribosomal protein S34, mitochondrial",4,4,FALSE
"P82933","RT09_HUMAN","MRPS9","28S ribosomal protein S9, mitochondrial",4,4,FALSE
"P82970","HMGN5_HUMAN","HMGN5","High mobility group nucleosome-binding domain-containing protein 5",1,1,FALSE
"P82979","SARNP_HUMAN","SARNP","SAP domain-containing ribonucleoprotein",3,3,FALSE
"P83111","LACTB_HUMAN","LACTB","Serine beta-lactamase-like protein LACTB, mitochondrial",19,19,FALSE
"P83731","RL24_HUMAN","RPL24","60S ribosomal protein L24",4,4,FALSE
"P84022","SMAD3_HUMAN","SMAD3","Mothers against decapentaplegic homolog 3",2,2,FALSE
"P84085","ARF5_HUMAN","ARF5","ADP-ribosylation factor 5",4,4,FALSE
"P84090","ERH_HUMAN","ERH","Enhancer of rudimentary homolog",3,3,FALSE
"P84095","RHOG_HUMAN","RHOG","Rho-related GTP-binding protein RhoG",5,5,FALSE
"P84098","RL19_HUMAN","RPL19","60S ribosomal protein L19",4,4,FALSE
"P84103","SRSF3_HUMAN","SRSF3","Serine/arginine-rich splicing factor 3",3,2,FALSE
"P84157","MXRA7_HUMAN","MXRA7","Matrix-remodeling-associated protein 7",4,4,FALSE
"P84243","H31T_HUMAN","H3-3A","Histone H3.1",2,0,FALSE
"P98082","DAB2_HUMAN","DAB2","Disabled homolog 2",1,1,FALSE
"P98095","FBLN2_HUMAN","FBLN2","Fibulin-2",9,9,FALSE
"P98160","PGBM_HUMAN","HSPG2","Basement membrane-specific heparan sulfate proteoglycan core protein",104,104,FALSE
"P98170","XIAP_HUMAN","XIAP","E3 ubiquitin-protein ligase XIAP",1,1,FALSE
"P98179","RBM3_HUMAN","RBM3","RNA-binding protein 3",2,2,FALSE
"P98194","AT2C1_HUMAN","ATP2C1","Calcium-transporting ATPase type 2C member 1",1,1,FALSE
"P99999","CYC_HUMAN","CYCS","Cytochrome c",7,0,TRUE
"Q00013","EM55_HUMAN","MPP1","55 kDa erythrocyte membrane protein",9,9,FALSE
"Q00059","TFAM_HUMAN","TFAM","Transcription factor A, mitochondrial",8,8,FALSE
"Q00169","PIPNA_HUMAN","PITPNA","Phosphatidylinositol transfer protein alpha isoform",5,5,FALSE
"Q00325","MPCP_HUMAN","SLC25A3","Phosphate carrier protein, mitochondrial",13,13,FALSE
"Q00341","VIGLN_HUMAN","HDLBP","Vigilin",11,11,FALSE
"Q00535","CDK5_HUMAN","CDK5","Cyclin-dependent-like kinase 5",3,3,FALSE
"Q00536","CDK16_HUMAN","CDK16","Cyclin-dependent kinase 16",1,0,FALSE
"Q00577","PURA_HUMAN","PURA","Transcriptional activator protein Pur-alpha",6,6,FALSE
"Q00610","CLH1_HUMAN","CLTC","Clathrin heavy chain 1",52,37,FALSE
"Q00688","FKBP3_HUMAN","FKBP3","Peptidyl-prolyl cis-trans isomerase FKBP3",9,9,FALSE
"Q00765","REEP5_HUMAN","REEP5","Receptor expression-enhancing protein 5",5,5,FALSE
"Q00796","DHSO_HUMAN","SORD","Sorbitol dehydrogenase",8,8,FALSE
"Q00839","HNRPU_HUMAN","HNRNPU","Heterogeneous nuclear ribonucleoprotein U",15,15,FALSE
"Q00872","MYPC1_HUMAN","MYBPC1","Myosin-binding protein C, slow-type",70,68,FALSE
"Q00G26","PLIN5_HUMAN","PLIN5","Perilipin-5",16,16,FALSE
"Q01082","SPTB2_HUMAN","SPTBN1","Spectrin beta chain, non-erythrocytic 1",62,62,FALSE
"Q01085","TIAR_HUMAN","TIAL1","Nucleolysin TIAR",5,2,FALSE
"Q01105","SET_HUMAN","SET","Protein SET",5,2,FALSE
"Q01130","SRSF2_HUMAN","SRSF2","Serine/arginine-rich splicing factor 2",4,3,FALSE
"Q01432","AMPD3_HUMAN","AMPD3","AMP deaminase 3",5,5,FALSE
"Q01469","FABP5_HUMAN","FABP5","Fatty acid-binding protein 5",10,9,FALSE
"Q01484","ANK2_HUMAN","ANK2","Ankyrin-2",15,15,FALSE
"Q01518","CAP1_HUMAN","CAP1","Adenylyl cyclase-associated protein 1",18,18,FALSE
"Q01628","IFM3_HUMAN","IFITM3","Interferon-induced transmembrane protein 3",2,1,FALSE
"Q01804","OTUD4_HUMAN","OTUD4","OTU domain-containing protein 4",5,5,FALSE
"Q01813","PFKAP_HUMAN","PFKP","ATP-dependent 6-phosphofructokinase, platelet type",1,1,FALSE
"Q01814","AT2B2_HUMAN","ATP2B2","Plasma membrane calcium-transporting ATPase 2",13,9,FALSE
"Q01844","EWS_HUMAN","EWSR1","RNA-binding protein EWS",2,2,FALSE
"Q01995","TAGL_HUMAN","TAGLN","Transgelin",19,18,FALSE
"Q02045","MYL5_HUMAN","MYL5","Myosin light chain 5",2,2,FALSE
"Q02127","PYRD_HUMAN","DHODH","Dihydroorotate dehydrogenase (quinone), mitochondrial",5,5,FALSE
"Q02161","RHCE_HUMAN","RHCE","Blood group Rh(CE) polypeptide",2,0,FALSE
"Q02218","ODO1_HUMAN","OGDH","2-oxoglutarate dehydrogenase, mitochondrial",52,43,FALSE
"Q02221","CX6A2_HUMAN","COX6A2","Cytochrome c oxidase subunit 6A2, mitochondrial",2,2,FALSE
"Q02252","MMSA_HUMAN","ALDH6A1","Methylmalonate-semialdehyde dehydrogenase [acylating], mitochondrial",19,19,FALSE
"Q02318","CP27A_HUMAN","CYP27A1","Sterol 26-hydroxylase, mitochondrial",4,4,FALSE
"Q02338","BDH_HUMAN","BDH1","D-beta-hydroxybutyrate dehydrogenase, mitochondrial",12,12,FALSE
"Q02543","RL18A_HUMAN","RPL18A","60S ribosomal protein L18a",4,4,FALSE
"Q02641","CACB1_HUMAN","CACNB1","Voltage-dependent L-type calcium channel subunit beta-1",13,8,FALSE
"Q02750","MP2K1_HUMAN","MAP2K1","Dual specificity mitogen-activated protein kinase kinase 1",10,7,FALSE
"Q02790","FKBP4_HUMAN","FKBP4","Peptidyl-prolyl cis-trans isomerase FKBP4",18,18,FALSE
"Q02818","NUCB1_HUMAN","NUCB1","Nucleobindin-1",13,13,FALSE
"Q02878","RL6_HUMAN","RPL6","60S ribosomal protein L6",11,11,FALSE
"Q02952","AKA12_HUMAN","AKAP12","A-kinase anchor protein 12",29,29,FALSE
"Q02978","M2OM_HUMAN","SLC25A11","Mitochondrial 2-oxoglutarate/malate carrier protein",21,21,FALSE
"Q03013","GSTM4_HUMAN","GSTM4","Glutathione S-transferase Mu 4",9,5,FALSE
"Q03135","CAV1_HUMAN","CAV1","Caveolin-1",8,7,FALSE
"Q03154","ACY1_HUMAN","ACY1","Aminoacylase-1",17,17,FALSE
"Q03169","TNAP2_HUMAN","TNFAIP2","Tumor necrosis factor alpha-induced protein 2",3,3,FALSE
"Q03252","LMNB2_HUMAN","LMNB2","Lamin-B2",16,15,FALSE
"Q04206","TF65_HUMAN","RELA","Transcription factor p65",4,4,FALSE
"Q04323","UBXN1_HUMAN","UBXN1","UBX domain-containing protein 1",8,8,FALSE
"Q04446","GLGB_HUMAN","GBE1","1,4-alpha-glucan-branching enzyme",25,25,FALSE
"Q04637","IF4G1_HUMAN","EIF4G1","Eukaryotic translation initiation factor 4 gamma 1",43,38,FALSE
"Q04759","KPCT_HUMAN","PRKCQ","Protein kinase C theta type",16,14,FALSE
"Q04760","LGUL_HUMAN","GLO1","Lactoylglutathione lyase",10,10,FALSE
"Q04837","SSBP_HUMAN","SSBP1","Single-stranded DNA-binding protein, mitochondrial",6,6,FALSE
"Q04917","1433F_HUMAN","YWHAH","14-3-3 protein eta",13,12,FALSE
"Q04941","PLP2_HUMAN","PLP2","Proteolipid protein 2",1,1,FALSE
"Q05086","UBE3A_HUMAN","UBE3A","Ubiquitin-protein ligase E3A",19,19,FALSE
"Q05315","LEG10_HUMAN","CLC","Galectin-10",1,1,FALSE
"Q05397","FAK1_HUMAN","PTK2","Focal adhesion kinase 1",2,2,FALSE
"Q05469","LIPS_HUMAN","LIPE","Hormone-sensitive lipase",12,12,FALSE
"Q05519","SRS11_HUMAN","SRSF11","Serine/arginine-rich splicing factor 11",1,1,FALSE
"Q05639","EF1A2_HUMAN","EEF1A2","Elongation factor 1-alpha 2",26,14,FALSE
"Q05682","CALD1_HUMAN","CALD1","Caldesmon",17,17,FALSE
"Q05707","COEA1_HUMAN","COL14A1","Collagen alpha-1(XIV) chain",35,35,FALSE
"Q06033","ITIH3_HUMAN","ITIH3","Inter-alpha-trypsin inhibitor heavy chain H3",2,2,FALSE
"Q06124","PTN11_HUMAN","PTPN11","Tyrosine-protein phosphatase non-receptor type 11",13,13,FALSE
"Q06136","KDSR_HUMAN","KDSR","3-ketodihydrosphingosine reductase",2,2,FALSE
"Q06190","P2R3A_HUMAN","PPP2R3A","Serine/threonine-protein phosphatase 2A regulatory subunit B'' subunit alpha",5,5,FALSE
"Q06210","GFPT1_HUMAN","GFPT1","Glutamine--fructose-6-phosphate aminotransferase [isomerizing] 1",9,9,FALSE
"Q06323","PSME1_HUMAN","PSME1","Proteasome activator complex subunit 1",14,14,FALSE
"Q06432","CCG1_HUMAN","CACNG1","Voltage-dependent calcium channel gamma-1 subunit",4,4,FALSE
"Q06828","FMOD_HUMAN","FMOD","Fibromodulin",12,12,FALSE
"Q06830","PRDX1_HUMAN","PRDX1","Peroxiredoxin-1",14,0,TRUE
"Q07020","RL18_HUMAN","RPL18","60S ribosomal protein L18",4,4,FALSE
"Q07021","C1QBP_HUMAN","C1QBP","Complement component 1 Q subcomponent-binding protein, mitochondrial",8,8,FALSE
"Q07065","CKAP4_HUMAN","CKAP4","Cytoskeleton-associated protein 4",10,10,FALSE
"Q07157","ZO1_HUMAN","TJP1","Tight junction protein ZO-1",3,3,FALSE
"Q07507","DERM_HUMAN","DPT","Dermatopontin",2,2,FALSE
"Q07666","KHDR1_HUMAN","KHDRBS1","KH domain-containing, RNA-binding, signal transduction-associated protein 1",2,2,FALSE
"Q07699","SCN1B_HUMAN","SCN1B","Sodium channel subunit beta-1",2,2,FALSE
"Q07812","BAX_HUMAN","BAX","Apoptosis regulator BAX",2,2,FALSE
"Q07866","KLC1_HUMAN","KLC1","Kinesin light chain 1",8,5,FALSE
"Q07954","LRP1_HUMAN","LRP1","Prolow-density lipoprotein receptor-related protein 1",20,20,FALSE
"Q07955","SRSF1_HUMAN","SRSF1","Serine/arginine-rich splicing factor 1",7,7,FALSE
"Q07960","RHG01_HUMAN","ARHGAP1","Rho GTPase-activating protein 1",11,11,FALSE
"Q08043","ACTN3_HUMAN","ACTN3","Alpha-actinin-3",49,48,FALSE
"Q08170","SRSF4_HUMAN","SRSF4","Serine/arginine-rich splicing factor 4",4,1,FALSE
"Q08174","PCDH1_HUMAN","PCDH1","Protocadherin-1",2,2,FALSE
"Q08209","PP2BA_HUMAN","PPP3CA","Serine/threonine-protein phosphatase 2B catalytic subunit alpha isoform",6,6,FALSE
"Q08211","DHX9_HUMAN","DHX9","ATP-dependent RNA helicase A",6,6,FALSE
"Q08257","QOR_HUMAN","CRYZ","Quinone oxidoreductase",17,17,FALSE
"Q08357","S20A2_HUMAN","SLC20A2","Sodium-dependent phosphate transporter 2",3,3,FALSE
"Q08380","LG3BP_HUMAN","LGALS3BP","Galectin-3-binding protein",9,9,FALSE
"Q08431","MFGM_HUMAN","MFGE8","Lactadherin",6,6,FALSE
"Q08495","DEMA_HUMAN","DMTN","Dematin",11,11,FALSE
"Q08499","PDE4D_HUMAN","PDE4D","cAMP-specific 3',5'-cyclic phosphodiesterase 4D",1,1,FALSE
"Q08623","HDHD1_HUMAN","PUDP","Pseudouridine-5'-phosphatase",9,9,FALSE
"Q08722","CD47_HUMAN","CD47","Leukocyte surface antigen CD47",2,2,FALSE
"Q08752","PPID_HUMAN","PPID","Peptidyl-prolyl cis-trans isomerase D",9,8,FALSE
"Q08AM6","VAC14_HUMAN","VAC14","Protein VAC14 homolog",2,2,FALSE
"Q08J23","NSUN2_HUMAN","NSUN2","RNA cytosine C(5)-methyltransferase NSUN2",6,6,FALSE
"Q09028","RBBP4_HUMAN","RBBP4","Histone-binding protein RBBP4",1,1,FALSE
"Q09666","AHNK_HUMAN","AHNAK","Neuroblast differentiation-associated protein AHNAK",211,210,FALSE
"Q0D2K2","KLH30_HUMAN","KLHL30","Kelch-like protein 30",2,2,FALSE
"Q0VAK6","LMOD3_HUMAN","LMOD3","Leiomodin-3",18,18,FALSE
"Q0VDG4","SCRN3_HUMAN","SCRN3","Secernin-3",13,13,FALSE
"Q0ZGT2","NEXN_HUMAN","NEXN","Nexilin",12,12,FALSE
"Q10471","GALT2_HUMAN","GALNT2","Polypeptide N-acetylgalactosaminyltransferase 2",2,2,FALSE
"Q10567","AP1B1_HUMAN","AP1B1","AP-1 complex subunit beta-1",7,7,FALSE
"Q10713","MPPA_HUMAN","PMPCA","Mitochondrial-processing peptidase subunit alpha",12,12,FALSE
"Q12765","SCRN1_HUMAN","SCRN1","Secernin-1",2,2,FALSE
"Q12768","WASC5_HUMAN","WASHC5","WASH complex subunit 5",4,4,FALSE
"Q12792","TWF1_HUMAN","TWF1","Twinfilin-1",2,2,FALSE
"Q12797","ASPH_HUMAN","ASPH","Aspartyl/asparaginyl beta-hydroxylase",9,9,FALSE
"Q12805","FBLN3_HUMAN","EFEMP1","EGF-containing fibulin-like extracellular matrix protein 1",10,10,FALSE
"Q12841","FSTL1_HUMAN","FSTL1","Follistatin-related protein 1",1,1,FALSE
"Q12846","STX4_HUMAN","STX4","Syntaxin-4",7,7,FALSE
"Q12849","GRSF1_HUMAN","GRSF1","G-rich sequence factor 1",4,4,FALSE
"Q12857","NFIA_HUMAN","NFIA","Nuclear factor 1 A-type",1,1,FALSE
"Q12874","SF3A3_HUMAN","SF3A3","Splicing factor 3A subunit 3",2,2,FALSE
"Q12884","SEPR_HUMAN","FAP","Prolyl endopeptidase FAP",1,1,FALSE
"Q12894","IFRD2_HUMAN","IFRD2","Interferon-related developmental regulator 2",1,1,FALSE
"Q12904","AIMP1_HUMAN","AIMP1","Aminoacyl tRNA synthase complex-interacting multifunctional protein 1",13,13,FALSE
"Q12905","ILF2_HUMAN","ILF2","Interleukin enhancer-binding factor 2",4,4,FALSE
"Q12906","ILF3_HUMAN","ILF3","Interleukin enhancer-binding factor 3",7,6,FALSE
"Q12907","LMAN2_HUMAN","LMAN2","Vesicular integral-membrane protein VIP36",6,6,FALSE
"Q12931","TRAP1_HUMAN","TRAP1","Heat shock protein 75 kDa, mitochondrial",24,24,FALSE
"Q12955","ANK3_HUMAN","ANK3","Ankyrin-3",15,14,FALSE
"Q12974","TP4A2_HUMAN","PTP4A2","Protein tyrosine phosphatase type IVA 2",1,0,FALSE
"Q12981","SEC20_HUMAN","BNIP1","Vesicle transport protein SEC20",1,1,FALSE
"Q12983","BNIP3_HUMAN","BNIP3","BCL2/adenovirus E1B 19 kDa protein-interacting protein 3",3,3,FALSE
"Q12988","HSPB3_HUMAN","HSPB3","Heat shock protein beta-3",9,9,FALSE
"Q13011","ECH1_HUMAN","ECH1","Delta(3,5)-Delta(2,4)-dienoyl-CoA isomerase, mitochondrial",15,15,FALSE
"Q13033","STRN3_HUMAN","STRN3","Striatin-3",10,9,FALSE
"Q13045","FLII_HUMAN","FLII","Protein flightless-1 homolog",5,5,FALSE
"Q13049","TRI32_HUMAN","TRIM32","E3 ubiquitin-protein ligase TRIM32",4,4,FALSE
"Q13057","COASY_HUMAN","COASY","Bifunctional coenzyme A synthase",6,6,FALSE
"Q13061","TRDN_HUMAN","TRDN","Triadin",18,18,FALSE
"Q13084","RM28_HUMAN","MRPL28","39S ribosomal protein L28, mitochondrial",2,2,FALSE
"Q13085","ACACA_HUMAN","ACACA","Acetyl-CoA carboxylase 1",6,6,FALSE
"Q13098","CSN1_HUMAN","GPS1","COP9 signalosome complex subunit 1",14,14,FALSE
"Q13126","MTAP_HUMAN","MTAP","S-methyl-5'-thioadenosine phosphorylase",12,12,FALSE
"Q13131","AAPK1_HUMAN","PRKAA1","5'-AMP-activated protein kinase catalytic subunit alpha-1",2,2,FALSE
"Q13137","CACO2_HUMAN","CALCOCO2","Calcium-binding and coiled-coil domain-containing protein 2",1,1,FALSE
"Q13144","EI2BE_HUMAN","EIF2B5","Translation initiation factor eIF-2B subunit epsilon",3,3,FALSE
"Q13148","TADBP_HUMAN","TARDBP","TAR DNA-binding protein 43",6,6,FALSE
"Q13151","ROA0_HUMAN","HNRNPA0","Heterogeneous nuclear ribonucleoprotein A0",2,2,FALSE
"Q13153","PAK1_HUMAN","PAK1","Serine/threonine-protein kinase PAK 1",7,4,FALSE
"Q13155","AIMP2_HUMAN","AIMP2","Aminoacyl tRNA synthase complex-interacting multifunctional protein 2",5,5,FALSE
"Q13162","PRDX4_HUMAN","PRDX4","Peroxiredoxin-4",11,8,FALSE
"Q13177","PAK2_HUMAN","PAK2","Serine/threonine-protein kinase PAK 2",15,11,FALSE
"Q13185","CBX3_HUMAN","CBX3","Chromobox protein homolog 3",3,2,FALSE
"Q13200","PSMD2_HUMAN","PSMD2","26S proteasome non-ATPase regulatory subunit 2",32,32,FALSE
"Q13203","MYBPH_HUMAN","MYBPH","Myosin-binding protein H",19,19,FALSE
"Q13217","DNJC3_HUMAN","DNAJC3","DnaJ homolog subfamily C member 3",1,1,FALSE
"Q13228","SBP1_HUMAN","SELENBP1","Methanethiol oxidase",28,28,FALSE
"Q13232","NDK3_HUMAN","NME3","Nucleoside diphosphate kinase 3",2,2,FALSE
"Q13263","TIF1B_HUMAN","TRIM28","Transcription intermediary factor 1-beta",8,8,FALSE
"Q13283","G3BP1_HUMAN","G3BP1","Ras GTPase-activating protein-binding protein 1",7,6,FALSE
"Q13310","PABP4_HUMAN","PABPC4","Polyadenylate-binding protein 4",20,11,FALSE
"Q13326","SGCG_HUMAN","SGCG","Gamma-sarcoglycan",14,14,FALSE
"Q13347","EIF3I_HUMAN","EIF3I","Eukaryotic translation initiation factor 3 subunit I",9,9,FALSE
"Q13361","MFAP5_HUMAN","MFAP5","Microfibrillar-associated protein 5",3,3,FALSE
"Q13363","CTBP1_HUMAN","CTBP1","C-terminal-binding protein 1",6,5,FALSE
"Q13404","UB2V1_HUMAN","UBE2V1","Ubiquitin-conjugating enzyme E2 variant 1",2,2,FALSE
"Q13405","RM49_HUMAN","MRPL49","39S ribosomal protein L49, mitochondrial",3,3,FALSE
"Q13409","DC1I2_HUMAN","DYNC1I2","Cytoplasmic dynein 1 intermediate chain 2",10,10,FALSE
"Q13418","ILK_HUMAN","ILK","Integrin-linked protein kinase",16,16,FALSE
"Q13423","NNTM_HUMAN","NNT","NAD(P) transhydrogenase, mitochondrial",46,46,FALSE
"Q13424","SNTA1_HUMAN","SNTA1","Alpha-1-syntrophin",20,19,FALSE
"Q13425","SNTB2_HUMAN","SNTB2","Beta-2-syntrophin",11,11,FALSE
"Q13435","SF3B2_HUMAN","SF3B2","Splicing factor 3B subunit 2",2,2,FALSE
"Q13439","GOGA4_HUMAN","GOLGA4","Golgin subfamily A member 4",1,1,FALSE
"Q13442","HAP28_HUMAN","PDAP1","28 kDa heat- and acid-stable phosphoprotein",6,6,FALSE
"Q13445","TMED1_HUMAN","TMED1","Transmembrane emp24 domain-containing protein 1",4,4,FALSE
"Q13451","FKBP5_HUMAN","FKBP5","Peptidyl-prolyl cis-trans isomerase FKBP5",11,11,FALSE
"Q13485","SMAD4_HUMAN","SMAD4","Mothers against decapentaplegic homolog 4",2,2,FALSE
"Q13492","PICAL_HUMAN","PICALM","Phosphatidylinositol-binding clathrin assembly protein",9,8,FALSE
"Q13496","MTM1_HUMAN","MTM1","Myotubularin",10,10,FALSE
"Q13501","SQSTM_HUMAN","SQSTM1","Sequestosome-1",9,9,FALSE
"Q13505","MTX1_HUMAN","MTX1","Metaxin-1",7,7,FALSE
"Q13508","NAR3_HUMAN","ART3","Ecto-ADP-ribosyltransferase 3",9,9,FALSE
"Q13509","TBB3_HUMAN","TUBB3","Tubulin beta-3 chain",1,1,FALSE
"Q13510","ASAH1_HUMAN","ASAH1","Acid ceramidase",8,8,FALSE
"Q13522","PPR1A_HUMAN","PPP1R1A","Protein phosphatase 1 regulatory subunit 1A",3,3,FALSE
"Q13526","PIN1_HUMAN","PIN1","Peptidyl-prolyl cis-trans isomerase NIMA-interacting 1",5,5,FALSE
"Q13541","4EBP1_HUMAN","EIF4EBP1","Eukaryotic translation initiation factor 4E-binding protein 1",3,3,FALSE
"Q13542","4EBP2_HUMAN","EIF4EBP2","Eukaryotic translation initiation factor 4E-binding protein 2",1,1,FALSE
"Q13554","KCC2B_HUMAN","CAMK2B","Calcium/calmodulin-dependent protein kinase type II subunit beta",16,11,FALSE
"Q13555","KCC2G_HUMAN","CAMK2G","Calcium/calmodulin-dependent protein kinase type II subunit gamma",11,11,FALSE
"Q13557","KCC2D_HUMAN","CAMK2D","Calcium/calmodulin-dependent protein kinase type II subunit delta",18,12,FALSE
"Q13561","DCTN2_HUMAN","DCTN2","Dynactin subunit 2",18,18,FALSE
"Q13564","ULA1_HUMAN","NAE1","NEDD8-activating enzyme E1 regulatory subunit",16,16,FALSE
"Q13574","DGKZ_HUMAN","DGKZ","Diacylglycerol kinase zeta",3,2,FALSE
"Q13576","IQGA2_HUMAN","IQGAP2","Ras GTPase-activating-like protein IQGAP2",3,3,FALSE
"Q13586","STIM1_HUMAN","STIM1","Stromal interaction molecule 1",19,19,FALSE
"Q13596","SNX1_HUMAN","SNX1","Sorting nexin-1",8,8,FALSE
"Q13616","CUL1_HUMAN","CUL1","Cullin-1",17,17,FALSE
"Q13617","CUL2_HUMAN","CUL2","Cullin-2",18,18,FALSE
"Q13618","CUL3_HUMAN","CUL3","Cullin-3",26,26,FALSE
"Q13619","CUL4A_HUMAN","CUL4A","Cullin-4A",24,19,FALSE
"Q13630","FCL_HUMAN","TSTA3","GDP-L-fucose synthase",7,7,FALSE
"Q13636","RAB31_HUMAN","RAB31","Ras-related protein Rab-31",1,1,FALSE
"Q13642","FHL1_HUMAN","FHL1","Four and a half LIM domains protein 1",27,27,FALSE
"Q13643","FHL3_HUMAN","FHL3","Four and a half LIM domains protein 3",11,11,FALSE
"Q13683","ITA7_HUMAN","ITGA7","Integrin alpha-7",17,17,FALSE
"Q13685","AAMP_HUMAN","AAMP","Angio-associated migratory cell protein",4,4,FALSE
"Q13698","CAC1S_HUMAN","CACNA1S","Voltage-dependent L-type calcium channel subunit alpha-1S",30,25,FALSE
"Q13724","MOGS_HUMAN","MOGS","Mannosyl-oligosaccharide glucosidase",5,5,FALSE
"Q13790","APOF_HUMAN","APOF","Apolipoprotein F",1,1,FALSE
"Q13813","SPTN1_HUMAN","SPTAN1","Spectrin alpha chain, non-erythrocytic 1",69,69,FALSE
"Q13825","AUHM_HUMAN","AUH","Methylglutaconyl-CoA hydratase, mitochondrial",7,7,FALSE
"Q13838","DX39B_HUMAN","DDX39B","Spliceosome RNA helicase DDX39B",11,6,FALSE
"Q13867","BLMH_HUMAN","BLMH","Bleomycin hydrolase",16,16,FALSE
"Q13884","SNTB1_HUMAN","SNTB1","Beta-1-syntrophin",17,16,FALSE
"Q13885","TBB2A_HUMAN","TUBB2A","Tubulin beta-2A chain",4,1,FALSE
"Q13907","IDI1_HUMAN","IDI1","Isopentenyl-diphosphate Delta-isomerase 1",4,4,FALSE
"Q13951","PEBB_HUMAN","CBFB","Core-binding factor subunit beta",2,2,FALSE
"Q13976","KGP1_HUMAN","PRKG1","cGMP-dependent protein kinase 1",21,20,FALSE
"Q14008","CKAP5_HUMAN","CKAP5","Cytoskeleton-associated protein 5",5,5,FALSE
"Q14011","CIRBP_HUMAN","CIRBP","Cold-inducible RNA-binding protein",4,4,FALSE
"Q14061","COX17_HUMAN","COX17","Cytochrome c oxidase copper chaperone",4,4,FALSE
"Q14103","HNRPD_HUMAN","HNRNPD","Heterogeneous nuclear ribonucleoprotein D0",10,9,FALSE
"Q14108","SCRB2_HUMAN","SCARB2","Lysosome membrane protein 2",7,7,FALSE
"Q14112","NID2_HUMAN","NID2","Nidogen-2",13,13,FALSE
"Q14116","IL18_HUMAN","IL18","Interleukin-18",3,3,FALSE
"Q14118","DAG1_HUMAN","DAG1","Dystroglycan",14,14,FALSE
"Q14139","UBE4A_HUMAN","UBE4A","Ubiquitin conjugation factor E4 A",3,3,FALSE
"Q14152","EIF3A_HUMAN","EIF3A","Eukaryotic translation initiation factor 3 subunit A",25,25,FALSE
"Q14155","ARHG7_HUMAN","ARHGEF7","Rho guanine nucleotide exchange factor 7",1,1,FALSE
"Q14157","UBP2L_HUMAN","UBAP2L","Ubiquitin-associated protein 2-like",10,10,FALSE
"Q14160","SCRIB_HUMAN","SCRIB","Protein scribble homolog",1,1,FALSE
"Q14165","MLEC_HUMAN","MLEC","Malectin",11,11,FALSE
"Q14166","TTL12_HUMAN","TTLL12","Tubulin--tyrosine ligase-like protein 12",6,6,FALSE
"Q14195","DPYL3_HUMAN","DPYSL3","Dihydropyrimidinase-related protein 3",19,18,FALSE
"Q14197","ICT1_HUMAN","MRPL58","Peptidyl-tRNA hydrolase ICT1, mitochondrial",4,4,FALSE
"Q14203","DCTN1_HUMAN","DCTN1","Dynactin subunit 1",35,35,FALSE
"Q14204","DYHC1_HUMAN","DYNC1H1","Cytoplasmic dynein 1 heavy chain 1",154,154,FALSE
"Q14232","EI2BA_HUMAN","EIF2B1","Translation initiation factor eIF-2B subunit alpha",7,7,FALSE
"Q14240","IF4A2_HUMAN","EIF4A2","Eukaryotic initiation factor 4A-II",25,11,FALSE
"Q14247","SRC8_HUMAN","CTTN","Src substrate cortactin",9,9,FALSE
"Q14249","NUCG_HUMAN","ENDOG","Endonuclease G, mitochondrial",11,11,FALSE
"Q14254","FLOT2_HUMAN","FLOT2","Flotillin-2",10,10,FALSE
"Q14257","RCN2_HUMAN","RCN2","Reticulocalbin-2",5,5,FALSE
"Q14258","TRI25_HUMAN","TRIM25","E3 ubiquitin/ISG15 ligase TRIM25",10,10,FALSE
"Q14315","FLNC_HUMAN","FLNC","Filamin-C",176,159,FALSE
"Q14318","FKBP8_HUMAN","FKBP8","Peptidyl-prolyl cis-trans isomerase FKBP8",2,2,FALSE
"Q14324","MYPC2_HUMAN","MYBPC2","Myosin-binding protein C, fast-type",69,68,FALSE
"Q14344","GNA13_HUMAN","GNA13","Guanine nucleotide-binding protein subunit alpha-13",4,3,FALSE
"Q14353","GAMT_HUMAN","GAMT","Guanidinoacetate N-methyltransferase",11,11,FALSE
"Q14376","GALE_HUMAN","GALE","UDP-glucose 4-epimerase",2,2,FALSE
"Q14444","CAPR1_HUMAN","CAPRIN1","Caprin-1",2,2,FALSE
"Q14515","SPRL1_HUMAN","SPARCL1","SPARC-like protein 1",1,1,FALSE
"Q14520","HABP2_HUMAN","HABP2","Hyaluronan-binding protein 2",2,2,FALSE
"Q14554","PDIA5_HUMAN","PDIA5","Protein disulfide-isomerase A5",1,1,FALSE
"Q14558","KPRA_HUMAN","PRPSAP1","Phosphoribosyl pyrophosphate synthase-associated protein 1",8,8,FALSE
"Q14624","ITIH4_HUMAN","ITIH4","Inter-alpha-trypsin inhibitor heavy chain H4",22,22,FALSE
"Q14651","PLSI_HUMAN","PLS1","Plastin-1",1,1,FALSE
"Q14654","KCJ11_HUMAN","KCNJ11","ATP-sensitive inward rectifier potassium channel 11",1,1,FALSE
"Q14657","LAGE3_HUMAN","LAGE3","EKC/KEOPS complex subunit LAGE3",1,1,FALSE
"Q14677","EPN4_HUMAN","CLINT1","Clathrin interactor 1",6,6,FALSE
"Q14693","LPIN1_HUMAN","LPIN1","Phosphatidate phosphatase LPIN1",5,5,FALSE
"Q14694","UBP10_HUMAN","USP10","Ubiquitin carboxyl-terminal hydrolase 10",2,2,FALSE
"Q14696","MESD_HUMAN","MESD","LRP chaperone MESD",4,4,FALSE
"Q14697","GANAB_HUMAN","GANAB","Neutral alpha-glucosidase AB",31,31,FALSE
"Q14699","RFTN1_HUMAN","RFTN1","Raftlin",2,2,FALSE
"Q14714","SSPN_HUMAN","SSPN","Sarcospan",3,3,FALSE
"Q14728","MFS10_HUMAN","MFSD10","Major facilitator superfamily domain-containing protein 10",1,1,FALSE
"Q14738","2A5D_HUMAN","PPP2R5D","Serine/threonine-protein phosphatase 2A 56 kDa regulatory subunit delta isoform",9,6,FALSE
"Q14764","MVP_HUMAN","MVP","Major vault protein",8,8,FALSE
"Q14767","LTBP2_HUMAN","LTBP2","Latent-transforming growth factor beta-binding protein 2",2,2,FALSE
"Q147X3","NAA30_HUMAN","NAA30","N-alpha-acetyltransferase 30",1,1,FALSE
"Q14847","LASP1_HUMAN","LASP1","LIM and SH3 domain protein 1",8,8,FALSE
"Q14894","CRYM_HUMAN","CRYM","Ketimine reductase mu-crystallin",11,11,FALSE
"Q14914","PTGR1_HUMAN","PTGR1","Prostaglandin reductase 1",10,10,FALSE
"Q14938","NFIX_HUMAN","NFIX","Nuclear factor 1 X-type",2,1,FALSE
"Q14974","IMB1_HUMAN","KPNB1","Importin subunit beta-1",23,23,FALSE
"Q14980","NUMA1_HUMAN","NUMA1","Nuclear mitotic apparatus protein 1",11,11,FALSE
"Q14BN4","SLMAP_HUMAN","SLMAP","Sarcolemmal membrane-associated protein",21,21,FALSE
"Q14C86","GAPD1_HUMAN","GAPVD1","GTPase-activating protein and VPS9 domain-containing protein 1",6,6,FALSE
"Q14CX7","NAA25_HUMAN","NAA25","N-alpha-acetyltransferase 25, NatB auxiliary subunit",4,4,FALSE
"Q15005","SPCS2_HUMAN","SPCS2","Signal peptidase complex subunit 2",1,1,FALSE
"Q15006","EMC2_HUMAN","EMC2","ER membrane protein complex subunit 2",2,2,FALSE
"Q15008","PSMD6_HUMAN","PSMD6","26S proteasome non-ATPase regulatory subunit 6",13,13,FALSE
"Q15018","ABRX2_HUMAN","ABRAXAS2","BRISC complex subunit Abraxas 2",6,6,FALSE
"Q15019","SEPT2_HUMAN","SEPTIN2","Septin-2",10,10,FALSE
"Q15020","SART3_HUMAN","SART3","Squamous cell carcinoma antigen recognized by T-cells 3",2,2,FALSE
"Q15029","U5S1_HUMAN","EFTUD2","116 kDa U5 small nuclear ribonucleoprotein component",2,2,FALSE
"Q15031","SYLM_HUMAN","LARS2","Probable leucine--tRNA ligase, mitochondrial",2,2,FALSE
"Q15036","SNX17_HUMAN","SNX17","Sorting nexin-17",3,3,FALSE
"Q15042","RB3GP_HUMAN","RAB3GAP1","Rab3 GTPase-activating protein catalytic subunit",2,2,FALSE
"Q15046","SYK_HUMAN","KARS1","Lysine--tRNA ligase",20,20,FALSE
"Q15052","ARHG6_HUMAN","ARHGEF6","Rho guanine nucleotide exchange factor 6",4,2,FALSE
"Q15056","IF4H_HUMAN","EIF4H","Eukaryotic translation initiation factor 4H",7,7,FALSE
"Q15063","POSTN_HUMAN","POSTN","Periostin",14,14,FALSE
"Q15070","OXA1L_HUMAN","OXA1L","Mitochondrial inner membrane protein OXA1L",3,3,FALSE
"Q15075","EEA1_HUMAN","EEA1","Early endosome antigen 1",35,35,FALSE
"Q15084","PDIA6_HUMAN","PDIA6","Protein disulfide-isomerase A6",15,15,FALSE
"Q15102","PA1B3_HUMAN","PAFAH1B3","Platelet-activating factor acetylhydrolase IB subunit gamma",7,7,FALSE
"Q15111","PLCL1_HUMAN","PLCL1","Inactive phospholipase C-like protein 1",16,16,FALSE
"Q15113","PCOC1_HUMAN","PCOLCE","Procollagen C-endopeptidase enhancer 1",7,7,FALSE
"Q15119","PDK2_HUMAN","PDK2","[Pyruvate dehydrogenase (acetyl-transferring)] kinase isozyme 2, mitochondrial",11,11,FALSE
"Q15121","PEA15_HUMAN","PEA15","Astrocytic phosphoprotein PEA-15",3,3,FALSE
"Q15124","PGM5_HUMAN","PGM5","Phosphoglucomutase-like protein 5",24,24,FALSE
"Q15125","EBP_HUMAN","EBP","3-beta-hydroxysteroid-Delta(8),Delta(7)-isomerase",1,1,FALSE
"Q15126","PMVK_HUMAN","PMVK","Phosphomevalonate kinase",2,2,FALSE
"Q15149","PLEC_HUMAN","PLEC","Plectin",243,234,FALSE
"Q15165","PON2_HUMAN","PON2","Serum paraoxonase/arylesterase 2",1,1,FALSE
"Q15172","2A5A_HUMAN","PPP2R5A","Serine/threonine-protein phosphatase 2A 56 kDa regulatory subunit alpha isoform",9,9,FALSE
"Q15181","IPYR_HUMAN","PPA1","Inorganic pyrophosphatase",15,15,FALSE
"Q15185","TEBP_HUMAN","PTGES3","Prostaglandin E synthase 3",4,4,FALSE
"Q15208","STK38_HUMAN","STK38","Serine/threonine-protein kinase 38",1,1,FALSE
"Q15233","NONO_HUMAN","NONO","Non-POU domain-containing octamer-binding protein",9,9,FALSE
"Q15257","PTPA_HUMAN","PTPA","Serine/threonine-protein phosphatase 2A activator",7,7,FALSE
"Q15276","RABE1_HUMAN","RABEP1","Rab GTPase-binding effector protein 1",12,12,FALSE
"Q15286","RAB35_HUMAN","RAB35","Ras-related protein Rab-35",3,3,FALSE
"Q15293","RCN1_HUMAN","RCN1","Reticulocalbin-1",7,7,FALSE
"Q15323","K1H1_HUMAN","KRT31","Keratin, type I cuticular Ha1",1,0,TRUE
"Q15327","ANKR1_HUMAN","ANKRD1","Ankyrin repeat domain-containing protein 1",8,8,FALSE
"Q15363","TMED2_HUMAN","TMED2","Transmembrane emp24 domain-containing protein 2",5,5,FALSE
"Q15365","PCBP1_HUMAN","PCBP1","Poly(rC)-binding protein 1",16,11,FALSE
"Q15366","PCBP2_HUMAN","PCBP2","Poly(rC)-binding protein 2",6,5,FALSE
"Q15369","ELOC_HUMAN","ELOC","Elongin-C",6,6,FALSE
"Q15370","ELOB_HUMAN","ELOB","Elongin-B",9,9,FALSE
"Q15382","RHEB_HUMAN","RHEB","GTP-binding protein Rheb",2,2,FALSE
"Q15386","UBE3C_HUMAN","UBE3C","Ubiquitin-protein ligase E3C",11,11,FALSE
"Q15392","DHC24_HUMAN","DHCR24","Delta(24)-sterol reductase",7,7,FALSE
"Q15393","SF3B3_HUMAN","SF3B3","Splicing factor 3B subunit 3",2,2,FALSE
"Q15404","RSU1_HUMAN","RSU1","Ras suppressor protein 1",11,11,FALSE
"Q15413","RYR3_HUMAN","RYR3","Ryanodine receptor 3",2,2,FALSE
"Q15417","CNN3_HUMAN","CNN3","Calponin-3",8,7,FALSE
"Q15427","SF3B4_HUMAN","SF3B4","Splicing factor 3B subunit 4",1,1,FALSE
"Q15435","PP1R7_HUMAN","PPP1R7","Protein phosphatase 1 regulatory subunit 7",17,17,FALSE
"Q15436","SC23A_HUMAN","SEC23A","Protein transport protein Sec23A",10,9,FALSE
"Q15438","CYH1_HUMAN","CYTH1","Cytohesin-1",1,0,FALSE
"Q15477","SKIV2_HUMAN","SKIV2L","Helicase SKI2W",9,9,FALSE
"Q15493","RGN_HUMAN","RGN","Regucalcin",4,4,FALSE
"Q15526","SURF1_HUMAN","SURF1","Surfeit locus protein 1",4,4,FALSE
"Q15555","MARE2_HUMAN","MAPRE2","Microtubule-associated protein RP/EB family member 2",9,8,FALSE
"Q15582","BGH3_HUMAN","TGFBI","Transforming growth factor-beta-induced protein ig-h3",22,22,FALSE
"Q15599","NHRF2_HUMAN","SLC9A3R2","Na(+)/H(+) exchange regulatory cofactor NHE-RF2",3,3,FALSE
"Q15631","TSN_HUMAN","TSN","Translin",7,7,FALSE
"Q15637","SF01_HUMAN","SF1","Splicing factor 1",7,7,FALSE
"Q15642","CIP4_HUMAN","TRIP10","Cdc42-interacting protein 4",22,22,FALSE
"Q15651","HMGN3_HUMAN","HMGN3","High mobility group nucleosome-binding domain-containing protein 3",2,1,FALSE
"Q15653","IKBB_HUMAN","NFKBIB","NF-kappa-B inhibitor beta",2,2,FALSE
"Q15691","MARE1_HUMAN","MAPRE1","Microtubule-associated protein RP/EB family member 1",6,6,FALSE
"Q15714","T22D1_HUMAN","TSC22D1","TSC22 domain family protein 1",1,1,FALSE
"Q15717","ELAV1_HUMAN","ELAVL1","ELAV-like protein 1",2,2,FALSE
"Q15746","MYLK_HUMAN","MYLK","Myosin light chain kinase, smooth muscle",16,16,FALSE
"Q15750","TAB1_HUMAN","TAB1","TGF-beta-activated kinase 1 and MAP3K7-binding protein 1",2,2,FALSE
"Q15772","SPEG_HUMAN","SPEG","Striated muscle preferentially expressed protein kinase",47,47,FALSE
"Q15785","TOM34_HUMAN","TOMM34","Mitochondrial import receptor subunit TOM34",3,3,FALSE
"Q15796","SMAD2_HUMAN","SMAD2","Mothers against decapentaplegic homolog 2",4,2,FALSE
"Q15797","SMAD1_HUMAN","SMAD1","Mothers against decapentaplegic homolog 1",1,1,FALSE
"Q15811","ITSN1_HUMAN","ITSN1","Intersectin-1",2,2,FALSE
"Q15813","TBCE_HUMAN","TBCE","Tubulin-specific chaperone E",4,4,FALSE
"Q15814","TBCC_HUMAN","TBCC","Tubulin-specific chaperone C",3,3,FALSE
"Q15819","UB2V2_HUMAN","UBE2V2","Ubiquitin-conjugating enzyme E2 variant 2",7,3,FALSE
"Q15836","VAMP3_HUMAN","VAMP3","Vesicle-associated membrane protein 3",4,2,FALSE
"Q15843","NEDD8_HUMAN","NEDD8","NEDD8",4,0,TRUE
"Q15847","ADIRF_HUMAN","ADIRF","Adipogenesis regulatory factor",3,3,FALSE
"Q15848","ADIPO_HUMAN","ADIPOQ","Adiponectin",3,3,FALSE
"Q15884","F1892_HUMAN","FAM189A2","Protein FAM189A2",1,1,FALSE
"Q15907","RB11B_HUMAN","RAB11B","Ras-related protein Rab-11B",12,2,FALSE
"Q15942","ZYX_HUMAN","ZYX","Zyxin",17,17,FALSE
"Q16082","HSPB2_HUMAN","HSPB2","Heat shock protein beta-2",6,6,FALSE
"Q16134","ETFD_HUMAN","ETFDH","Electron transfer flavoprotein-ubiquinone oxidoreductase, mitochondrial",25,25,FALSE
"Q16181","SEPT7_HUMAN","SEPTIN7","Septin-7",12,11,FALSE
"Q16186","ADRM1_HUMAN","ADRM1","Proteasomal ubiquitin receptor ADRM1",4,4,FALSE
"Q16204","CCDC6_HUMAN","CCDC6","Coiled-coil domain-containing protein 6",3,3,FALSE
"Q16222","UAP1_HUMAN","UAP1","UDP-N-acetylhexosamine pyrophosphorylase",4,4,FALSE
"Q16270","IBP7_HUMAN","IGFBP7","Insulin-like growth factor-binding protein 7",2,2,FALSE
"Q16363","LAMA4_HUMAN","LAMA4","Laminin subunit alpha-4",13,13,FALSE
"Q16401","PSMD5_HUMAN","PSMD5","26S proteasome non-ATPase regulatory subunit 5",7,7,FALSE
"Q16527","CSRP2_HUMAN","CSRP2","Cysteine and glycine-rich protein 2",3,3,FALSE
"Q16531","DDB1_HUMAN","DDB1","DNA damage-binding protein 1",48,48,FALSE
"Q16537","2A5E_HUMAN","PPP2R5E","Serine/threonine-protein phosphatase 2A 56 kDa regulatory subunit epsilon isoform",3,3,FALSE
"Q16539","MK14_HUMAN","MAPK14","Mitogen-activated protein kinase 14",9,9,FALSE
"Q16543","CDC37_HUMAN","CDC37","Hsp90 co-chaperone Cdc37",10,10,FALSE
"Q16555","DPYL2_HUMAN","DPYSL2","Dihydropyrimidinase-related protein 2",27,22,FALSE
"Q16563","SYPL1_HUMAN","SYPL1","Synaptophysin-like protein 1",3,3,FALSE
"Q16576","RBBP7_HUMAN","RBBP7","Histone-binding protein RBBP7",10,5,FALSE
"Q16585","SGCB_HUMAN","SGCB","Beta-sarcoglycan",12,12,FALSE
"Q16586","SGCA_HUMAN","SGCA","Alpha-sarcoglycan",11,11,FALSE
"Q16595","FRDA_HUMAN","FXN","Frataxin, mitochondrial",4,4,FALSE
"Q16610","ECM1_HUMAN","ECM1","Extracellular matrix protein 1",4,4,FALSE
"Q16619","CTF1_HUMAN","CTF1","Cardiotrophin-1",2,2,FALSE
"Q16629","SRSF7_HUMAN","SRSF7","Serine/arginine-rich splicing factor 7",2,2,FALSE
"Q16630","CPSF6_HUMAN","CPSF6","Cleavage and polyadenylation specificity factor subunit 6",4,4,FALSE
"Q16643","DREB_HUMAN","DBN1","Drebrin",5,5,FALSE
"Q16644","MAPK3_HUMAN","MAPKAPK3","MAP kinase-activated protein kinase 3",2,2,FALSE
"Q16647","PTGIS_HUMAN","PTGIS","Prostacyclin synthase",2,2,FALSE
"Q16654","PDK4_HUMAN","PDK4","[Pyruvate dehydrogenase (acetyl-transferring)] kinase isozyme 4, mitochondrial",7,7,FALSE
"Q16658","FSCN1_HUMAN","FSCN1","Fascin",10,10,FALSE
"Q16666","IF16_HUMAN","IFI16","Gamma-interferon-inducible protein 16",8,7,FALSE
"Q16698","DECR_HUMAN","DECR1","2,4-dienoyl-CoA reductase, mitochondrial",20,20,FALSE
"Q16718","NDUA5_HUMAN","NDUFA5","NADH dehydrogenase [ubiquinone] 1 alpha subcomplex subunit 5",7,7,FALSE
"Q16740","CLPP_HUMAN","CLPP","ATP-dependent Clp protease proteolytic subunit, mitochondrial",5,5,FALSE
"Q16762","THTR_HUMAN","TST","Thiosulfate sulfurtransferase",10,10,FALSE
"Q16773","KAT1_HUMAN","KYAT1","Kynurenine--oxoglutarate transaminase 1",6,6,FALSE
"Q16774","KGUA_HUMAN","GUK1","Guanylate kinase",4,4,FALSE
"Q16775","GLO2_HUMAN","HAGH","Hydroxyacylglutathione hydrolase, mitochondrial",12,12,FALSE
"Q16777","H2A2A_HUMAN","HIST2H2AA3","Histone H2A type 2-C",1,0,FALSE
"Q16795","NDUA9_HUMAN","NDUFA9","NADH dehydrogenase [ubiquinone] 1 alpha subcomplex subunit 9, mitochondrial",22,22,FALSE
"Q16798","MAON_HUMAN","ME3","NADP-dependent malic enzyme, mitochondrial",1,1,FALSE
"Q16799","RTN1_HUMAN","RTN1","Reticulon-1",1,1,FALSE
"Q16816","PHKG1_HUMAN","PHKG1","Phosphorylase b kinase gamma catalytic chain, skeletal muscle/heart isoform",18,18,FALSE
"Q16821","PPR3A_HUMAN","PPP1R3A","Protein phosphatase 1 regulatory subunit 3A",51,51,FALSE
"Q16836","HCDH_HUMAN","HADH","Hydroxyacyl-coenzyme A dehydrogenase, mitochondrial",14,14,FALSE
"Q16851","UGPA_HUMAN","UGP2","UTP--glucose-1-phosphate uridylyltransferase",35,35,FALSE
"Q16853","AOC3_HUMAN","AOC3","Membrane primary amine oxidase",19,16,FALSE
"Q16864","VATF_HUMAN","ATP6V1F","V-type proton ATPase subunit F",1,1,FALSE
"Q16881","TRXR1_HUMAN","TXNRD1","Thioredoxin reductase 1, cytoplasmic",17,16,FALSE
"Q16890","TPD53_HUMAN","TPD52L1","Tumor protein D53",5,5,FALSE
"Q16891","MIC60_HUMAN","IMMT","MICOS complex subunit MIC60",49,49,FALSE
"Q18PE1","DOK7_HUMAN","DOK7","Protein Dok-7",1,1,FALSE
"Q1KMD3","HNRL2_HUMAN","HNRNPUL2","Heterogeneous nuclear ribonucleoprotein U-like protein 2",3,3,FALSE
"Q27J81","INF2_HUMAN","INF2","Inverted formin-2",4,4,FALSE
"Q2TAA2","IAH1_HUMAN","IAH1","Isoamyl acetate-hydrolyzing esterase 1 homolog",8,8,FALSE
"Q2TAL5","SMTL2_HUMAN","SMTNL2","Smoothelin-like protein 2",10,10,FALSE
"Q2TBA0","KLH40_HUMAN","KLHL40","Kelch-like protein 40",25,25,FALSE
"Q32MK0","MYLK3_HUMAN","MYLK3","Myosin light chain kinase 3",5,5,FALSE
"Q32MZ4","LRRF1_HUMAN","LRRFIP1","Leucine-rich repeat flightless-interacting protein 1",1,0,FALSE
"Q330K2","NDUF6_HUMAN","NDUFAF6","NADH dehydrogenase (ubiquinone) complex I, assembly factor 6",4,4,FALSE
"Q3KQU3","MA7D1_HUMAN","MAP7D1","MAP7 domain-containing protein 1",6,6,FALSE
"Q3LXA3","TKFC_HUMAN","TKFC","Triokinase/FMN cyclase",9,9,FALSE
"Q3SXM5","HSDL1_HUMAN","HSDL1","Inactive hydroxysteroid dehydrogenase-like protein 1",4,4,FALSE
"Q3SY69","AL1L2_HUMAN","ALDH1L2","Mitochondrial 10-formyltetrahydrofolate dehydrogenase",3,3,FALSE
"Q3YEC7","RABL6_HUMAN","RABL6","Rab-like protein 6",2,2,FALSE
"Q3ZCQ8","TIM50_HUMAN","TIMM50","Mitochondrial import inner membrane translocase subunit TIM50",13,13,FALSE
"Q3ZCW2","LEGL_HUMAN","LGALSL","Galectin-related protein",5,5,FALSE
"Q49AH0","CDNF_HUMAN","CDNF","Cerebral dopamine neurotrophic factor",5,5,FALSE
"Q49B96","COX19_HUMAN","COX19","Cytochrome c oxidase assembly protein COX19",3,3,FALSE
"Q4G0N4","NAKD2_HUMAN","NADK2","NAD kinase 2, mitochondrial",7,7,FALSE
"Q4G0W2","DUS28_HUMAN","DUSP28","Dual specificity phosphatase 28",5,5,FALSE
"Q4G176","ACSF3_HUMAN","ACSF3","Malonate--CoA ligase ACSF3, mitochondrial",4,4,FALSE
"Q4J6C6","PPCEL_HUMAN","PREPL","Prolyl endopeptidase-like",4,4,FALSE
"Q4KMP7","TB10B_HUMAN","TBC1D10B","TBC1 domain family member 10B",1,1,FALSE
"Q4KMQ2","ANO6_HUMAN","ANO6","Anoctamin-6",1,1,FALSE
"Q4VC31","CCD58_HUMAN","CCDC58","Coiled-coil domain-containing protein 58",5,5,FALSE
"Q4ZHG4","FNDC1_HUMAN","FNDC1","Fibronectin type III domain-containing protein 1",2,2,FALSE
"Q52LJ0","FA98B_HUMAN","FAM98B","Protein FAM98B",8,7,FALSE
"Q53EL6","PDCD4_HUMAN","PDCD4","Programmed cell death protein 4",2,2,FALSE
"Q53EU6","GPAT3_HUMAN","GPAT3","Glycerol-3-phosphate acyltransferase 3",3,3,FALSE
"Q53FA7","QORX_HUMAN","TP53I3","Quinone oxidoreductase PIG3",3,3,FALSE
"Q53FT3","HIKES_HUMAN","HIKESHI","Protein Hikeshi",4,4,FALSE
"Q53GG5","PDLI3_HUMAN","PDLIM3","PDZ and LIM domain protein 3",19,19,FALSE
"Q53GQ0","DHB12_HUMAN","HSD17B12","Very-long-chain 3-oxoacyl-CoA reductase",9,9,FALSE
"Q53GT1","KLH22_HUMAN","KLHL22","Kelch-like protein 22",2,2,FALSE
"Q53H12","AGK_HUMAN","AGK","Acylglycerol kinase, mitochondrial",2,2,FALSE
"Q53H82","LACB2_HUMAN","LACTB2","Endoribonuclease LACTB2",8,8,FALSE
"Q53HC9","EIPR1_HUMAN","EIPR1","EARP and GARP complex-interacting protein 1",3,3,FALSE
"Q53S33","BOLA3_HUMAN","BOLA3","BolA-like protein 3",2,2,FALSE
"Q53TN4","CYBR1_HUMAN","CYBRD1","Cytochrome b reductase 1",4,4,FALSE
"Q562R1","ACTBL_HUMAN","ACTBL2","Beta-actin-like protein 2",12,4,FALSE
"Q567U6","CCD93_HUMAN","CCDC93","Coiled-coil domain-containing protein 93",1,1,FALSE
"Q58FF6","H90B4_HUMAN","HSP90AB4P","Putative heat shock protein HSP 90-beta 4",1,1,FALSE
"Q58FF8","H90B2_HUMAN","HSP90AB2P","Putative heat shock protein HSP 90-beta 2",1,1,FALSE
"Q58WW2","DCAF6_HUMAN","DCAF6","DDB1- and CUL4-associated factor 6",18,18,FALSE
"Q5BJD5","TM41B_HUMAN","TMEM41B","Transmembrane protein 41B",1,1,FALSE
"Q5BKX8","CAVN4_HUMAN","CAVIN4","Caveolae-associated protein 4",16,16,FALSE
"Q5EBM0","CMPK2_HUMAN","CMPK2","UMP-CMP kinase 2, mitochondrial",2,2,FALSE
"Q5GLZ8","HERC4_HUMAN","HERC4","Probable E3 ubiquitin-protein ligase HERC4",11,11,FALSE
"Q5H9R7","PP6R3_HUMAN","PPP6R3","Serine/threonine-protein phosphatase 6 regulatory subunit 3",6,6,FALSE
"Q5HYI8","RABL3_HUMAN","RABL3","Rab-like protein 3",1,1,FALSE
"Q5HYK3","COQ5_HUMAN","COQ5","2-methoxy-6-polyprenyl-1,4-benzoquinol methylase, mitochondrial",16,16,FALSE
"Q5J8M3","EMC4_HUMAN","EMC4","ER membrane protein complex subunit 4",2,2,FALSE
"Q5JPH6","SYEM_HUMAN","EARS2","Probable glutamate--tRNA ligase, mitochondrial",4,4,FALSE
"Q5JR12","PPM1J_HUMAN","PPM1J","Protein phosphatase 1J",1,1,FALSE
"Q5JRA6","TGO1_HUMAN","MIA3","Transport and Golgi organization protein 1 homolog",3,3,FALSE
"Q5JRX3","PREP_HUMAN","PITRM1","Presequence protease, mitochondrial",26,26,FALSE
"Q5JSH3","WDR44_HUMAN","WDR44","WD repeat-containing protein 44",13,13,FALSE
"Q5JTJ3","COA6_HUMAN","COA6","Cytochrome c oxidase assembly factor 6 homolog",4,4,FALSE
"Q5JTV8","TOIP1_HUMAN","TOR1AIP1","Torsin-1A-interacting protein 1",4,4,FALSE
"Q5JVF3","PCID2_HUMAN","PCID2","PCI domain-containing protein 2",3,3,FALSE
"Q5JWF2","GNAS1_HUMAN","GNAS","Guanine nucleotide-binding protein G(s) subunit alpha isoforms short",12,10,FALSE
"Q5MNZ9","WIPI1_HUMAN","WIPI1","WD repeat domain phosphoinositide-interacting protein 1",3,3,FALSE
"Q5NDL2","EOGT_HUMAN","EOGT","EGF domain-specific O-linked N-acetylglucosamine transferase",3,3,FALSE
"Q5QJ74","TBCEL_HUMAN","TBCEL","Tubulin-specific chaperone cofactor E-like protein",4,4,FALSE
"Q5R3I4","TTC38_HUMAN","TTC38","Tetratricopeptide repeat protein 38",6,6,FALSE
"Q5RI15","COX20_HUMAN","COX20","Cytochrome c oxidase assembly protein COX20, mitochondrial",3,3,FALSE
"Q5SQH8","CF136_HUMAN","C6orf136","Uncharacterized protein C6orf136",3,3,FALSE
"Q5SRE7","PHYD1_HUMAN","PHYHD1","Phytanoyl-CoA dioxygenase domain-containing protein 1",6,6,FALSE
"Q5SSJ5","HP1B3_HUMAN","HP1BP3","Heterochromatin protein 1-binding protein 3",7,7,FALSE
"Q5SV97","PERM1_HUMAN","PERM1","PGC-1 and ERR-induced regulator in muscle protein 1",20,20,FALSE
"Q5SWX8","ODR4_HUMAN","ODR4","Protein odr-4 homolog",4,4,FALSE
"Q5T013","HYI_HUMAN","HYI","Putative hydroxypyruvate isomerase",3,3,FALSE
"Q5T1C6","THEM4_HUMAN","THEM4","Acyl-coenzyme A thioesterase THEM4",2,2,FALSE
"Q5T1M5","FKB15_HUMAN","FKBP15","FK506-binding protein 15",3,3,FALSE
"Q5T440","CAF17_HUMAN","IBA57","Putative transferase CAF17, mitochondrial",7,7,FALSE
"Q5T447","HECD3_HUMAN","HECTD3","E3 ubiquitin-protein ligase HECTD3",3,3,FALSE
"Q5T481","RBM20_HUMAN","RBM20","RNA-binding protein 20",5,5,FALSE
"Q5T4S7","UBR4_HUMAN","UBR4","E3 ubiquitin-protein ligase UBR4",24,24,FALSE
"Q5T653","RM02_HUMAN","MRPL2","39S ribosomal protein L2, mitochondrial",2,2,FALSE
"Q5T6F2","UBAP2_HUMAN","UBAP2","Ubiquitin-associated protein 2",7,7,FALSE
"Q5T6V5","QSPP_HUMAN","C9orf64","Queuosine salvage protein",5,5,FALSE
"Q5TA50","CPTP_HUMAN","CPTP","Ceramide-1-phosphate transfer protein",4,4,FALSE
"Q5TAQ9","DCAF8_HUMAN","DCAF8","DDB1- and CUL4-associated factor 8",9,9,FALSE
"Q5TC12","ATPF1_HUMAN","ATPAF1","ATP synthase mitochondrial F1 complex assembly factor 1",6,6,FALSE
"Q5TDH0","DDI2_HUMAN","DDI2","Protein DDI1 homolog 2",10,10,FALSE
"Q5TEU4","NDUF5_HUMAN","NDUFAF5","Arginine-hydroxylase NDUFAF5, mitochondrial",3,3,FALSE
"Q5TFE4","NT5D1_HUMAN","NT5DC1","5'-nucleotidase domain-containing protein 1",6,6,FALSE
"Q5TGZ0","MIC10_HUMAN","MICOS10","MICOS complex subunit MIC10",1,1,FALSE
"Q5U5X0","LYRM7_HUMAN","LYRM7","Complex III assembly factor LYRM7",3,3,FALSE
"Q5UCC4","EMC10_HUMAN","EMC10","ER membrane protein complex subunit 10",1,1,FALSE
"Q5VST9","OBSCN_HUMAN","OBSCN","Obscurin",232,232,FALSE
"Q5VT66","MARC1_HUMAN","MTARC1","Mitochondrial amidoxime-reducing component 1",4,4,FALSE
"Q5VTT5","MYOM3_HUMAN","MYOM3","Myomesin-3",76,76,FALSE
"Q5VU43","MYOME_HUMAN","PDE4DIP","Myomegalin",1,1,FALSE
"Q5VUM1","SDHF4_HUMAN","SDHAF4","Succinate dehydrogenase assembly factor 4, mitochondrial",1,1,FALSE
"Q5VVQ6","OTU1_HUMAN","YOD1","Ubiquitin thioesterase OTU1",2,2,FALSE
"Q5VW32","BROX_HUMAN","BROX","BRO1 domain-containing protein BROX",5,5,FALSE
"Q5VWP3","MLIP_HUMAN","MLIP","Muscular LMNA-interacting protein",11,11,FALSE
"Q5VWZ2","LYPL1_HUMAN","LYPLAL1","Lysophospholipase-like protein 1",5,5,FALSE
"Q5VXT5","SYPL2_HUMAN","SYPL2","Synaptophysin-like protein 2",7,7,FALSE
"Q5VYK3","ECM29_HUMAN","ECPAS","Proteasome adapter and scaffold protein ECM29",51,51,FALSE
"Q5VZP5","DUS27_HUMAN","DUSP27","Inactive dual specificity phosphatase 27",5,5,FALSE
"Q5W0V3","F16B1_HUMAN","FAM160B1","Protein FAM160B1",1,1,FALSE
"Q5XKP0","MIC13_HUMAN","MICOS13","MICOS complex subunit MIC13",4,4,FALSE
"Q5XPI4","RN123_HUMAN","RNF123","E3 ubiquitin-protein ligase RNF123",19,19,FALSE
"Q5ZPR3","CD276_HUMAN","CD276","CD276 antigen",2,2,FALSE
"Q63HQ2","EGFLA_HUMAN","EGFLAM","Pikachurin",2,2,FALSE
"Q63ZY3","KANK2_HUMAN","KANK2","KN motif and ankyrin repeat domain-containing protein 2",7,7,FALSE
"Q641Q2","WAC2A_HUMAN","WASHC2A","WASH complex subunit 2A",1,0,FALSE
"Q66K74","MAP1S_HUMAN","MAP1S","Microtubule-associated protein 1S",4,4,FALSE
"Q687X5","STEA4_HUMAN","STEAP4","Metalloreductase STEAP4",5,5,FALSE
"Q68D91","MBLC2_HUMAN","MBLAC2","Metallo-beta-lactamase domain-containing protein 2",2,2,FALSE
"Q68EM7","RHG17_HUMAN","ARHGAP17","Rho GTPase-activating protein 17",2,2,FALSE
"Q68J44","DUPD1_HUMAN","DUPD1","Dual specificity phosphatase DUPD1",6,6,FALSE
"Q69YU5","CL073_HUMAN","C12orf73","Uncharacterized protein C12orf73",3,3,FALSE
"Q6B0K9","HBM_HUMAN","HBM","Hemoglobin subunit mu",1,1,FALSE
"Q6B8I1","DS13A_HUMAN","DUSP13","Dual specificity protein phosphatase 13 isoform A",3,3,FALSE
"Q6DD88","ATLA3_HUMAN","ATL3","Atlastin-3",11,11,FALSE
"Q6DHV7","ADAL_HUMAN","ADAL","Adenosine deaminase-like protein",2,2,FALSE
"Q6DKJ4","NXN_HUMAN","NXN","Nucleoredoxin",12,12,FALSE
"Q6DKK2","TTC19_HUMAN","TTC19","Tetratricopeptide repeat protein 19, mitochondrial",1,1,FALSE
"Q6EEV4","GL1AD_HUMAN","POLR2M","DNA-directed RNA polymerase II subunit GRINL1A, isoforms 4/5",1,1,FALSE
"Q6FHJ7","SFRP4_HUMAN","SFRP4","Secreted frizzled-related protein 4",2,2,FALSE
"Q6FI81","CPIN1_HUMAN","CIAPIN1","Anamorsin",4,4,FALSE
"Q6GMV2","SMYD5_HUMAN","SMYD5","SET and MYND domain-containing protein 5",7,7,FALSE
"Q6GMV3","PTRD1_HUMAN","PTRHD1","Putative peptidyl-tRNA hydrolase PTRHD1",6,6,FALSE
"Q6GQQ9","OTU7B_HUMAN","OTUD7B","OTU domain-containing protein 7B",3,3,FALSE
"Q6H8Q1","ABLM2_HUMAN","ABLIM2","Actin-binding LIM protein 2",15,15,FALSE
"Q6IA86","ELP2_HUMAN","ELP2","Elongator complex protein 2",1,1,FALSE
"Q6IAA8","LTOR1_HUMAN","LAMTOR1","Ragulator complex protein LAMTOR1",4,4,FALSE
"Q6IAN0","DRS7B_HUMAN","DHRS7B","Dehydrogenase/reductase SDR family member 7B",11,11,FALSE
"Q6IB77","GLYAT_HUMAN","GLYAT","Glycine N-acyltransferase",2,2,FALSE
"Q6IBS0","TWF2_HUMAN","TWF2","Twinfilin-2",12,12,FALSE
"Q6ICL3","TNG2_HUMAN","TANGO2","Transport and Golgi organization protein 2 homolog",5,5,FALSE
"Q6IPR1","ETFR1_HUMAN","ETFRF1","Electron transfer flavoprotein regulatory factor 1",2,2,FALSE
"Q6IQ22","RAB12_HUMAN","RAB12","Ras-related protein Rab-12",10,9,FALSE
"Q6JBY9","CPZIP_HUMAN","RCSD1","CapZ-interacting protein",16,16,FALSE
"Q6L8Q7","PDE12_HUMAN","PDE12","2',5'-phosphodiesterase 12",3,3,FALSE
"Q6NSJ0","MYORG_HUMAN","MYORG","Myogenesis-regulating glycosidase",2,2,FALSE
"Q6NUK1","SCMC1_HUMAN","SLC25A24","Calcium-binding mitochondrial carrier protein SCaMC-1",8,8,FALSE
"Q6NUM9","RETST_HUMAN","RETSAT","All-trans-retinol 13,14-reductase",6,6,FALSE
"Q6NUN0","ACSM5_HUMAN","ACSM5","Acyl-coenzyme A synthetase ACSM5, mitochondrial",1,1,FALSE
"Q6NVU6","UFSP1_HUMAN","UFSP1","Inactive Ufm1-specific protease 1",1,1,FALSE
"Q6NVY1","HIBCH_HUMAN","HIBCH","3-hydroxyisobutyryl-CoA hydrolase, mitochondrial",19,19,FALSE
"Q6NW29","RWDD4_HUMAN","RWDD4","RWD domain-containing protein 4",2,2,FALSE
"Q6NXE6","ARMC6_HUMAN","ARMC6","Armadillo repeat-containing protein 6",2,2,FALSE
"Q6NXT6","TAPT1_HUMAN","TAPT1","Transmembrane anterior posterior transformation protein 1 homolog",4,4,FALSE
"Q6NYC8","PPR18_HUMAN","PPP1R18","Phostensin",1,1,FALSE
"Q6NZI2","CAVN1_HUMAN","CAVIN1","Caveolae-associated protein 1",14,14,FALSE
"Q6P179","ERAP2_HUMAN","ERAP2","Endoplasmic reticulum aminopeptidase 2",2,2,FALSE
"Q6P1A2","MBOA5_HUMAN","LPCAT3","Lysophospholipid acyltransferase 5",3,3,FALSE
"Q6P1L8","RM14_HUMAN","MRPL14","39S ribosomal protein L14, mitochondrial",2,2,FALSE
"Q6P1N0","C2D1A_HUMAN","CC2D1A","Coiled-coil and C2 domain-containing protein 1A",3,3,FALSE
"Q6P1N9","TATD1_HUMAN","TATDN1","Putative deoxyribonuclease TATDN1",13,13,FALSE
"Q6P1Q0","LTMD1_HUMAN","LETMD1","LETM1 domain-containing protein 1",1,1,FALSE
"Q6P1X6","CH082_HUMAN","C8orf82","UPF0598 protein C8orf82",5,5,FALSE
"Q6P3S6","FBX42_HUMAN","FBXO42","F-box only protein 42",1,1,FALSE
"Q6P4A7","SFXN4_HUMAN","SFXN4","Sideroflexin-4",3,3,FALSE
"Q6P4F2","FDX2_HUMAN","FDX2","Ferredoxin-2, mitochondrial",1,1,FALSE
"Q6P587","FAHD1_HUMAN","FAHD1","Acylpyruvase FAHD1, mitochondrial",9,9,FALSE
"Q6P5Q4","LMOD2_HUMAN","LMOD2","Leiomodin-2",8,8,FALSE
"Q6PCB7","S27A1_HUMAN","SLC27A1","Long-chain fatty acid transport protein 1",12,11,FALSE
"Q6PCE3","PGM2L_HUMAN","PGM2L1","Glucose 1,6-bisphosphate synthase",17,17,FALSE
"Q6PEY2","TBA3E_HUMAN","TUBA3E","Tubulin alpha-3E chain",2,0,FALSE
"Q6PGP7","TTC37_HUMAN","TTC37","Tetratricopeptide repeat protein 37",8,8,FALSE
"Q6PH85","DCNL2_HUMAN","DCUN1D2","DCN1-like protein 2",5,5,FALSE
"Q6PHR2","ULK3_HUMAN","ULK3","Serine/threonine-protein kinase ULK3",2,2,FALSE
"Q6PI48","SYDM_HUMAN","DARS2","Aspartate--tRNA ligase, mitochondrial",5,5,FALSE
"Q6PI78","TMM65_HUMAN","TMEM65","Transmembrane protein 65",3,3,FALSE
"Q6PIU2","NCEH1_HUMAN","NCEH1","Neutral cholesterol ester hydrolase 1",7,7,FALSE
"Q6PJW8","CNST_HUMAN","CNST","Consortin",2,2,FALSE
"Q6PKG0","LARP1_HUMAN","LARP1","La-related protein 1",5,3,FALSE
"Q6PML9","ZNT9_HUMAN","SLC30A9","Zinc transporter 9",2,2,FALSE
"Q6QEF8","CORO6_HUMAN","CORO6","Coronin-6",8,8,FALSE
"Q6UVK1","CSPG4_HUMAN","CSPG4","Chondroitin sulfate proteoglycan 4",5,5,FALSE
"Q6UW68","TM205_HUMAN","TMEM205","Transmembrane protein 205",3,3,FALSE
"Q6UW78","UQCC3_HUMAN","UQCC3","Ubiquinol-cytochrome-c reductase complex assembly factor 3",2,2,FALSE
"Q6UWE0","LRSM1_HUMAN","LRSAM1","E3 ubiquitin-protein ligase LRSAM1",1,1,FALSE
"Q6UWP2","DHR11_HUMAN","DHRS11","Dehydrogenase/reductase SDR family member 11",8,8,FALSE
"Q6UWP7","LCLT1_HUMAN","LCLAT1","Lysocardiolipin acyltransferase 1",1,1,FALSE
"Q6UWP8","SBSN_HUMAN","SBSN","Suprabasin",4,4,FALSE
"Q6UWY5","OLFL1_HUMAN","OLFML1","Olfactomedin-like protein 1",2,2,FALSE
"Q6UX53","MET7B_HUMAN","METTL7B","Methyltransferase-like protein 7B",4,4,FALSE
"Q6UX71","PXDC2_HUMAN","PLXDC2","Plexin domain-containing protein 2",1,1,FALSE
"Q6UXB8","PI16_HUMAN","PI16","Peptidase inhibitor 16",1,1,FALSE
"Q6UXG3","CLM9_HUMAN","CD300LG","CMRF35-like molecule 9",1,1,FALSE
"Q6UXN9","WDR82_HUMAN","WDR82","WD repeat-containing protein 82",2,2,FALSE
"Q6UXV4","MIC27_HUMAN","APOOL","MICOS complex subunit MIC27",13,13,FALSE
"Q6XQN6","PNCB_HUMAN","NAPRT","Nicotinate phosphoribosyltransferase",11,11,FALSE
"Q6Y1H2","HACD2_HUMAN","HACD2","Very-long-chain (3R)-3-hydroxyacyl-CoA dehydratase 2",2,2,FALSE
"Q6YHK3","CD109_HUMAN","CD109","CD109 antigen",1,1,FALSE
"Q6YN16","HSDL2_HUMAN","HSDL2","Hydroxysteroid dehydrogenase-like protein 2",27,27,FALSE
"Q6YP21","KAT3_HUMAN","KYAT3","Kynurenine--oxoglutarate transaminase 3",2,2,FALSE
"Q6ZMU5","TRI72_HUMAN","TRIM72","Tripartite motif-containing protein 72",31,31,FALSE
"Q6ZP80","TM182_HUMAN","TMEM182","Transmembrane protein 182",1,1,FALSE
"Q6ZT12","UBR3_HUMAN","UBR3","E3 ubiquitin-protein ligase UBR3",12,12,FALSE
"Q6ZUT6","CCD9B_HUMAN","CCDC9B","Coiled-coil domain-containing protein 9B",2,2,FALSE
"Q6ZVM7","TM1L2_HUMAN","TOM1L2","TOM1-like protein 2",6,6,FALSE
"Q702N8","XIRP1_HUMAN","XIRP1","Xin actin-binding repeat-containing protein 1",81,80,FALSE
"Q709C8","VP13C_HUMAN","VPS13C","Vacuolar protein sorting-associated protein 13C",17,17,FALSE
"Q70IA6","MOB2_HUMAN","MOB2","MOB kinase activator 2",2,2,FALSE
"Q711Q0","CEFIP_HUMAN","CEFIP","Cardiac-enriched FHL2-interacting protein",4,4,FALSE
"Q712K3","UB2R2_HUMAN","UBE2R2","Ubiquitin-conjugating enzyme E2 R2",3,3,FALSE
"Q76N32","CEP68_HUMAN","CEP68","Centrosomal protein of 68 kDa",1,1,FALSE
"Q7KZF4","SND1_HUMAN","SND1","Staphylococcal nuclease domain-containing protein 1",20,20,FALSE
"Q7L0Y3","TM10C_HUMAN","TRMT10C","tRNA methyltransferase 10 homolog C",12,12,FALSE
"Q7L1Q6","BZW1_HUMAN","BZW1","Basic leucine zipper and W2 domain-containing protein 1",4,4,FALSE
"Q7L2H7","EIF3M_HUMAN","EIF3M","Eukaryotic translation initiation factor 3 subunit M",9,9,FALSE
"Q7L311","ARMX2_HUMAN","ARMCX2","Armadillo repeat-containing X-linked protein 2",1,1,FALSE
"Q7L3B6","CD37L_HUMAN","CDC37L1","Hsp90 co-chaperone Cdc37-like 1",3,3,FALSE
"Q7L3T8","SYPM_HUMAN","PARS2","Probable proline--tRNA ligase, mitochondrial",2,2,FALSE
"Q7L523","RRAGA_HUMAN","RRAGA","Ras-related GTP-binding protein A",4,1,FALSE
"Q7L576","CYFP1_HUMAN","CYFIP1","Cytoplasmic FMR1-interacting protein 1",9,4,FALSE
"Q7L592","NDUF7_HUMAN","NDUFAF7","Protein arginine methyltransferase NDUFAF7, mitochondrial",1,1,FALSE
"Q7L5D6","GET4_HUMAN","GET4","Golgi to ER traffic protein 4 homolog",4,4,FALSE
"Q7L5N1","CSN6_HUMAN","COPS6","COP9 signalosome complex subunit 6",11,11,FALSE
"Q7L775","EPMIP_HUMAN","EPM2AIP1","EPM2A-interacting protein 1",2,2,FALSE
"Q7L9L4","MOB1A_HUMAN","MOB1A","MOB kinase activator 1B",2,0,FALSE
"Q7LBR1","CHM1B_HUMAN","CHMP1B","Charged multivesicular body protein 1b",4,4,FALSE
"Q7LG56","RIR2B_HUMAN","RRM2B","Ribonucleoside-diphosphate reductase subunit M2 B",6,5,FALSE
"Q7Z2K6","ERMP1_HUMAN","ERMP1","Endoplasmic reticulum metallopeptidase 1",2,2,FALSE
"Q7Z2T5","TRM1L_HUMAN","TRMT1L","TRMT1-like protein",1,1,FALSE
"Q7Z2W9","RM21_HUMAN","MRPL21","39S ribosomal protein L21, mitochondrial",4,4,FALSE
"Q7Z2Z2","EFL1_HUMAN","EFL1","Elongation factor-like GTPase 1",2,2,FALSE
"Q7Z392","TPC11_HUMAN","TRAPPC11","Trafficking protein particle complex subunit 11",1,1,FALSE
"Q7Z3B1","NEGR1_HUMAN","NEGR1","Neuronal growth regulator 1",1,1,FALSE
"Q7Z3B4","NUP54_HUMAN","NUP54","Nucleoporin p54",2,2,FALSE
"Q7Z3C6","ATG9A_HUMAN","ATG9A","Autophagy-related protein 9A",2,2,FALSE
"Q7Z3D6","GLUCM_HUMAN","DGLUCY","D-glutamate cyclase, mitochondrial",24,24,FALSE
"Q7Z406","MYH14_HUMAN","MYH14","Myosin-14",51,51,FALSE
"Q7Z422","SZRD1_HUMAN","SZRD1","SUZ domain-containing protein 1",3,3,FALSE
"Q7Z434","MAVS_HUMAN","MAVS","Mitochondrial antiviral-signaling protein",9,9,FALSE
"Q7Z460","CLAP1_HUMAN","CLASP1","CLIP-associating protein 1",19,17,FALSE
"Q7Z4H3","HDDC2_HUMAN","HDDC2","HD domain-containing protein 2",6,6,FALSE
"Q7Z4V5","HDGR2_HUMAN","HDGFL2","Hepatoma-derived growth factor-related protein 2",2,2,FALSE
"Q7Z4W1","DCXR_HUMAN","DCXR","L-xylulose reductase",14,14,FALSE
"Q7Z6K5","ARPIN_HUMAN","ARPIN","Arpin",1,1,FALSE
"Q7Z6Z7","HUWE1_HUMAN","HUWE1","E3 ubiquitin-protein ligase HUWE1",44,44,FALSE
"Q7Z739","YTHD3_HUMAN","YTHDF3","YTH domain-containing family protein 3",3,1,FALSE
"Q7Z794","K2C1B_HUMAN","KRT77","Keratin, type II cytoskeletal 1b",2,0,FALSE
"Q7Z7B0","FLIP1_HUMAN","FILIP1","Filamin-A-interacting protein 1",2,2,FALSE
"Q7Z7F7","RM55_HUMAN","MRPL55","39S ribosomal protein L55, mitochondrial",2,2,FALSE
"Q7Z7G0","TARSH_HUMAN","ABI3BP","Target of Nesh-SH3",4,4,FALSE
"Q7Z7H5","TMED4_HUMAN","TMED4","Transmembrane emp24 domain-containing protein 4",4,4,FALSE
"Q7Z7H8","RM10_HUMAN","MRPL10","39S ribosomal protein L10, mitochondrial",1,1,FALSE
"Q7Z7K0","COXM1_HUMAN","CMC1","COX assembly mitochondrial protein homolog",3,3,FALSE
"Q7Z7K6","CENPV_HUMAN","CENPV","Centromere protein V",3,3,FALSE
"Q7Z7L7","ZER1_HUMAN","ZER1","Protein zer-1 homolog",1,1,FALSE
"Q86SX6","GLRX5_HUMAN","GLRX5","Glutaredoxin-related protein 5, mitochondrial",3,3,FALSE
"Q86SZ2","TPC6B_HUMAN","TRAPPC6B","Trafficking protein particle complex subunit 6B",1,1,FALSE
"Q86T13","CLC14_HUMAN","CLEC14A","C-type lectin domain family 14 member A",2,2,FALSE
"Q86TC9","MYPN_HUMAN","MYPN","Myopalladin",33,32,FALSE
"Q86TD4","SRCA_HUMAN","SRL","Sarcalumenin",37,37,FALSE
"Q86TI0","TBCD1_HUMAN","TBC1D1","TBC1 domain family member 1",3,3,FALSE
"Q86TI2","DPP9_HUMAN","DPP9","Dipeptidyl peptidase 9",7,7,FALSE
"Q86TN4","TRPT1_HUMAN","TRPT1","tRNA 2'-phosphotransferase 1",5,5,FALSE
"Q86TP1","PRUN1_HUMAN","PRUNE1","Exopolyphosphatase PRUNE1",10,10,FALSE
"Q86TU7","SETD3_HUMAN","SETD3","Actin-histidine N-methyltransferase",8,8,FALSE
"Q86TX2","ACOT1_HUMAN","ACOT1","Acyl-coenzyme A thioesterase 1",28,3,FALSE
"Q86U28","ISCA2_HUMAN","ISCA2","Iron-sulfur cluster assembly 2 homolog, mitochondrial",6,6,FALSE
"Q86U42","PABP2_HUMAN","PABPN1","Polyadenylate-binding protein 2",2,2,FALSE
"Q86UA6","RIP_HUMAN","RPAIN","RPA-interacting protein",1,1,FALSE
"Q86UE4","LYRIC_HUMAN","MTDH","Protein LYRIC",7,7,FALSE
"Q86UP2","KTN1_HUMAN","KTN1","Kinectin",18,18,FALSE
"Q86UT6","NLRX1_HUMAN","NLRX1","NLR family member X1",18,18,FALSE
"Q86UU1","PHLB1_HUMAN","PHLDB1","Pleckstrin homology-like domain family B member 1",3,3,FALSE
"Q86UX7","URP2_HUMAN","FERMT3","Fermitin family homolog 3",4,4,FALSE
"Q86UY8","NT5D3_HUMAN","NT5DC3","5'-nucleotidase domain-containing protein 3",3,3,FALSE
"Q86V81","THOC4_HUMAN","ALYREF","THO complex subunit 4",3,3,FALSE
"Q86V88","MGDP1_HUMAN","MDP1","Magnesium-dependent phosphatase 1",4,4,FALSE
"Q86VB7","C163A_HUMAN","CD163","Scavenger receptor cysteine-rich type 1 protein M130",9,9,FALSE
"Q86VD7","S2542_HUMAN","SLC25A42","Mitochondrial coenzyme A transporter SLC25A42",2,2,FALSE
"Q86VF2","IGFN1_HUMAN","IGFN1","Immunoglobulin-like and fibronectin type III domain-containing protein 1",30,30,FALSE
"Q86VF7","NRAP_HUMAN","NRAP","Nebulin-related-anchoring protein",99,99,FALSE
"Q86VN1","VPS36_HUMAN","VPS36","Vacuolar protein-sorting-associated protein 36",10,10,FALSE
"Q86VP3","PACS2_HUMAN","PACS2","Phosphofurin acidic cluster sorting protein 2",2,2,FALSE
"Q86VP6","CAND1_HUMAN","CAND1","Cullin-associated NEDD8-dissociated protein 1",26,26,FALSE
"Q86VS8","HOOK3_HUMAN","HOOK3","Protein Hook homolog 3",8,8,FALSE
"Q86VU5","CMTD1_HUMAN","COMTD1","Catechol O-methyltransferase domain-containing protein 1",5,5,FALSE
"Q86VY4","TSYL5_HUMAN","TSPYL5","Testis-specific Y-encoded-like protein 5",1,1,FALSE
"Q86WA6","BPHL_HUMAN","BPHL","Valacyclovir hydrolase",4,4,FALSE
"Q86WC6","PPR27_HUMAN","PPP1R27","Protein phosphatase 1 regulatory subunit 27",5,5,FALSE
"Q86WR0","CCD25_HUMAN","CCDC25","Coiled-coil domain-containing protein 25",1,1,FALSE
"Q86WU2","LDHD_HUMAN","LDHD","Probable D-lactate dehydrogenase, mitochondrial",10,10,FALSE
"Q86WV6","STING_HUMAN","STING1","Stimulator of interferon genes protein",1,1,FALSE
"Q86WW8","COA5_HUMAN","COA5","Cytochrome c oxidase assembly factor 5",3,3,FALSE
"Q86X55","CARM1_HUMAN","CARM1","Histone-arginine methyltransferase CARM1",10,10,FALSE
"Q86X76","NIT1_HUMAN","NIT1","Deaminated glutathione amidase",12,12,FALSE
"Q86XI6","PPR3B_HUMAN","PPP1R3B","Protein phosphatase 1 regulatory subunit 3B",2,2,FALSE
"Q86Y39","NDUAB_HUMAN","NDUFA11","NADH dehydrogenase [ubiquinone] 1 alpha subcomplex subunit 11",6,6,FALSE
"Q86YB7","ECHD2_HUMAN","ECHDC2","Enoyl-CoA hydratase domain-containing protein 2, mitochondrial",4,4,FALSE
"Q86YM7","HOME1_HUMAN","HOMER1","Homer protein homolog 1",9,7,FALSE
"Q86YZ3","HORN_HUMAN","HRNR","Hornerin",6,6,FALSE
"Q8IUG5","MY18B_HUMAN","MYO18B","Unconventional myosin-XVIIIb",7,7,FALSE
"Q8IUI8","CRLF3_HUMAN","CRLF3","Cytokine receptor-like factor 3",4,4,FALSE
"Q8IUL8","CILP2_HUMAN","CILP2","Cartilage intermediate layer protein 2",6,6,FALSE
"Q8IUX7","AEBP1_HUMAN","AEBP1","Adipocyte enhancer-binding protein 1",3,3,FALSE
"Q8IUZ5","AT2L2_HUMAN","PHYKPL","5-phosphohydroxy-L-lysine phospho-lyase",8,8,FALSE
"Q8IV38","ANKY2_HUMAN","ANKMY2","Ankyrin repeat and MYND domain-containing protein 2",1,1,FALSE
"Q8IVD9","NUDC3_HUMAN","NUDCD3","NudC domain-containing protein 3",9,9,FALSE
"Q8IVH4","MMAA_HUMAN","MMAA","Methylmalonic aciduria type A protein, mitochondrial",3,3,FALSE
"Q8IVN3","MSTN1_HUMAN","MUSTN1","Musculoskeletal embryonic nuclear protein 1",6,6,FALSE
"Q8IVP5","FUND1_HUMAN","FUNDC1","FUN14 domain-containing protein 1",1,1,FALSE
"Q8IVS2","FABD_HUMAN","MCAT","Malonyl-CoA-acyl carrier protein transacylase, mitochondrial",2,2,FALSE
"Q8IW45","NNRD_HUMAN","NAXD","ATP-dependent (S)-NAD(P)H-hydrate dehydratase",16,16,FALSE
"Q8IWA4","MFN1_HUMAN","MFN1","Mitofusin-1",4,4,FALSE
"Q8IWA5","CTL2_HUMAN","SLC44A2","Choline transporter-like protein 2",8,8,FALSE
"Q8IWB7","WDFY1_HUMAN","WDFY1","WD repeat and FYVE domain-containing protein 1",2,2,FALSE
"Q8IWE2","NXP20_HUMAN","FAM114A1","Protein NOXP20",6,6,FALSE
"Q8IWL3","HSC20_HUMAN","HSCB","Iron-sulfur cluster co-chaperone protein HscB",3,3,FALSE
"Q8IWT0","ARCH_HUMAN","ZBTB8OS","Protein archease",1,1,FALSE
"Q8IWV7","UBR1_HUMAN","UBR1","E3 ubiquitin-protein ligase UBR1",4,4,FALSE
"Q8IWW8","HOT_HUMAN","ADHFE1","Hydroxyacid-oxoacid transhydrogenase, mitochondrial",18,18,FALSE
"Q8IWX7","UN45B_HUMAN","UNC45B","Protein unc-45 homolog B",54,54,FALSE
"Q8IX04","UEVLD_HUMAN","UEVLD","Ubiquitin-conjugating enzyme E2 variant 3",3,3,FALSE
"Q8IXB3","TARG1_HUMAN","TRARG1","Trafficking regulator of GLUT4 1",1,1,FALSE
"Q8IXI2","MIRO1_HUMAN","RHOT1","Mitochondrial Rho GTPase 1",4,4,FALSE
"Q8IXJ6","SIR2_HUMAN","SIRT2","NAD-dependent protein deacetylase sirtuin-2",6,6,FALSE
"Q8IXL7","MSRB3_HUMAN","MSRB3","Methionine-R-sulfoxide reductase B3",5,5,FALSE
"Q8IXM3","RM41_HUMAN","MRPL41","39S ribosomal protein L41, mitochondrial",2,2,FALSE
"Q8IY57","YAF2_HUMAN","YAF2","YY1-associated factor 2",1,1,FALSE
"Q8IY95","TM192_HUMAN","TMEM192","Transmembrane protein 192",1,1,FALSE
"Q8IYB7","DI3L2_HUMAN","DIS3L2","DIS3-like exonuclease 2",2,2,FALSE
"Q8IYB8","SUV3_HUMAN","SUPV3L1","ATP-dependent RNA helicase SUPV3L1, mitochondrial",7,7,FALSE
"Q8IYD1","ERF3B_HUMAN","GSPT2","Eukaryotic peptide chain release factor GTP-binding subunit ERF3B",2,2,FALSE
"Q8IYL3","CA174_HUMAN","C1orf174","UPF0688 protein C1orf174",1,1,FALSE
"Q8IYQ7","THNS1_HUMAN","THNSL1","Threonine synthase-like 1",11,11,FALSE
"Q8IYS1","P20D2_HUMAN","PM20D2","Peptidase M20 domain-containing protein 2",4,4,FALSE
"Q8IYT4","KATL2_HUMAN","KATNAL2","Katanin p60 ATPase-containing subunit A-like 2",1,1,FALSE
"Q8IYU8","MICU2_HUMAN","MICU2","Calcium uptake protein 2, mitochondrial",5,5,FALSE
"Q8IZ81","ELMD2_HUMAN","ELMOD2","ELMO domain-containing protein 2",3,3,FALSE
"Q8IZ83","A16A1_HUMAN","ALDH16A1","Aldehyde dehydrogenase family 16 member A1",10,10,FALSE
"Q8IZP0","ABI1_HUMAN","ABI1","Abl interactor 1",1,1,FALSE
"Q8N0U4","F185A_HUMAN","FAM185A","Protein FAM185A",8,8,FALSE
"Q8N0U8","VKORL_HUMAN","VKORC1L1","Vitamin K epoxide reductase complex subunit 1-like protein 1",3,3,FALSE
"Q8N0X4","CLYBL_HUMAN","CLYBL","Citramalyl-CoA lyase, mitochondrial",8,8,FALSE
"Q8N0X7","SPART_HUMAN","SPART","Spartin",3,3,FALSE
"Q8N0Z2","ABRA_HUMAN","ABRA","Actin-binding Rho-activating protein",1,1,FALSE
"Q8N112","LSME2_HUMAN","LSMEM2","Leucine-rich single-pass membrane protein 2",2,2,FALSE
"Q8N122","RPTOR_HUMAN","RPTOR","Regulatory-associated protein of mTOR",3,3,FALSE
"Q8N126","CADM3_HUMAN","CADM3","Cell adhesion molecule 3",3,3,FALSE
"Q8N138","ORML3_HUMAN","ORMDL3","ORM1-like protein 3",2,1,FALSE
"Q8N142","PURA1_HUMAN","ADSS1","Adenylosuccinate synthetase isozyme 1",26,23,FALSE
"Q8N163","CCAR2_HUMAN","CCAR2","Cell cycle and apoptosis regulator protein 2",5,5,FALSE
"Q8N183","NDUF2_HUMAN","NDUFAF2","NADH dehydrogenase [ubiquinone] 1 alpha subcomplex assembly factor 2",4,4,FALSE
"Q8N1B4","VPS52_HUMAN","VPS52","Vacuolar protein sorting-associated protein 52 homolog",1,1,FALSE
"Q8N1F7","NUP93_HUMAN","NUP93","Nuclear pore complex protein Nup93",4,4,FALSE
"Q8N1G4","LRC47_HUMAN","LRRC47","Leucine-rich repeat-containing protein 47",22,22,FALSE
"Q8N257","H2B3B_HUMAN","HIST3H2BB","Histone H2B type 3-B",1,0,FALSE
"Q8N283","ANR35_HUMAN","ANKRD35","Ankyrin repeat domain-containing protein 35",2,2,FALSE
"Q8N2G8","GHDC_HUMAN","GHDC","GH3 domain-containing protein",2,2,FALSE
"Q8N2S1","LTBP4_HUMAN","LTBP4","Latent-transforming growth factor beta-binding protein 4",2,2,FALSE
"Q8N2U0","TM256_HUMAN","TMEM256","Transmembrane protein 256",1,1,FALSE
"Q8N2U9","S66A2_HUMAN","SLC66A2","Solute carrier family 66 member 2",2,2,FALSE
"Q8N335","GPD1L_HUMAN","GPD1L","Glycerol-3-phosphate dehydrogenase 1-like protein",19,19,FALSE
"Q8N392","RHG18_HUMAN","ARHGAP18","Rho GTPase-activating protein 18",2,2,FALSE
"Q8N3D4","EH1L1_HUMAN","EHBP1L1","EH domain-binding protein 1-like protein 1",37,35,FALSE
"Q8N3K9","CMYA5_HUMAN","CMYA5","Cardiomyopathy-associated protein 5",49,49,FALSE
"Q8N3L3","TXLNB_HUMAN","TXLNB","Beta-taxilin",24,24,FALSE
"Q8N3V7","SYNPO_HUMAN","SYNPO","Synaptopodin",16,16,FALSE
"Q8N442","GUF1_HUMAN","GUF1","Translation factor GUF1, mitochondrial",3,3,FALSE
"Q8N465","D2HDH_HUMAN","D2HGDH","D-2-hydroxyglutarate dehydrogenase, mitochondrial",4,4,FALSE
"Q8N474","SFRP1_HUMAN","SFRP1","Secreted frizzled-related protein 1",2,2,FALSE
"Q8N4C8","MINK1_HUMAN","MINK1","Misshapen-like kinase 1",1,0,FALSE
"Q8N4L2","PP4P2_HUMAN","PIP4P2","Type 2 phosphatidylinositol 4,5-bisphosphate 4-phosphatase",1,1,FALSE
"Q8N4P3","MESH1_HUMAN","HDDC3","Guanosine-3',5'-bis(diphosphate) 3'-pyrophosphohydrolase MESH1",1,1,FALSE
"Q8N4Q0","PTGR3_HUMAN","ZADH2","Prostaglandin reductase 3",6,6,FALSE
"Q8N4Q1","MIA40_HUMAN","CHCHD4","Mitochondrial intermembrane space import and assembly protein 40",4,4,FALSE
"Q8N4T8","CBR4_HUMAN","CBR4","Carbonyl reductase family member 4",8,8,FALSE
"Q8N4V1","MMGT1_HUMAN","MMGT1","Membrane magnesium transporter 1",1,1,FALSE
"Q8N573","OXR1_HUMAN","OXR1","Oxidation resistance protein 1",2,2,FALSE
"Q8N5G0","SIM20_HUMAN","SMIM20","Small integral membrane protein 20",2,2,FALSE
"Q8N5K1","CISD2_HUMAN","CISD2","CDGSH iron-sulfur domain-containing protein 2",5,5,FALSE
"Q8N5M1","ATPF2_HUMAN","ATPAF2","ATP synthase mitochondrial F1 complex assembly factor 2",9,9,FALSE
"Q8N5M9","JAGN1_HUMAN","JAGN1","Protein jagunal homolog 1",2,2,FALSE
"Q8N5N7","RM50_HUMAN","MRPL50","39S ribosomal protein L50, mitochondrial",4,4,FALSE
"Q8N5X7","IF4E3_HUMAN","EIF4E3","Eukaryotic translation initiation factor 4E type 3",2,2,FALSE
"Q8N6M0","OTU6B_HUMAN","OTUD6B","Deubiquitinase OTUD6B",3,3,FALSE
"Q8N6M3","FITM2_HUMAN","FITM2","Fat storage-inducing transmembrane protein 2",3,3,FALSE
"Q8N6T0","TO6BL_HUMAN","TOP6BL","Type 2 DNA topoisomerase 6 subunit B-like",1,1,FALSE
"Q8N766","EMC1_HUMAN","EMC1","ER membrane protein complex subunit 1",8,8,FALSE
"Q8N8F7","LSME1_HUMAN","LSMEM1","Leucine-rich single-pass membrane protein 1",1,1,FALSE
"Q8N8N7","PTGR2_HUMAN","PTGR2","Prostaglandin reductase 2",15,15,FALSE
"Q8N8S7","ENAH_HUMAN","ENAH","Protein enabled homolog",1,1,FALSE
"Q8N983","RM43_HUMAN","MRPL43","39S ribosomal protein L43, mitochondrial",3,3,FALSE
"Q8N9F7","GDPD1_HUMAN","GDPD1","Lysophospholipase D GDPD1",2,2,FALSE
"Q8N9N7","LRC57_HUMAN","LRRC57","Leucine-rich repeat-containing protein 57",1,1,FALSE
"Q8N9N8","EIF1A_HUMAN","EIF1AD","Probable RNA-binding protein EIF1AD",2,2,FALSE
"Q8N9V3","WSDU1_HUMAN","WDSUB1","WD repeat, SAM and U-box domain-containing protein 1",1,1,FALSE
"Q8NB12","SMYD1_HUMAN","SMYD1","Histone-lysine N-methyltransferase SMYD1",25,25,FALSE
"Q8NB37","GALD1_HUMAN","GATD1","Glutamine amidotransferase-like class 1 domain-containing protein 1",2,2,FALSE
"Q8NBF2","NHLC2_HUMAN","NHLRC2","NHL repeat-containing protein 2",16,16,FALSE
"Q8NBJ7","SUMF2_HUMAN","SUMF2","Inactive C-alpha-formylglycine-generating enzyme 2",3,3,FALSE
"Q8NBN7","RDH13_HUMAN","RDH13","Retinol dehydrogenase 13",7,7,FALSE
"Q8NBS9","TXND5_HUMAN","TXNDC5","Thioredoxin domain-containing protein 5",8,8,FALSE
"Q8NBU5","ATAD1_HUMAN","ATAD1","ATPase family AAA domain-containing protein 1",9,9,FALSE
"Q8NBV4","PLPP7_HUMAN","PLPP7","Inactive phospholipid phosphatase 7",2,2,FALSE
"Q8NBX0","SCPDL_HUMAN","SCCPDH","Saccharopine dehydrogenase-like oxidoreductase",11,11,FALSE
"Q8NC51","PAIRB_HUMAN","SERBP1","Plasminogen activator inhibitor 1 RNA-binding protein",11,11,FALSE
"Q8NC56","LEMD2_HUMAN","LEMD2","LEM domain-containing protein 2",4,4,FALSE
"Q8NCA5","FA98A_HUMAN","FAM98A","Protein FAM98A",4,4,FALSE
"Q8NCN5","PDPR_HUMAN","PDPR","Pyruvate dehydrogenase phosphatase regulatory subunit, mitochondrial",8,8,FALSE
"Q8NCW5","NNRE_HUMAN","NAXE","NAD(P)H-hydrate epimerase",13,13,FALSE
"Q8NDC0","MISSL_HUMAN","MAPK1IP1L","MAPK-interacting and spindle-stabilizing protein-like",1,1,FALSE
"Q8NDH3","PEPL1_HUMAN","NPEPL1","Probable aminopeptidase NPEPL1",12,12,FALSE
"Q8NDY3","ARHL1_HUMAN","ADPRHL1","[Protein ADP-ribosylarginine] hydrolase-like protein 1",20,19,FALSE
"Q8NE62","CHDH_HUMAN","CHDH","Choline dehydrogenase, mitochondrial",8,8,FALSE
"Q8NE71","ABCF1_HUMAN","ABCF1","ATP-binding cassette sub-family F member 1",20,20,FALSE
"Q8NE79","POPD1_HUMAN","BVES","Blood vessel epicardial substance",3,3,FALSE
"Q8NE86","MCU_HUMAN","MCU","Calcium uniporter protein, mitochondrial",9,9,FALSE
"Q8NEM8","CBPC2_HUMAN","AGBL2","Cytosolic carboxypeptidase 2",1,0,FALSE
"Q8NEZ2","VP37A_HUMAN","VPS37A","Vacuolar protein sorting-associated protein 37A",2,2,FALSE
"Q8NEZ5","FBX22_HUMAN","FBXO22","F-box only protein 22",1,1,FALSE
"Q8NFF5","FAD1_HUMAN","FLAD1","FAD synthase",3,3,FALSE
"Q8NFH5","NUP35_HUMAN","NUP35","Nucleoporin NUP35",1,1,FALSE
"Q8NFI3","ENASE_HUMAN","ENGASE","Cytosolic endo-beta-N-acetylglucosaminidase",1,1,FALSE
"Q8NFQ8","TOIP2_HUMAN","TOR1AIP2","Torsin-1A-interacting protein 2",4,3,FALSE
"Q8NFU3","TSTD1_HUMAN","TSTD1","Thiosulfate:glutathione sulfurtransferase",3,3,FALSE
"Q8NFV4","ABHDB_HUMAN","ABHD11","Protein ABHD11",8,8,FALSE
"Q8NFW1","COMA1_HUMAN","COL22A1","Collagen alpha-1(XXII) chain",1,1,FALSE
"Q8NFW8","NEUA_HUMAN","CMAS","N-acylneuraminate cytidylyltransferase",2,2,FALSE
"Q8NHH9","ATLA2_HUMAN","ATL2","Atlastin-2",8,8,FALSE
"Q8NHP8","PLBL2_HUMAN","PLBD2","Putative phospholipase B-like 2",1,1,FALSE
"Q8NI22","MCFD2_HUMAN","MCFD2","Multiple coagulation factor deficiency protein 2",1,1,FALSE
"Q8NI37","PPTC7_HUMAN","PPTC7","Protein phosphatase PTC7 homolog",8,8,FALSE
"Q8NI60","COQ8A_HUMAN","COQ8A","Atypical kinase COQ8A, mitochondrial",23,23,FALSE
"Q8TAC1","RFESD_HUMAN","RFESD","Rieske domain-containing protein",1,1,FALSE
"Q8TAE6","PP14C_HUMAN","PPP1R14C","Protein phosphatase 1 regulatory subunit 14C",3,3,FALSE
"Q8TAE8","G45IP_HUMAN","GADD45GIP1","Growth arrest and DNA damage-inducible proteins-interacting protein 1",2,2,FALSE
"Q8TAT6","NPL4_HUMAN","NPLOC4","Nuclear protein localization protein 4 homolog",14,14,FALSE
"Q8TB22","SPT20_HUMAN","SPATA20","Spermatogenesis-associated protein 20",2,2,FALSE
"Q8TB37","NUBPL_HUMAN","NUBPL","Iron-sulfur protein NUBPL",7,7,FALSE
"Q8TB45","DPTOR_HUMAN","DEPTOR","DEP domain-containing mTOR-interacting protein",14,14,FALSE
"Q8TBC4","UBA3_HUMAN","UBA3","NEDD8-activating enzyme E1 catalytic subunit",8,8,FALSE
"Q8TC07","TBC15_HUMAN","TBC1D15","TBC1 domain family member 15",3,3,FALSE
"Q8TC12","RDH11_HUMAN","RDH11","Retinol dehydrogenase 11",4,4,FALSE
"Q8TC44","POC1B_HUMAN","POC1B","POC1 centriolar protein homolog B",1,1,FALSE
"Q8TCA0","LRC20_HUMAN","LRRC20","Leucine-rich repeat-containing protein 20",11,11,FALSE
"Q8TCC3","RM30_HUMAN","MRPL30","39S ribosomal protein L30, mitochondrial",4,4,FALSE
"Q8TCD1","CR032_HUMAN","C18orf32","UPF0729 protein C18orf32",1,1,FALSE
"Q8TCD5","NT5C_HUMAN","NT5C","5'(3')-deoxyribonucleotidase, cytosolic type",8,8,FALSE
"Q8TCJ2","STT3B_HUMAN","STT3B","Dolichyl-diphosphooligosaccharide--protein glycosyltransferase subunit STT3B",6,6,FALSE
"Q8TCS8","PNPT1_HUMAN","PNPT1","Polyribonucleotide nucleotidyltransferase 1, mitochondrial",17,17,FALSE
"Q8TCT1","PHOP1_HUMAN","PHOSPHO1","Phosphoethanolamine/phosphocholine phosphatase",1,1,FALSE
"Q8TCT8","SPP2A_HUMAN","SPPL2A","Signal peptide peptidase-like 2A",1,1,FALSE
"Q8TCT9","HM13_HUMAN","HM13","Minor histocompatibility antigen H13",1,1,FALSE
"Q8TCZ2","C99L2_HUMAN","CD99L2","CD99 antigen-like protein 2",4,4,FALSE
"Q8TD19","NEK9_HUMAN","NEK9","Serine/threonine-protein kinase Nek9",10,10,FALSE
"Q8TD30","ALAT2_HUMAN","GPT2","Alanine aminotransferase 2",4,4,FALSE
"Q8TD55","PKHO2_HUMAN","PLEKHO2","Pleckstrin homology domain-containing family O member 2",2,2,FALSE
"Q8TDC0","MYOZ3_HUMAN","MYOZ3","Myozenin-3",10,10,FALSE
"Q8TDQ7","GNPI2_HUMAN","GNPDA2","Glucosamine-6-phosphate isomerase 2",2,2,FALSE
"Q8TDX7","NEK7_HUMAN","NEK7","Serine/threonine-protein kinase Nek7",12,9,FALSE
"Q8TEA8","DTD1_HUMAN","DTD1","D-aminoacyl-tRNA deacylase 1",4,4,FALSE
"Q8TEB1","DCA11_HUMAN","DCAF11","DDB1- and CUL4-associated factor 11",7,7,FALSE
"Q8TEQ6","GEMI5_HUMAN","GEMIN5","Gem-associated protein 5",5,5,FALSE
"Q8TET4","GANC_HUMAN","GANC","Neutral alpha-glucosidase C",2,2,FALSE
"Q8WTS1","ABHD5_HUMAN","ABHD5","1-acylglycerol-3-phosphate O-acyltransferase ABHD5",1,1,FALSE
"Q8WTS6","SETD7_HUMAN","SETD7","Histone-lysine N-methyltransferase SETD7",12,12,FALSE
"Q8WU76","SCFD2_HUMAN","SCFD2","Sec1 family domain-containing protein 2",7,7,FALSE
"Q8WU90","ZC3HF_HUMAN","ZC3H15","Zinc finger CCCH domain-containing protein 15",2,2,FALSE
"Q8WUH6","TM263_HUMAN","TMEM263","Transmembrane protein 263",3,3,FALSE
"Q8WUK0","PTPM1_HUMAN","PTPMT1","Phosphatidylglycerophosphatase and protein-tyrosine phosphatase 1",3,3,FALSE
"Q8WUM4","PDC6I_HUMAN","PDCD6IP","Programmed cell death 6-interacting protein",31,31,FALSE
"Q8WUX9","CHMP7_HUMAN","CHMP7","Charged multivesicular body protein 7",1,1,FALSE
"Q8WUY1","THEM6_HUMAN","THEM6","Protein THEM6",5,5,FALSE
"Q8WVI0","SMIM4_HUMAN","SMIM4","Small integral membrane protein 4",1,1,FALSE
"Q8WVJ2","NUDC2_HUMAN","NUDCD2","NudC domain-containing protein 2",3,3,FALSE
"Q8WVM8","SCFD1_HUMAN","SCFD1","Sec1 family domain-containing protein 1",15,15,FALSE
"Q8WW01","SEN15_HUMAN","TSEN15","tRNA-splicing endonuclease subunit Sen15",1,1,FALSE
"Q8WW12","PCNP_HUMAN","PCNP","PEST proteolytic signal-containing nuclear protein",6,6,FALSE
"Q8WW22","DNJA4_HUMAN","DNAJA4","DnaJ homolog subfamily A member 4",13,13,FALSE
"Q8WW59","SPRY4_HUMAN","SPRYD4","SPRY domain-containing protein 4",9,9,FALSE
"Q8WWC4","MAIP1_HUMAN","MAIP1","m-AAA protease-interacting protein 1, mitochondrial",4,4,FALSE
"Q8WWI1","LMO7_HUMAN","LMO7","LIM domain only protein 7",8,8,FALSE
"Q8WWI5","CTL1_HUMAN","SLC44A1","Choline transporter-like protein 1",2,2,FALSE
"Q8WWM9","CYGB_HUMAN","CYGB","Cytoglobin",2,2,FALSE
"Q8WWP7","GIMA1_HUMAN","GIMAP1","GTPase IMAP family member 1",3,3,FALSE
"Q8WWV3","RT4I1_HUMAN","RTN4IP1","Reticulon-4-interacting protein 1, mitochondrial",12,12,FALSE
"Q8WWX0","ASB5_HUMAN","ASB5","Ankyrin repeat and SOCS box protein 5",1,1,FALSE
"Q8WWY3","PRP31_HUMAN","PRPF31","U4/U6 small nuclear ribonucleoprotein Prp31",2,2,FALSE
"Q8WWZ7","ABCA5_HUMAN","ABCA5","ATP-binding cassette sub-family A member 5",1,1,FALSE
"Q8WX93","PALLD_HUMAN","PALLD","Palladin",14,14,FALSE
"Q8WXF1","PSPC1_HUMAN","PSPC1","Paraspeckle component 1",1,1,FALSE
"Q8WXH0","SYNE2_HUMAN","SYNE2","Nesprin-2",12,12,FALSE
"Q8WXH4","ASB11_HUMAN","ASB11","Ankyrin repeat and SOCS box protein 11",4,4,FALSE
"Q8WXX5","DNJC9_HUMAN","DNAJC9","DnaJ homolog subfamily C member 9",1,1,FALSE
"Q8WY91","THAP4_HUMAN","THAP4","THAP domain-containing protein 4",2,2,FALSE
"Q8WYN0","ATG4A_HUMAN","ATG4A","Cysteine protease ATG4A",1,1,FALSE
"Q8WYQ3","CHC10_HUMAN","CHCHD10","Coiled-coil-helix-coiled-coil-helix domain-containing protein 10, mitochondrial",2,2,FALSE
"Q8WZ42","TITIN_HUMAN","TTN","Titin",1944,1941,FALSE
"Q8WZ82","OVCA2_HUMAN","OVCA2","Esterase OVCA2",2,2,FALSE
"Q8WZA0","LZIC_HUMAN","LZIC","Protein LZIC",5,5,FALSE
"Q8WZA9","IRGQ_HUMAN","IRGQ","Immunity-related GTPase family Q protein",7,7,FALSE
"Q92499","DDX1_HUMAN","DDX1","ATP-dependent RNA helicase DDX1",34,34,FALSE
"Q92506","DHB8_HUMAN","HSD17B8","Estradiol 17-beta-dehydrogenase 8",7,7,FALSE
"Q92522","H1X_HUMAN","H1FX","Histone H1x",4,4,FALSE
"Q92523","CPT1B_HUMAN","CPT1B","Carnitine O-palmitoyltransferase 1, muscle isoform",24,23,FALSE
"Q92526","TCPW_HUMAN","CCT6B","T-complex protein 1 subunit zeta-2",1,1,FALSE
"Q92530","PSMF1_HUMAN","PSMF1","Proteasome inhibitor PI31 subunit",8,8,FALSE
"Q92538","GBF1_HUMAN","GBF1","Golgi-specific brefeldin A-resistance guanine nucleotide exchange factor 1",4,4,FALSE
"Q92552","RT27_HUMAN","MRPS27","28S ribosomal protein S27, mitochondrial",8,8,FALSE
"Q92575","UBXN4_HUMAN","UBXN4","UBX domain-containing protein 4",4,4,FALSE
"Q92597","NDRG1_HUMAN","NDRG1","Protein NDRG1",5,5,FALSE
"Q92598","HS105_HUMAN","HSPH1","Heat shock protein 105 kDa",12,11,FALSE
"Q92599","SEPT8_HUMAN","SEPTIN8","Septin-8",1,1,FALSE
"Q92614","MY18A_HUMAN","MYO18A","Unconventional myosin-XVIIIa",35,35,FALSE
"Q92616","GCN1_HUMAN","GCN1","eIF-2-alpha kinase activator GCN1",21,21,FALSE
"Q92621","NU205_HUMAN","NUP205","Nuclear pore complex protein Nup205",2,2,FALSE
"Q92623","TTC9A_HUMAN","TTC9","Tetratricopeptide repeat protein 9A",1,1,FALSE
"Q92629","SGCD_HUMAN","SGCD","Delta-sarcoglycan",15,15,FALSE
"Q92643","GPI8_HUMAN","PIGK","GPI-anchor transamidase",1,1,FALSE
"Q92665","RT31_HUMAN","MRPS31","28S ribosomal protein S31, mitochondrial",4,4,FALSE
"Q92667","AKAP1_HUMAN","AKAP1","A-kinase anchor protein 1, mitochondrial",11,11,FALSE
"Q92681","RSCA1_HUMAN","RSC1A1","Regulatory solute carrier protein family 1 member 1",1,1,FALSE
"Q92688","AN32B_HUMAN","ANP32B","Acidic leucine-rich nuclear phosphoprotein 32 family member B",2,2,FALSE
"Q92696","PGTA_HUMAN","RABGGTA","Geranylgeranyl transferase type-2 subunit alpha",12,12,FALSE
"Q92734","TFG_HUMAN","TFG","Protein TFG",7,7,FALSE
"Q92736","RYR2_HUMAN","RYR2","Ryanodine receptor 2",2,2,FALSE
"Q92747","ARC1A_HUMAN","ARPC1A","Actin-related protein 2/3 complex subunit 1A",9,8,FALSE
"Q92783","STAM1_HUMAN","STAM","Signal transducing adapter molecule 1",6,5,FALSE
"Q92804","RBP56_HUMAN","TAF15","TATA-binding protein-associated factor 2N",2,2,FALSE
"Q92835","SHIP1_HUMAN","INPP5D","Phosphatidylinositol 3,4,5-trisphosphate 5-phosphatase 1",1,1,FALSE
"Q92839","HYAS1_HUMAN","HAS1","Hyaluronan synthase 1",1,1,FALSE
"Q92841","DDX17_HUMAN","DDX17","Probable ATP-dependent RNA helicase DDX17",13,8,FALSE
"Q92879","CELF1_HUMAN","CELF1","CUGBP Elav-like family member 1",4,4,FALSE
"Q92882","OSTF1_HUMAN","OSTF1","Osteoclast-stimulating factor 1",3,3,FALSE
"Q92890","UFD1_HUMAN","UFD1","Ubiquitin recognition factor in ER-associated degradation protein 1",9,9,FALSE
"Q92896","GSLG1_HUMAN","GLG1","Golgi apparatus protein 1",8,8,FALSE
"Q92900","RENT1_HUMAN","UPF1","Regulator of nonsense transcripts 1",5,5,FALSE
"Q92901","RL3L_HUMAN","RPL3L","60S ribosomal protein L3-like",13,11,FALSE
"Q92905","CSN5_HUMAN","COPS5","COP9 signalosome complex subunit 5",13,13,FALSE
"Q92930","RAB8B_HUMAN","RAB8B","Ras-related protein Rab-8B",3,3,FALSE
"Q92945","FUBP2_HUMAN","KHSRP","Far upstream element-binding protein 2",11,10,FALSE
"Q92947","GCDH_HUMAN","GCDH","Glutaryl-CoA dehydrogenase, mitochondrial",8,8,FALSE
"Q92954","PRG4_HUMAN","PRG4","Proteoglycan 4",1,1,FALSE
"Q92973","TNPO1_HUMAN","TNPO1","Transportin-1",7,5,FALSE
"Q92995","UBP13_HUMAN","USP13","Ubiquitin carboxyl-terminal hydrolase 13",7,7,FALSE
"Q93008","USP9X_HUMAN","USP9X","Probable ubiquitin carboxyl-terminal hydrolase FAF-X",37,19,FALSE
"Q93009","UBP7_HUMAN","USP7","Ubiquitin carboxyl-terminal hydrolase 7",11,11,FALSE
"Q93034","CUL5_HUMAN","CUL5","Cullin-5",35,35,FALSE
"Q93052","LPP_HUMAN","LPP","Lipoma-preferred partner",15,15,FALSE
"Q93084","AT2A3_HUMAN","ATP2A3","Sarcoplasmic/endoplasmic reticulum calcium ATPase 3",1,1,FALSE
"Q93096","TP4A1_HUMAN","PTP4A1","Protein tyrosine phosphatase type IVA 1",1,1,FALSE
"Q93100","KPBB_HUMAN","PHKB","Phosphorylase b kinase regulatory subunit beta",42,42,FALSE
"Q969G5","CAVN3_HUMAN","CAVIN3","Caveolae-associated protein 3",5,5,FALSE
"Q969H8","MYDGF_HUMAN","MYDGF","Myeloid-derived growth factor",1,1,FALSE
"Q969J3","BORC5_HUMAN","BORCS5","BLOC-1-related complex subunit 5",2,2,FALSE
"Q969L2","MAL2_HUMAN","MAL2","Protein MAL2",1,1,FALSE
"Q969M1","TM40L_HUMAN","TOMM40L","Mitochondrial import receptor subunit TOM40B",3,3,FALSE
"Q969M7","UBE2F_HUMAN","UBE2F","NEDD8-conjugating enzyme UBE2F",4,4,FALSE
"Q969N2","PIGT_HUMAN","PIGT","GPI transamidase component PIG-T",1,1,FALSE
"Q969Q0","RL36A_HUMAN","RPL36A","60S ribosomal protein L36a",1,0,FALSE
"Q969Q5","RAB24_HUMAN","RAB24","Ras-related protein Rab-24",5,5,FALSE
"Q969S9","RRF2M_HUMAN","GFM2","Ribosome-releasing factor 2, mitochondrial",2,2,FALSE
"Q969T9","WBP2_HUMAN","WBP2","WW domain-binding protein 2",4,4,FALSE
"Q969U7","PSMG2_HUMAN","PSMG2","Proteasome assembly chaperone 2",1,1,FALSE
"Q969V3","NCLN_HUMAN","NCLN","Nicalin",5,5,FALSE
"Q969X1","LFG3_HUMAN","TMBIM1","Protein lifeguard 3",1,1,FALSE
"Q969X5","ERGI1_HUMAN","ERGIC1","Endoplasmic reticulum-Golgi intermediate compartment protein 1",9,9,FALSE
"Q969Z0","FAKD4_HUMAN","TBRG4","FAST kinase domain-containing protein 4",8,8,FALSE
"Q969Z3","MARC2_HUMAN","MTARC2","Mitochondrial amidoxime reducing component 2",9,8,FALSE
"Q96A26","F162A_HUMAN","FAM162A","Protein FAM162A",7,7,FALSE
"Q96A32","MLRS_HUMAN","MYLPF","Myosin regulatory light chain 2, skeletal muscle isoform",20,20,FALSE
"Q96A33","CCD47_HUMAN","CCDC47","Coiled-coil domain-containing protein 47",8,8,FALSE
"Q96A35","RM24_HUMAN","MRPL24","39S ribosomal protein L24, mitochondrial",2,2,FALSE
"Q96A49","SYAP1_HUMAN","SYAP1","Synapse-associated protein 1",3,3,FALSE
"Q96A57","TM230_HUMAN","TMEM230","Transmembrane protein 230",1,1,FALSE
"Q96A65","EXOC4_HUMAN","EXOC4","Exocyst complex component 4",5,5,FALSE
"Q96AB3","ISOC2_HUMAN","ISOC2","Isochorismatase domain-containing protein 2",7,7,FALSE
"Q96AC1","FERM2_HUMAN","FERMT2","Fermitin family homolog 2",24,22,FALSE
"Q96AD5","PLPL2_HUMAN","PNPLA2","Patatin-like phospholipase domain-containing protein 2",1,1,FALSE
"Q96AE4","FUBP1_HUMAN","FUBP1","Far upstream element-binding protein 1",10,10,FALSE
"Q96AG3","S2546_HUMAN","SLC25A46","Solute carrier family 25 member 46",3,3,FALSE
"Q96AG4","LRC59_HUMAN","LRRC59","Leucine-rich repeat-containing protein 59",2,2,FALSE
"Q96AM1","MRGRF_HUMAN","MRGPRF","Mas-related G-protein coupled receptor member F",1,1,FALSE
"Q96AN5","TM143_HUMAN","TMEM143","Transmembrane protein 143",10,10,FALSE
"Q96AP7","ESAM_HUMAN","ESAM","Endothelial cell-selective adhesion molecule",1,1,FALSE
"Q96AQ6","PBIP1_HUMAN","PBXIP1","Pre-B-cell leukemia transcription factor-interacting protein 1",20,20,FALSE
"Q96AT9","RPE_HUMAN","RPE","Ribulose-phosphate 3-epimerase",1,1,FALSE
"Q96AX1","VP33A_HUMAN","VPS33A","Vacuolar protein sorting-associated protein 33A",1,1,FALSE
"Q96AX9","MIB2_HUMAN","MIB2","E3 ubiquitin-protein ligase MIB2",3,3,FALSE
"Q96AY3","FKB10_HUMAN","FKBP10","Peptidyl-prolyl cis-trans isomerase FKBP10",1,1,FALSE
"Q96B54","ZN428_HUMAN","ZNF428","Zinc finger protein 428",3,3,FALSE
"Q96B96","TM159_HUMAN","TMEM159","Promethin",1,1,FALSE
"Q96B97","SH3K1_HUMAN","SH3KBP1","SH3 domain-containing kinase-binding protein 1",3,3,FALSE
"Q96BJ3","AIDA_HUMAN","AIDA","Axin interactor, dorsalization-associated protein",1,1,FALSE
"Q96BM9","ARL8A_HUMAN","ARL8A","ADP-ribosylation factor-like protein 8A",2,2,FALSE
"Q96BN8","OTUL_HUMAN","OTULIN","Ubiquitin thioesterase otulin",1,1,FALSE
"Q96BR5","COA7_HUMAN","COA7","Cytochrome c oxidase assembly factor 7",4,4,FALSE
"Q96BW5","PTER_HUMAN","PTER","Phosphotriesterase-related protein",8,8,FALSE
"Q96C01","F136A_HUMAN","FAM136A","Protein FAM136A",8,8,FALSE
"Q96C11","FGGY_HUMAN","FGGY","FGGY carbohydrate kinase domain-containing protein",6,6,FALSE
"Q96C23","GALM_HUMAN","GALM","Aldose 1-epimerase",10,10,FALSE
"Q96C86","DCPS_HUMAN","DCPS","m7GpppX diphosphatase",6,6,FALSE
"Q96C90","PP14B_HUMAN","PPP1R14B","Protein phosphatase 1 regulatory subunit 14B",2,2,FALSE
"Q96CB9","NSUN4_HUMAN","NSUN4","5-methylcytosine rRNA methyltransferase NSUN4",1,1,FALSE
"Q96CD2","COAC_HUMAN","PPCDC","Phosphopantothenoylcysteine decarboxylase",2,2,FALSE
"Q96CM8","ACSF2_HUMAN","ACSF2","Medium-chain acyl-CoA ligase ACSF2, mitochondrial",20,20,FALSE
"Q96CN7","ISOC1_HUMAN","ISOC1","Isochorismatase domain-containing protein 1",7,7,FALSE
"Q96CP2","FWCH2_HUMAN","FLYWCH2","FLYWCH family member 2",1,1,FALSE
"Q96CS3","FAF2_HUMAN","FAF2","FAS-associated factor 2",1,1,FALSE
"Q96CT7","CC124_HUMAN","CCDC124","Coiled-coil domain-containing protein 124",3,3,FALSE
"Q96CV9","OPTN_HUMAN","OPTN","Optineurin",19,19,FALSE
"Q96CW1","AP2M1_HUMAN","AP2M1","AP-2 complex subunit mu",7,7,FALSE
"Q96CX2","KCD12_HUMAN","KCTD12","BTB/POZ domain-containing protein KCTD12",7,7,FALSE
"Q96D15","RCN3_HUMAN","RCN3","Reticulocalbin-3",4,4,FALSE
"Q96D46","NMD3_HUMAN","NMD3","60S ribosomal export protein NMD3",2,2,FALSE
"Q96DA6","TIM14_HUMAN","DNAJC19","Mitochondrial import inner membrane translocase subunit TIM14",3,3,FALSE
"Q96DB5","RMD1_HUMAN","RMDN1","Regulator of microtubule dynamics protein 1",12,12,FALSE
"Q96DC8","ECHD3_HUMAN","ECHDC3","Enoyl-CoA hydratase domain-containing protein 3, mitochondrial",9,9,FALSE
"Q96DD0","LRC39_HUMAN","LRRC39","Leucine-rich repeat-containing protein 39",1,1,FALSE
"Q96DD7","SHSA4_HUMAN","SHISA4","Protein shisa-4",1,1,FALSE
"Q96DE0","NUD16_HUMAN","NUDT16","U8 snoRNA-decapping enzyme",5,4,FALSE
"Q96DG6","CMBL_HUMAN","CMBL","Carboxymethylenebutenolidase homolog",18,18,FALSE
"Q96DH6","MSI2H_HUMAN","MSI2","RNA-binding protein Musashi homolog 2",6,5,FALSE
"Q96DV4","RM38_HUMAN","MRPL38","39S ribosomal protein L38, mitochondrial",4,4,FALSE
"Q96E11","RRFM_HUMAN","MRRF","Ribosome-recycling factor, mitochondrial",6,6,FALSE
"Q96E52","OMA1_HUMAN","OMA1","Metalloendopeptidase OMA1, mitochondrial",5,5,FALSE
"Q96EE3","SEH1_HUMAN","SEH1L","Nucleoporin SEH1",2,2,FALSE
"Q96EH3","MASU1_HUMAN","MALSU1","Mitochondrial assembly of ribosomal large subunit protein 1",1,1,FALSE
"Q96EK5","KBP_HUMAN","KIFBP","KIF-binding protein",3,3,FALSE
"Q96EK7","F120B_HUMAN","FAM120B","Constitutive coactivator of peroxisome proliferator-activated receptor gamma",3,3,FALSE
"Q96EL2","RT24_HUMAN","MRPS24","28S ribosomal protein S24, mitochondrial",4,4,FALSE
"Q96EL3","RM53_HUMAN","MRPL53","39S ribosomal protein L53, mitochondrial",3,3,FALSE
"Q96EM0","T3HPD_HUMAN","L3HYPDH","Trans-3-hydroxy-L-proline dehydratase",5,5,FALSE
"Q96EP5","DAZP1_HUMAN","DAZAP1","DAZ-associated protein 1",3,3,FALSE
"Q96ER9","MITOK_HUMAN","CCDC51","Mitochondrial potassium channel",7,7,FALSE
"Q96EX1","SIM12_HUMAN","SMIM12","Small integral membrane protein 12",2,2,FALSE
"Q96EY1","DNJA3_HUMAN","DNAJA3","DnaJ homolog subfamily A member 3, mitochondrial",7,7,FALSE
"Q96EY7","PTCD3_HUMAN","PTCD3","Pentatricopeptide repeat domain-containing protein 3, mitochondrial",10,10,FALSE
"Q96EY8","MMAB_HUMAN","MMAB","Corrinoid adenosyltransferase",6,6,FALSE
"Q96F10","SAT2_HUMAN","SAT2","Diamine acetyltransferase 2",1,1,FALSE
"Q96F63","CCD97_HUMAN","CCDC97","Coiled-coil domain-containing protein 97",1,1,FALSE
"Q96F85","CNRP1_HUMAN","CNRIP1","CB1 cannabinoid receptor-interacting protein 1",2,2,FALSE
"Q96FJ2","DYL2_HUMAN","DYNLL2","Dynein light chain 2, cytoplasmic",4,2,FALSE
"Q96FQ6","S10AG_HUMAN","S100A16","Protein S100-A16",4,4,FALSE
"Q96FV2","SCRN2_HUMAN","SCRN2","Secernin-2",10,10,FALSE
"Q96FW1","OTUB1_HUMAN","OTUB1","Ubiquitin thioesterase OTUB1",11,11,FALSE
"Q96FZ7","CHMP6_HUMAN","CHMP6","Charged multivesicular body protein 6",3,3,FALSE
"Q96G03","PGM2_HUMAN","PGM2","Phosphoglucomutase-2",10,10,FALSE
"Q96GC5","RM48_HUMAN","MRPL48","39S ribosomal protein L48, mitochondrial",3,3,FALSE
"Q96GC9","VMP1_HUMAN","VMP1","Vacuole membrane protein 1",1,1,FALSE
"Q96GD0","PLPP_HUMAN","PDXP","Pyridoxal phosphate phosphatase",7,6,FALSE
"Q96GE9","DMAC1_HUMAN","DMAC1","Distal membrane-arm assembly complex protein 1",2,2,FALSE
"Q96GG9","DCNL1_HUMAN","DCUN1D1","DCN1-like protein 1",5,4,FALSE
"Q96GK7","FAH2A_HUMAN","FAHD2A","Fumarylacetoacetate hydrolase domain-containing protein 2A",9,3,FALSE
"Q96GS4","BORC6_HUMAN","BORCS6","BLOC-1-related complex subunit 6",1,1,FALSE
"Q96GX9","MTNB_HUMAN","APIP","Methylthioribulose-1-phosphate dehydratase",11,11,FALSE
"Q96GZ6","S41A3_HUMAN","SLC41A3","Solute carrier family 41 member 3",4,3,FALSE
"Q96H20","SNF8_HUMAN","SNF8","Vacuolar-sorting protein SNF8",2,2,FALSE
"Q96HC4","PDLI5_HUMAN","PDLIM5","PDZ and LIM domain protein 5",19,19,FALSE
"Q96HD1","CREL1_HUMAN","CRELD1","Protein disulfide isomerase CRELD1",4,4,FALSE
"Q96HE7","ERO1A_HUMAN","ERO1A","ERO1-like protein alpha",6,6,FALSE
"Q96HJ9","FMC1_HUMAN","FMC1","Protein FMC1 homolog",4,4,FALSE
"Q96HN2","SAHH3_HUMAN","AHCYL2","Adenosylhomocysteinase 3",16,8,FALSE
"Q96HY6","DDRGK_HUMAN","DDRGK1","DDRGK domain-containing protein 1",3,3,FALSE
"Q96HY7","DHTK1_HUMAN","DHTKD1","Probable 2-oxoglutarate dehydrogenase E1 component DHKTD1, mitochondrial",10,10,FALSE
"Q96I36","COX14_HUMAN","COX14","Cytochrome c oxidase assembly protein COX14",1,1,FALSE
"Q96I51","RCC1L_HUMAN","RCC1L","RCC1-like G exchanging factor-like protein",2,2,FALSE
"Q96I59","SYNM_HUMAN","NARS2","Probable asparagine--tRNA ligase, mitochondrial",2,2,FALSE
"Q96I99","SUCB2_HUMAN","SUCLG2","Succinate--CoA ligase [GDP-forming] subunit beta, mitochondrial",21,21,FALSE
"Q96IJ6","GMPPA_HUMAN","GMPPA","Mannose-1-phosphate guanyltransferase alpha",3,3,FALSE
"Q96IU4","ABHEB_HUMAN","ABHD14B","Protein ABHD14B",8,8,FALSE
"Q96IV0","NGLY1_HUMAN","NGLY1","Peptide-N(4)-(N-acetyl-beta-glucosaminyl)asparagine amidase",4,4,FALSE
"Q96IX5","ATPMD_HUMAN","ATP5MD","ATP synthase membrane subunit DAPIT, mitochondrial",4,4,FALSE
"Q96IY4","CBPB2_HUMAN","CPB2","Carboxypeptidase B2",4,4,FALSE
"Q96JB5","CK5P3_HUMAN","CDK5RAP3","CDK5 regulatory subunit-associated protein 3",8,8,FALSE
"Q96JH7","VCIP1_HUMAN","VCPIP1","Deubiquitinating protein VCIP135",2,2,FALSE
"Q96JJ7","TMX3_HUMAN","TMX3","Protein disulfide-isomerase TMX3",9,9,FALSE
"Q96JY6","PDLI2_HUMAN","PDLIM2","PDZ and LIM domain protein 2",3,3,FALSE
"Q96K17","BT3L4_HUMAN","BTF3L4","Transcription factor BTF3 homolog 4",4,4,FALSE
"Q96K19","RN170_HUMAN","RNF170","E3 ubiquitin-protein ligase RNF170",1,1,FALSE
"Q96K21","ANCHR_HUMAN","ZFYVE19","Abscission/NoCut checkpoint regulator",1,1,FALSE
"Q96K76","UBP47_HUMAN","USP47","Ubiquitin carboxyl-terminal hydrolase 47",15,15,FALSE
"Q96KP4","CNDP2_HUMAN","CNDP2","Cytosolic non-specific dipeptidase",16,16,FALSE
"Q96KR6","F210B_HUMAN","FAM210B","Protein FAM210B, mitochondrial",1,1,FALSE
"Q96L92","SNX27_HUMAN","SNX27","Sorting nexin-27",2,2,FALSE
"Q96L96","ALPK3_HUMAN","ALPK3","Alpha-protein kinase 3",33,33,FALSE
"Q96LD8","SENP8_HUMAN","SENP8","Sentrin-specific protease 8",1,1,FALSE
"Q96LJ7","DHRS1_HUMAN","DHRS1","Dehydrogenase/reductase SDR family member 1",1,1,FALSE
"Q96LW7","CAR19_HUMAN","CARD19","Caspase recruitment domain-containing protein 19",3,3,FALSE
"Q96M27","PRRC1_HUMAN","PRRC1","Protein PRRC1",2,2,FALSE
"Q96MF2","STAC3_HUMAN","STAC3","SH3 and cysteine-rich domain-containing protein 3",14,14,FALSE
"Q96MF6","CQ10A_HUMAN","COQ10A","Coenzyme Q-binding protein COQ10 homolog A, mitochondrial",9,8,FALSE
"Q96MG2","JSPR1_HUMAN","JSRP1","Junctional sarcoplasmic reticulum protein 1",11,11,FALSE
"Q96MM6","HS12B_HUMAN","HSPA12B","Heat shock 70 kDa protein 12B",5,5,FALSE
"Q96MW1","CCD43_HUMAN","CCDC43","Coiled-coil domain-containing protein 43",6,6,FALSE
"Q96N66","MBOA7_HUMAN","MBOAT7","Lysophospholipid acyltransferase 7",1,1,FALSE
"Q96NA2","RILP_HUMAN","RILP","Rab-interacting lysosomal protein",4,4,FALSE
"Q96ND0","F210A_HUMAN","FAM210A","Protein FAM210A",3,3,FALSE
"Q96P47","AGAP1_HUMAN","AGAP1","Arf-GAP with GTPase, ANK repeat and PH domain-containing protein 3",1,0,FALSE
"Q96P70","IPO9_HUMAN","IPO9","Importin-9",5,5,FALSE
"Q96PC5","MIA2_HUMAN","MIA2","Melanoma inhibitory activity protein 2",5,2,FALSE
"Q96PD5","PGRP2_HUMAN","PGLYRP2","N-acetylmuramoyl-L-alanine amidase",8,8,FALSE
"Q96PE7","MCEE_HUMAN","MCEE","Methylmalonyl-CoA epimerase, mitochondrial",4,4,FALSE
"Q96PM5","ZN363_HUMAN","RCHY1","RING finger and CHY zinc finger domain-containing protein 1",3,3,FALSE
"Q96PU8","QKI_HUMAN","QKI","Protein quaking",4,4,FALSE
"Q96Q06","PLIN4_HUMAN","PLIN4","Perilipin-4",62,62,FALSE
"Q96Q11","TRNT1_HUMAN","TRNT1","CCA tRNA nucleotidyltransferase 1, mitochondrial",1,1,FALSE
"Q96Q27","ASB2_HUMAN","ASB2","Ankyrin repeat and SOCS box protein 2",1,1,FALSE
"Q96Q83","ALKB3_HUMAN","ALKBH3","Alpha-ketoglutarate-dependent dioxygenase alkB homolog 3",4,4,FALSE
"Q96QK1","VPS35_HUMAN","VPS35","Vacuolar protein sorting-associated protein 35",12,12,FALSE
"Q96QR8","PURB_HUMAN","PURB","Transcriptional activator protein Pur-beta",4,4,FALSE
"Q96RD7","PANX1_HUMAN","PANX1","Pannexin-1",1,1,FALSE
"Q96RF0","SNX18_HUMAN","SNX18","Sorting nexin-18",3,3,FALSE
"Q96RL7","VP13A_HUMAN","VPS13A","Vacuolar protein sorting-associated protein 13A",9,9,FALSE
"Q96RP9","EFGM_HUMAN","GFM1","Elongation factor G, mitochondrial",17,17,FALSE
"Q96RQ3","MCCA_HUMAN","MCCC1","Methylcrotonoyl-CoA carboxylase subunit alpha, mitochondrial",14,14,FALSE
"Q96RS6","NUDC1_HUMAN","NUDCD1","NudC domain-containing protein 1",1,1,FALSE
"Q96S19","MTL26_HUMAN","METTL26","Methyltransferase-like 26",9,9,FALSE
"Q96S52","PIGS_HUMAN","PIGS","GPI transamidase component PIG-S",2,2,FALSE
"Q96S66","CLCC1_HUMAN","CLCC1","Chloride channel CLIC-like protein 1",5,5,FALSE
"Q96S96","PEBP4_HUMAN","PEBP4","Phosphatidylethanolamine-binding protein 4",5,5,FALSE
"Q96S99","PKHF1_HUMAN","PLEKHF1","Pleckstrin homology domain-containing family F member 1",7,7,FALSE
"Q96SL4","GPX7_HUMAN","GPX7","Glutathione peroxidase 7",3,3,FALSE
"Q96SU4","OSBL9_HUMAN","OSBPL9","Oxysterol-binding protein-related protein 9",5,5,FALSE
"Q96SW2","CRBN_HUMAN","CRBN","Protein cereblon",3,3,FALSE
"Q96SZ5","AEDO_HUMAN","ADO","2-aminoethanethiol dioxygenase",2,2,FALSE
"Q96T51","RUFY1_HUMAN","RUFY1","RUN and FYVE domain-containing protein 1",2,2,FALSE
"Q96T66","NMNA3_HUMAN","NMNAT3","Nicotinamide/nicotinic acid mononucleotide adenylyltransferase 3",8,8,FALSE
"Q96T76","MMS19_HUMAN","MMS19","MMS19 nucleotide excision repair protein homolog",1,1,FALSE
"Q96TA1","NIBA2_HUMAN","NIBAN2","Protein Niban 2",1,1,FALSE
"Q99417","MYCBP_HUMAN","MYCBP","c-Myc-binding protein",3,3,FALSE
"Q99426","TBCB_HUMAN","TBCB","Tubulin-folding cofactor B",8,8,FALSE
"Q99436","PSB7_HUMAN","PSMB7","Proteasome subunit beta type-7",7,7,FALSE
"Q99439","CNN2_HUMAN","CNN2","Calponin-2",2,2,FALSE
"Q99442","SEC62_HUMAN","SEC62","Translocation protein SEC62",1,1,FALSE
"Q99447","PCY2_HUMAN","PCYT2","Ethanolamine-phosphate cytidylyltransferase",13,13,FALSE
"Q99460","PSMD1_HUMAN","PSMD1","26S proteasome non-ATPase regulatory subunit 1",36,36,FALSE
"Q99470","SDF2_HUMAN","SDF2","Stromal cell-derived factor 2",2,2,FALSE
"Q99471","PFD5_HUMAN","PFDN5","Prefoldin subunit 5",7,7,FALSE
"Q99497","PARK7_HUMAN","PARK7","Protein/nucleic acid deglycase DJ-1",18,18,FALSE
"Q99523","SORT_HUMAN","SORT1","Sortilin",1,1,FALSE
"Q99536","VAT1_HUMAN","VAT1","Synaptic vesicle membrane protein VAT-1 homolog",13,13,FALSE
"Q99541","PLIN2_HUMAN","PLIN2","Perilipin-2",20,20,FALSE
"Q99584","S10AD_HUMAN","S100A13","Protein S100-A13",6,6,FALSE
"Q99598","TSNAX_HUMAN","TSNAX","Translin-associated protein X",6,6,FALSE
"Q99611","SPS2_HUMAN","SEPHS2","Selenide, water dikinase 2",2,2,FALSE
"Q99613","EIF3C_HUMAN","EIF3C","Eukaryotic translation initiation factor 3 subunit C",18,1,FALSE
"Q99614","TTC1_HUMAN","TTC1","Tetratricopeptide repeat protein 1",3,3,FALSE
"Q99615","DNJC7_HUMAN","DNAJC7","DnaJ homolog subfamily C member 7",7,7,FALSE
"Q99622","C10_HUMAN","C12orf57","Protein C10",3,3,FALSE
"Q99623","PHB2_HUMAN","PHB2","Prohibitin-2",20,20,FALSE
"Q99627","CSN8_HUMAN","COPS8","COP9 signalosome complex subunit 8",3,3,FALSE
"Q99643","C560_HUMAN","SDHC","Succinate dehydrogenase cytochrome b560 subunit, mitochondrial",2,2,FALSE
"Q99653","CHP1_HUMAN","CHP1","Calcineurin B homologous protein 1",5,5,FALSE
"Q99685","MGLL_HUMAN","MGLL","Monoglyceride lipase",9,9,FALSE
"Q99714","HCD2_HUMAN","HSD17B10","3-hydroxyacyl-CoA dehydrogenase type-2",16,16,FALSE
"Q99715","COCA1_HUMAN","COL12A1","Collagen alpha-1(XII) chain",61,61,FALSE
"Q99729","ROAA_HUMAN","HNRNPAB","Heterogeneous nuclear ribonucleoprotein A/B",2,2,FALSE
"Q99733","NP1L4_HUMAN","NAP1L4","Nucleosome assembly protein 1-like 4",13,11,FALSE
"Q99735","MGST2_HUMAN","MGST2","Microsomal glutathione S-transferase 2",1,1,FALSE
"Q99747","SNAG_HUMAN","NAPG","Gamma-soluble NSF attachment protein",5,5,FALSE
"Q99755","PI51A_HUMAN","PIP5K1A","Phosphatidylinositol 4-phosphate 5-kinase type-1 alpha",3,1,FALSE
"Q99757","THIOM_HUMAN","TXN2","Thioredoxin, mitochondrial",3,3,FALSE
"Q99766","ATP5S_HUMAN","DMAC2L","ATP synthase subunit s, mitochondrial",6,6,FALSE
"Q99797","MIPEP_HUMAN","MIPEP","Mitochondrial intermediate peptidase",3,3,FALSE
"Q99798","ACON_HUMAN","ACO2","Aconitate hydratase, mitochondrial",46,46,FALSE
"Q99805","TM9S2_HUMAN","TM9SF2","Transmembrane 9 superfamily member 2",3,3,FALSE
"Q99807","COQ7_HUMAN","COQ7","5-demethoxyubiquinone hydroxylase, mitochondrial",12,12,FALSE
"Q99808","S29A1_HUMAN","SLC29A1","Equilibrative nucleoside transporter 1",2,2,FALSE
"Q99816","TS101_HUMAN","TSG101","Tumor susceptibility gene 101 protein",8,8,FALSE
"Q99829","CPNE1_HUMAN","CPNE1","Copine-1",7,7,FALSE
"Q99832","TCPH_HUMAN","CCT7","T-complex protein 1 subunit eta",25,25,FALSE
"Q99873","ANM1_HUMAN","PRMT1","Protein arginine N-methyltransferase 1",13,11,FALSE
"Q99943","PLCA_HUMAN","AGPAT1","1-acyl-sn-glycerol-3-phosphate acyltransferase alpha",1,1,FALSE
"Q99961","SH3G1_HUMAN","SH3GL1","Endophilin-A2",1,1,FALSE
"Q99969","RARR2_HUMAN","RARRES2","Retinoic acid receptor responder protein 2",1,1,FALSE
"Q99972","MYOC_HUMAN","MYOC","Myocilin",15,15,FALSE
"Q99985","SEM3C_HUMAN","SEMA3C","Semaphorin-3C",4,4,FALSE
"Q9BPX5","ARP5L_HUMAN","ARPC5L","Actin-related protein 2/3 complex subunit 5-like protein",5,4,FALSE
"Q9BPX6","MICU1_HUMAN","MICU1","Calcium uptake protein 1, mitochondrial",2,2,FALSE
"Q9BQ61","TRIR_HUMAN","TRIR","Telomerase RNA component interacting RNase",1,1,FALSE
"Q9BQ69","MACD1_HUMAN","MACROD1","ADP-ribose glycohydrolase MACROD1",8,8,FALSE
"Q9BQ90","KLDC3_HUMAN","KLHDC3","Kelch domain-containing protein 3",2,2,FALSE
"Q9BQA1","MEP50_HUMAN","WDR77","Methylosome protein 50",8,8,FALSE
"Q9BQB6","VKOR1_HUMAN","VKORC1","Vitamin K epoxide reductase complex subunit 1",1,1,FALSE
"Q9BQC6","RT63_HUMAN","MRPL57","Ribosomal protein 63, mitochondrial",1,1,FALSE
"Q9BQE3","TBA1C_HUMAN","TUBA1C","Tubulin alpha-1C chain",6,2,FALSE
"Q9BQE5","APOL2_HUMAN","APOL2","Apolipoprotein L2",6,6,FALSE
"Q9BQG2","NUD12_HUMAN","NUDT12","Peroxisomal NADH pyrophosphatase NUDT12",1,1,FALSE
"Q9BQS8","FYCO1_HUMAN","FYCO1","FYVE and coiled-coil domain-containing protein 1",38,38,FALSE
"Q9BR39","JPH2_HUMAN","JPH2","Junctophilin-2",19,18,FALSE
"Q9BR76","COR1B_HUMAN","CORO1B","Coronin-1B",1,1,FALSE
"Q9BRA2","TXD17_HUMAN","TXNDC17","Thioredoxin domain-containing protein 17",6,6,FALSE
"Q9BRC7","PLCD4_HUMAN","PLCD4","1-phosphatidylinositol 4,5-bisphosphate phosphodiesterase delta-4",22,21,FALSE
"Q9BRF8","CPPED_HUMAN","CPPED1","Serine/threonine-protein phosphatase CPPED1",11,11,FALSE
"Q9BRG1","VPS25_HUMAN","VPS25","Vacuolar protein-sorting-associated protein 25",4,4,FALSE
"Q9BRJ2","RM45_HUMAN","MRPL45","39S ribosomal protein L45, mitochondrial",1,1,FALSE
"Q9BRP8","PYM1_HUMAN","PYM1","Partner of Y14 and mago",2,2,FALSE
"Q9BRT2","UQCC2_HUMAN","UQCC2","Ubiquinol-cytochrome-c reductase complex assembly factor 2",3,3,FALSE
"Q9BRT3","MIEN1_HUMAN","MIEN1","Migration and invasion enhancer 1",3,3,FALSE
"Q9BRX2","PELO_HUMAN","PELO","Protein pelota homolog",7,7,FALSE
"Q9BRX8","PXL2A_HUMAN","PRXL2A","Peroxiredoxin-like 2A",7,7,FALSE
"Q9BS26","ERP44_HUMAN","ERP44","Endoplasmic reticulum resident protein 44",9,9,FALSE
"Q9BS40","LXN_HUMAN","LXN","Latexin",4,4,FALSE
"Q9BS92","NPS3B_HUMAN","NIPSNAP3B","Protein NipSnap homolog 3B",13,11,FALSE
"Q9BSB4","ATGA1_HUMAN","ATG101","Autophagy-related protein 101",1,1,FALSE
"Q9BSD7","NTPCR_HUMAN","NTPCR","Cancer-related nucleoside-triphosphatase",7,7,FALSE
"Q9BSE5","SPEB_HUMAN","AGMAT","Agmatinase, mitochondrial",7,7,FALSE
"Q9BSH4","TACO1_HUMAN","TACO1","Translational activator of cytochrome c oxidase 1",11,11,FALSE
"Q9BSH5","HDHD3_HUMAN","HDHD3","Haloacid dehalogenase-like hydrolase domain-containing protein 3",2,2,FALSE
"Q9BSJ8","ESYT1_HUMAN","ESYT1","Extended synaptotagmin-1",23,23,FALSE
"Q9BSL1","UBAC1_HUMAN","UBAC1","Ubiquitin-associated domain-containing protein 1",12,11,FALSE
"Q9BT30","ALKB7_HUMAN","ALKBH7","Alpha-ketoglutarate-dependent dioxygenase alkB homolog 7, mitochondrial",1,1,FALSE
"Q9BT73","PSMG3_HUMAN","PSMG3","Proteasome assembly chaperone 3",4,4,FALSE
"Q9BT78","CSN4_HUMAN","COPS4","COP9 signalosome complex subunit 4",25,25,FALSE
"Q9BTE1","DCTN5_HUMAN","DCTN5","Dynactin subunit 5",2,2,FALSE
"Q9BTE6","AASD1_HUMAN","AARSD1","Alanyl-tRNA editing protein Aarsd1",7,7,FALSE
"Q9BTT0","AN32E_HUMAN","ANP32E","Acidic leucine-rich nuclear phosphoprotein 32 family member E",3,3,FALSE
"Q9BTV4","TMM43_HUMAN","TMEM43","Transmembrane protein 43",9,9,FALSE
"Q9BTW9","TBCD_HUMAN","TBCD","Tubulin-specific chaperone D",3,3,FALSE
"Q9BTY7","HGH1_HUMAN","HGH1","Protein HGH1 homolog",3,3,FALSE
"Q9BTZ2","DHRS4_HUMAN","DHRS4","Dehydrogenase/reductase SDR family member 4",6,2,FALSE
"Q9BU02","THTPA_HUMAN","THTPA","Thiamine-triphosphatase",6,6,FALSE
"Q9BU61","NDUF3_HUMAN","NDUFAF3","NADH dehydrogenase [ubiquinone] 1 alpha subcomplex assembly factor 3",4,4,FALSE
"Q9BU89","DOHH_HUMAN","DOHH","Deoxyhypusine hydroxylase",4,4,FALSE
"Q9BUB5","MKNK1_HUMAN","MKNK1","MAP kinase-interacting serine/threonine-protein kinase 1",4,4,FALSE
"Q9BUB7","TMM70_HUMAN","TMEM70","Transmembrane protein 70, mitochondrial",2,2,FALSE
"Q9BUE6","ISCA1_HUMAN","ISCA1","Iron-sulfur cluster assembly 1 homolog, mitochondrial",3,3,FALSE
"Q9BUF5","TBB6_HUMAN","TUBB6","Tubulin beta-6 chain",16,6,FALSE
"Q9BUH6","PAXX_HUMAN","PAXX","Protein PAXX",3,3,FALSE
"Q9BUJ2","HNRL1_HUMAN","HNRNPUL1","Heterogeneous nuclear ribonucleoprotein U-like protein 1",5,5,FALSE
"Q9BUK0","CHCH7_HUMAN","CHCHD7","Coiled-coil-helix-coiled-coil-helix domain-containing protein 7",2,2,FALSE
"Q9BUL8","PDC10_HUMAN","PDCD10","Programmed cell death protein 10",3,3,FALSE
"Q9BUM1","G6PC3_HUMAN","G6PC3","Glucose-6-phosphatase 3",1,1,FALSE
"Q9BUN5","CC28B_HUMAN","CCDC28B","Coiled-coil domain-containing protein 28B",1,1,FALSE
"Q9BUN8","DERL1_HUMAN","DERL1","Derlin-1",1,1,FALSE
"Q9BUP0","EFHD1_HUMAN","EFHD1","EF-hand domain-containing protein D1",1,1,FALSE
"Q9BUR5","MIC26_HUMAN","APOO","MICOS complex subunit MIC26",6,6,FALSE
"Q9BUT1","BDH2_HUMAN","BDH2","3-hydroxybutyrate dehydrogenase type 2",3,3,FALSE
"Q9BV19","CA050_HUMAN","C1orf50","Uncharacterized protein C1orf50",1,1,FALSE
"Q9BV20","MTNA_HUMAN","MRI1","Methylthioribose-1-phosphate isomerase",5,5,FALSE
"Q9BV57","MTND_HUMAN","ADI1","1,2-dihydroxy-3-keto-5-methylthiopentene dioxygenase",4,4,FALSE
"Q9BV68","RN126_HUMAN","RNF126","E3 ubiquitin-protein ligase RNF126",2,2,FALSE
"Q9BV79","MECR_HUMAN","MECR","Enoyl-[acyl-carrier-protein] reductase, mitochondrial",6,6,FALSE
"Q9BV81","EMC6_HUMAN","EMC6","ER membrane protein complex subunit 6",1,1,FALSE
"Q9BV86","NTM1A_HUMAN","NTMT1","N-terminal Xaa-Pro-Lys N-methyltransferase 1",4,3,FALSE
"Q9BVA1","TBB2B_HUMAN","TUBB2B","Tubulin beta-2B chain",1,1,FALSE
"Q9BVC4","LST8_HUMAN","MLST8","Target of rapamycin complex subunit LST8",2,2,FALSE
"Q9BVC6","TM109_HUMAN","TMEM109","Transmembrane protein 109",4,4,FALSE
"Q9BVG4","PBDC1_HUMAN","PBDC1","Protein PBDC1",6,6,FALSE
"Q9BVJ7","DUS23_HUMAN","DUSP23","Dual specificity protein phosphatase 23",3,3,FALSE
"Q9BVK6","TMED9_HUMAN","TMED9","Transmembrane emp24 domain-containing protein 9",5,5,FALSE
"Q9BVL4","SELO_HUMAN","SELENOO","Protein adenylyltransferase SelO, mitochondrial",5,5,FALSE
"Q9BVT8","TMUB1_HUMAN","TMUB1","Transmembrane and ubiquitin-like domain-containing protein 1",1,1,FALSE
"Q9BVV7","TIM21_HUMAN","TIMM21","Mitochondrial import inner membrane translocase subunit Tim21",4,4,FALSE
"Q9BW30","TPPP3_HUMAN","TPPP3","Tubulin polymerization-promoting protein family member 3",10,10,FALSE
"Q9BW91","NUDT9_HUMAN","NUDT9","ADP-ribose pyrophosphatase, mitochondrial",8,8,FALSE
"Q9BWD1","THIC_HUMAN","ACAT2","Acetyl-CoA acetyltransferase, cytosolic",4,4,FALSE
"Q9BWF3","RBM4_HUMAN","RBM4","RNA-binding protein 4",2,1,FALSE
"Q9BWH2","FUND2_HUMAN","FUNDC2","FUN14 domain-containing protein 2",6,6,FALSE
"Q9BWM7","SFXN3_HUMAN","SFXN3","Sideroflexin-3",4,4,FALSE
"Q9BWS9","CHID1_HUMAN","CHID1","Chitinase domain-containing protein 1",3,3,FALSE
"Q9BX46","RBM24_HUMAN","RBM24","RNA-binding protein 24",5,0,FALSE
"Q9BX66","SRBS1_HUMAN","SORBS1","Sorbin and SH3 domain-containing protein 1",13,13,FALSE
"Q9BX68","HINT2_HUMAN","HINT2","Histidine triad nucleotide-binding protein 2, mitochondrial",6,6,FALSE
"Q9BX95","SGPP1_HUMAN","SGPP1","Sphingosine-1-phosphate phosphatase 1",1,1,FALSE
"Q9BXB4","OSB11_HUMAN","OSBPL11","Oxysterol-binding protein-related protein 11",7,6,FALSE
"Q9BXI3","5NT1A_HUMAN","NT5C1A","Cytosolic 5'-nucleotidase 1A",18,17,FALSE
"Q9BXJ8","T120A_HUMAN","TMEM120A","Transmembrane protein 120A",1,1,FALSE
"Q9BXJ9","NAA15_HUMAN","NAA15","N-alpha-acetyltransferase 15, NatA auxiliary subunit",9,7,FALSE
"Q9BXK5","B2L13_HUMAN","BCL2L13","Bcl-2-like protein 13",20,20,FALSE
"Q9BXN1","ASPN_HUMAN","ASPN","Asporin",13,13,FALSE
"Q9BXP5","SRRT_HUMAN","SRRT","Serrate RNA effector molecule homolog",1,1,FALSE
"Q9BXR6","FHR5_HUMAN","CFHR5","Complement factor H-related protein 5",2,1,FALSE
"Q9BXS1","IDI2_HUMAN","IDI2","Isopentenyl-diphosphate delta-isomerase 2",14,13,FALSE
"Q9BXS5","AP1M1_HUMAN","AP1M1","AP-1 complex subunit mu-1",10,8,FALSE
"Q9BXT2","CCG6_HUMAN","CACNG6","Voltage-dependent calcium channel gamma-6 subunit",1,1,FALSE
"Q9BXV9","GON7_HUMAN","GON7","EKC/KEOPS complex subunit GON7",1,1,FALSE
"Q9BXW6","OSBL1_HUMAN","OSBPL1A","Oxysterol-binding protein-related protein 1",10,10,FALSE
"Q9BXW7","HDHD5_HUMAN","HDHD5","Haloacid dehalogenase-like hydrolase domain-containing 5",11,11,FALSE
"Q9BY43","CHM4A_HUMAN","CHMP4A","Charged multivesicular body protein 4a",1,1,FALSE
"Q9BY44","EIF2A_HUMAN","EIF2A","Eukaryotic translation initiation factor 2A",12,12,FALSE
"Q9BY49","PECR_HUMAN","PECR","Peroxisomal trans-2-enoyl-CoA reductase",1,1,FALSE
"Q9BYC8","RM32_HUMAN","MRPL32","39S ribosomal protein L32, mitochondrial",3,3,FALSE
"Q9BYD1","RM13_HUMAN","MRPL13","39S ribosomal protein L13, mitochondrial",3,3,FALSE
"Q9BYD2","RM09_HUMAN","MRPL9","39S ribosomal protein L9, mitochondrial",2,2,FALSE
"Q9BYD3","RM04_HUMAN","MRPL4","39S ribosomal protein L4, mitochondrial",2,2,FALSE
"Q9BYD6","RM01_HUMAN","MRPL1","39S ribosomal protein L1, mitochondrial",4,4,FALSE
"Q9BYE4","SPR2G_HUMAN","SPRR2G","Small proline-rich protein 2G",4,2,FALSE
"Q9BYN8","RT26_HUMAN","MRPS26","28S ribosomal protein S26, mitochondrial",1,1,FALSE
"Q9BYR8","KRA31_HUMAN","KRTAP3-1","Keratin-associated protein 3-1",1,1,FALSE
"Q9BYS8","LRRC2_HUMAN","LRRC2","Leucine-rich repeat-containing protein 2",1,1,FALSE
"Q9BYT8","NEUL_HUMAN","NLN","Neurolysin, mitochondrial",14,14,FALSE
"Q9BYV2","TRI54_HUMAN","TRIM54","Tripartite motif-containing protein 54",16,13,FALSE
"Q9BYV6","TRI55_HUMAN","TRIM55","Tripartite motif-containing protein 55",3,3,FALSE
"Q9BYV7","BCDO2_HUMAN","BCO2","Beta,beta-carotene 9',10'-oxygenase",10,10,FALSE
"Q9BYZ2","LDH6B_HUMAN","LDHAL6B","L-lactate dehydrogenase A-like 6B",1,1,FALSE
"Q9BZ23","PANK2_HUMAN","PANK2","Pantothenate kinase 2, mitochondrial",1,1,FALSE
"Q9BZE1","RM37_HUMAN","MRPL37","39S ribosomal protein L37, mitochondrial",6,6,FALSE
"Q9BZE9","ASPC1_HUMAN","ASPSCR1","Tether containing UBX domain for GLUT4",3,3,FALSE
"Q9BZF3","OSBL6_HUMAN","OSBPL6","Oxysterol-binding protein-related protein 6",9,8,FALSE
"Q9BZF9","UACA_HUMAN","UACA","Uveal autoantigen with coiled-coil domains and ankyrin repeats",3,3,FALSE
"Q9BZL1","UBL5_HUMAN","UBL5","Ubiquitin-like protein 5",3,3,FALSE
"Q9BZQ8","NIBA1_HUMAN","NIBAN1","Protein Niban 1",23,23,FALSE
"Q9BZV1","UBXN6_HUMAN","UBXN6","UBX domain-containing protein 6",6,6,FALSE
"Q9BZW5","TM6S1_HUMAN","TM6SF1","Transmembrane 6 superfamily member 1",2,2,FALSE
"Q9BZZ5","API5_HUMAN","API5","Apoptosis inhibitor 5",4,4,FALSE
"Q9C0B1","FTO_HUMAN","FTO","Alpha-ketoglutarate-dependent dioxygenase FTO",1,1,FALSE
"Q9C0C2","TB182_HUMAN","TNKS1BP1","182 kDa tankyrase-1-binding protein",10,10,FALSE
"Q9C0C9","UBE2O_HUMAN","UBE2O","(E3-independent) E2 ubiquitin-conjugating enzyme",11,11,FALSE
"Q9C0D3","ZY11B_HUMAN","ZYG11B","Protein zyg-11 homolog B",5,5,FALSE
"Q9C0E2","XPO4_HUMAN","XPO4","Exportin-4",2,2,FALSE
"Q9C0E8","LNP_HUMAN","LNPK","Endoplasmic reticulum junction formation protein lunapark",14,14,FALSE
"Q9GZM7","TINAL_HUMAN","TINAGL1","Tubulointerstitial nephritis antigen-like",4,4,FALSE
"Q9GZN8","CT027_HUMAN","C20orf27","UPF0687 protein C20orf27",1,1,FALSE
"Q9GZP4","PITH1_HUMAN","PITHD1","PITH domain-containing protein 1",7,7,FALSE
"Q9GZS3","WDR61_HUMAN","WDR61","WD repeat-containing protein 61",6,6,FALSE
"Q9GZT3","SLIRP_HUMAN","SLIRP","SRA stem-loop-interacting RNA-binding protein, mitochondrial",7,7,FALSE
"Q9GZT4","SRR_HUMAN","SRR","Serine racemase",2,2,FALSE
"Q9GZT8","NIF3L_HUMAN","NIF3L1","NIF3-like protein 1",12,12,FALSE
"Q9GZT9","EGLN1_HUMAN","EGLN1","Egl nine homolog 1",6,5,FALSE
"Q9GZV1","ANKR2_HUMAN","ANKRD2","Ankyrin repeat domain-containing protein 2",28,28,FALSE
"Q9GZY8","MFF_HUMAN","MFF","Mitochondrial fission factor",7,7,FALSE
"Q9GZZ1","NAA50_HUMAN","NAA50","N-alpha-acetyltransferase 50",9,9,FALSE
"Q9GZZ8","LACRT_HUMAN","LACRT","Extracellular glycoprotein lacritin",5,5,FALSE
"Q9GZZ9","UBA5_HUMAN","UBA5","Ubiquitin-like modifier-activating enzyme 5",3,3,FALSE
"Q9H000","MKRN2_HUMAN","MKRN2","Probable E3 ubiquitin-protein ligase makorin-2",2,2,FALSE
"Q9H008","LHPP_HUMAN","LHPP","Phospholysine phosphohistidine inorganic pyrophosphate phosphatase",6,6,FALSE
"Q9H019","MFR1L_HUMAN","MTFR1L","Mitochondrial fission regulator 1-like",3,3,FALSE
"Q9H061","T126A_HUMAN","TMEM126A","Transmembrane protein 126A",5,5,FALSE
"Q9H074","PAIP1_HUMAN","PAIP1","Polyadenylate-binding protein-interacting protein 1",6,6,FALSE
"Q9H078","CLPB_HUMAN","CLPB","Caseinolytic peptidase B protein homolog",8,8,FALSE
"Q9H0B6","KLC2_HUMAN","KLC2","Kinesin light chain 2",3,2,FALSE
"Q9H0C5","BTBD1_HUMAN","BTBD1","BTB/POZ domain-containing protein 1",1,1,FALSE
"Q9H0E2","TOLIP_HUMAN","TOLLIP","Toll-interacting protein",7,7,FALSE
"Q9H0N5","PHS2_HUMAN","PCBD2","Pterin-4-alpha-carbinolamine dehydratase 2",5,5,FALSE
"Q9H0P0","5NT3A_HUMAN","NT5C3A","Cytosolic 5'-nucleotidase 3A",22,22,FALSE
"Q9H0Q0","FA49A_HUMAN","FAM49A","Protein FAM49A",3,3,FALSE
"Q9H0R3","TM222_HUMAN","TMEM222","Transmembrane protein 222",2,2,FALSE
"Q9H0R4","HDHD2_HUMAN","HDHD2","Haloacid dehalogenase-like hydrolase domain-containing protein 2",10,10,FALSE
"Q9H0R6","GATA_HUMAN","QRSL1","Glutamyl-tRNA(Gln) amidotransferase subunit A, mitochondrial",2,2,FALSE
"Q9H0U3","MAGT1_HUMAN","MAGT1","Magnesium transporter protein 1",3,3,FALSE
"Q9H0U4","RAB1B_HUMAN","RAB1B","Ras-related protein Rab-1B",3,2,FALSE
"Q9H0U6","RM18_HUMAN","MRPL18","39S ribosomal protein L18, mitochondrial",1,1,FALSE
"Q9H0V9","LMA2L_HUMAN","LMAN2L","VIP36-like protein",1,1,FALSE
"Q9H0W9","CK054_HUMAN","C11orf54","Ester hydrolase C11orf54",11,11,FALSE
"Q9H173","SIL1_HUMAN","SIL1","Nucleotide exchange factor SIL1",1,1,FALSE
"Q9H1C7","CYTM1_HUMAN","CYSTM1","Cysteine-rich and transmembrane domain-containing protein 1",1,1,FALSE
"Q9H1E3","NUCKS_HUMAN","NUCKS1","Nuclear ubiquitous casein and cyclin-dependent kinase substrate 1",1,1,FALSE
"Q9H1E5","TMX4_HUMAN","TMX4","Thioredoxin-related transmembrane protein 4",6,6,FALSE
"Q9H1H9","KI13A_HUMAN","KIF13A","Kinesin-like protein KIF13A",1,1,FALSE
"Q9H1K1","ISCU_HUMAN","ISCU","Iron-sulfur cluster assembly enzyme ISCU, mitochondrial",3,3,FALSE
"Q9H1R3","MYLK2_HUMAN","MYLK2","Myosin light chain kinase 2, skeletal/cardiac muscle",25,24,FALSE
"Q9H1Z4","WDR13_HUMAN","WDR13","WD repeat-containing protein 13",1,1,FALSE
"Q9H223","EHD4_HUMAN","EHD4","EH domain-containing protein 4",11,11,FALSE
"Q9H246","CA021_HUMAN","C1orf21","Uncharacterized protein C1orf21",1,1,FALSE
"Q9H299","SH3L3_HUMAN","SH3BGRL3","SH3 domain-binding glutamic acid-rich-like protein 3",2,2,FALSE
"Q9H2G2","SLK_HUMAN","SLK","STE20-like serine/threonine-protein kinase",13,12,FALSE
"Q9H2H8","PPIL3_HUMAN","PPIL3","Peptidyl-prolyl cis-trans isomerase-like 3",4,4,FALSE
"Q9H2J4","PDCL3_HUMAN","PDCL3","Phosducin-like protein 3",5,5,FALSE
"Q9H2K0","IF3M_HUMAN","MTIF3","Translation initiation factor IF-3, mitochondrial",2,2,FALSE
"Q9H2M9","RBGPR_HUMAN","RAB3GAP2","Rab3 GTPase-activating protein non-catalytic subunit",7,7,FALSE
"Q9H2S6","TNMD_HUMAN","TNMD","Tenomodulin",2,2,FALSE
"Q9H2U2","IPYR2_HUMAN","PPA2","Inorganic pyrophosphatase 2, mitochondrial",11,11,FALSE
"Q9H2W6","RM46_HUMAN","MRPL46","39S ribosomal protein L46, mitochondrial",2,2,FALSE
"Q9H330","TM245_HUMAN","TMEM245","Transmembrane protein 245",1,1,FALSE
"Q9H3H3","CK068_HUMAN","C11orf68","UPF0696 protein C11orf68",5,5,FALSE
"Q9H3K2","GHITM_HUMAN","GHITM","Growth hormone-inducible transmembrane protein",6,6,FALSE
"Q9H3K6","BOLA2_HUMAN","BOLA2","BolA-like protein 2",5,5,FALSE
"Q9H3N1","TMX1_HUMAN","TMX1","Thioredoxin-related transmembrane protein 1",5,5,FALSE
"Q9H3P7","GCP60_HUMAN","ACBD3","Golgi resident protein GCP60",6,6,FALSE
"Q9H3Q1","BORG4_HUMAN","CDC42EP4","Cdc42 effector protein 4",1,1,FALSE
"Q9H3S7","PTN23_HUMAN","PTPN23","Tyrosine-protein phosphatase non-receptor type 23",8,8,FALSE
"Q9H444","CHM4B_HUMAN","CHMP4B","Charged multivesicular body protein 4b",9,6,FALSE
"Q9H446","RWDD1_HUMAN","RWDD1","RWD domain-containing protein 1",2,2,FALSE
"Q9H477","RBSK_HUMAN","RBKS","Ribokinase",7,7,FALSE
"Q9H479","FN3K_HUMAN","FN3K","Fructosamine-3-kinase",9,9,FALSE
"Q9H488","OFUT1_HUMAN","POFUT1","GDP-fucose protein O-fucosyltransferase 1",6,6,FALSE
"Q9H4A3","WNK1_HUMAN","WNK1","Serine/threonine-protein kinase WNK1",2,2,FALSE
"Q9H4A4","AMPB_HUMAN","RNPEP","Aminopeptidase B",24,24,FALSE
"Q9H4B7","TBB1_HUMAN","TUBB1","Tubulin beta-1 chain",3,3,FALSE
"Q9H4G4","GAPR1_HUMAN","GLIPR2","Golgi-associated plant pathogenesis-related protein 1",5,5,FALSE
"Q9H4I3","TRABD_HUMAN","TRABD","TraB domain-containing protein",1,1,FALSE
"Q9H4M9","EHD1_HUMAN","EHD1","EH domain-containing protein 1",19,14,FALSE
"Q9H511","KLH31_HUMAN","KLHL31","Kelch-like protein 31",19,19,FALSE
"Q9H5X1","CIA2A_HUMAN","CIAO2A","Cytosolic iron-sulfur assembly component 2A",2,2,FALSE
"Q9H6E4","CC134_HUMAN","CCDC134","Coiled-coil domain-containing protein 134",1,1,FALSE
"Q9H6F2","TM38A_HUMAN","TMEM38A","Trimeric intracellular cation channel type A",10,10,FALSE
"Q9H6K4","OPA3_HUMAN","OPA3","Optic atrophy 3 protein",3,3,FALSE
"Q9H6L5","RETR1_HUMAN","RETREG1","Reticulophagy regulator 1",1,1,FALSE
"Q9H6N6","MYH16_HUMAN","MYH16","Putative uncharacterized protein MYH16",2,2,FALSE
"Q9H6Q4","CIAO3_HUMAN","CIAO3","Cytosolic iron-sulfur assembly component 3",1,1,FALSE
"Q9H6R3","ACSS3_HUMAN","ACSS3","Acyl-CoA synthetase short-chain family member 3, mitochondrial",2,2,FALSE
"Q9H6U8","ALG9_HUMAN","ALG9","Alpha-1,2-mannosyltransferase ALG9",2,2,FALSE
"Q9H6Z4","RANB3_HUMAN","RANBP3","Ran-binding protein 3",4,4,FALSE
"Q9H773","DCTP1_HUMAN","DCTPP1","dCTP pyrophosphatase 1",5,5,FALSE
"Q9H7C4","SYNCI_HUMAN","SYNC","Syncoilin",6,6,FALSE
"Q9H7C9","AAMDC_HUMAN","AAMDC","Mth938 domain-containing protein",8,8,FALSE
"Q9H7M6","ZSWM4_HUMAN","ZSWIM4","Zinc finger SWIM domain-containing protein 4",1,1,FALSE
"Q9H7Z7","PGES2_HUMAN","PTGES2","Prostaglandin E synthase 2",19,19,FALSE
"Q9H832","UBE2Z_HUMAN","UBE2Z","Ubiquitin-conjugating enzyme E2 Z",3,3,FALSE
"Q9H845","ACAD9_HUMAN","ACAD9","Complex I assembly factor ACAD9, mitochondrial",11,11,FALSE
"Q9H853","TBA4B_HUMAN","TUBA4B","Putative tubulin-like protein alpha-4B",1,1,FALSE
"Q9H8H3","MET7A_HUMAN","METTL7A","Methyltransferase-like protein 7A",5,5,FALSE
"Q9H8T0","AKTIP_HUMAN","AKTIP","AKT-interacting protein",2,2,FALSE
"Q9H8W4","PKHF2_HUMAN","PLEKHF2","Pleckstrin homology domain-containing family F member 2",2,2,FALSE
"Q9H8Y8","GORS2_HUMAN","GORASP2","Golgi reassembly-stacking protein 2",6,6,FALSE
"Q9H902","REEP1_HUMAN","REEP1","Receptor expression-enhancing protein 1",1,1,FALSE
"Q9H910","JUPI2_HUMAN","JPT2","Jupiter microtubule associated homolog 2",5,5,FALSE
"Q9H987","SYP2L_HUMAN","SYNPO2L","Synaptopodin 2-like protein",19,19,FALSE
"Q9H993","ARMT1_HUMAN","ARMT1","Damage-control phosphatase ARMT1",8,8,FALSE
"Q9H9A6","LRC40_HUMAN","LRRC40","Leucine-rich repeat-containing protein 40",6,6,FALSE
"Q9H9B4","SFXN1_HUMAN","SFXN1","Sideroflexin-1",10,9,FALSE
"Q9H9J2","RM44_HUMAN","MRPL44","39S ribosomal protein L44, mitochondrial",6,6,FALSE
"Q9H9P8","L2HDH_HUMAN","L2HGDH","L-2-hydroxyglutarate dehydrogenase, mitochondrial",22,22,FALSE
"Q9H9Q2","CSN7B_HUMAN","COPS7B","COP9 signalosome complex subunit 7b",6,6,FALSE
"Q9H9S4","CB39L_HUMAN","CAB39L","Calcium-binding protein 39-like",2,2,FALSE
"Q9HA64","KT3K_HUMAN","FN3KRP","Ketosamine-3-kinase",4,4,FALSE
"Q9HA65","TBC17_HUMAN","TBC1D17","TBC1 domain family member 17",5,5,FALSE
"Q9HA77","SYCM_HUMAN","CARS2","Probable cysteine--tRNA ligase, mitochondrial",5,5,FALSE
"Q9HAB8","PPCS_HUMAN","PPCS","Phosphopantothenate--cysteine ligase",3,3,FALSE
"Q9HAC7","SUCHY_HUMAN","SUGCT","Succinate--hydroxymethylglutarate CoA-transferase",3,3,FALSE
"Q9HAN9","NMNA1_HUMAN","NMNAT1","Nicotinamide/nicotinic acid mononucleotide adenylyltransferase 1",2,2,FALSE
"Q9HAT2","SIAE_HUMAN","SIAE","Sialate O-acetylesterase",4,4,FALSE
"Q9HAV7","GRPE1_HUMAN","GRPEL1","GrpE protein homolog 1, mitochondrial",6,6,FALSE
"Q9HAY6","BCDO1_HUMAN","BCO1","Beta,beta-carotene 15,15'-dioxygenase",1,1,FALSE
"Q9HB07","MYG1_HUMAN","C12orf10","UPF0160 protein MYG1, mitochondrial",3,3,FALSE
"Q9HB71","CYBP_HUMAN","CACYBP","Calcyclin-binding protein",8,8,FALSE
"Q9HB90","RRAGC_HUMAN","RRAGC","Ras-related GTP-binding protein C",3,1,FALSE
"Q9HBH1","DEFM_HUMAN","PDF","Peptide deformylase, mitochondrial",1,1,FALSE
"Q9HBH5","RDH14_HUMAN","RDH14","Retinol dehydrogenase 14",3,3,FALSE
"Q9HBI1","PARVB_HUMAN","PARVB","Beta-parvin",11,9,FALSE
"Q9HBL0","TENS1_HUMAN","TNS1","Tensin-1",27,26,FALSE
"Q9HBL7","PLRKT_HUMAN","PLGRKT","Plasminogen receptor (KT)",6,6,FALSE
"Q9HBM0","VEZA_HUMAN","VEZT","Vezatin",1,1,FALSE
"Q9HC35","EMAL4_HUMAN","EML4","Echinoderm microtubule-associated protein-like 4",2,2,FALSE
"Q9HC38","GLOD4_HUMAN","GLOD4","Glyoxalase domain-containing protein 4",12,12,FALSE
"Q9HCC0","MCCB_HUMAN","MCCC2","Methylcrotonoyl-CoA carboxylase beta chain, mitochondrial",16,16,FALSE
"Q9HCE6","ARGAL_HUMAN","ARHGEF10L","Rho guanine nucleotide exchange factor 10-like protein",4,3,FALSE
"Q9HCP6","HHATL_HUMAN","HHATL","Protein-cysteine N-palmitoyltransferase HHAT-like protein",18,18,FALSE
"Q9HCU0","CD248_HUMAN","CD248","Endosialin",2,2,FALSE
"Q9HCU5","PREB_HUMAN","PREB","Prolactin regulatory element-binding protein",6,6,FALSE
"Q9HD15","SRA1_HUMAN","SRA1","Steroid receptor RNA activator 1",2,2,FALSE
"Q9HD26","GOPC_HUMAN","GOPC","Golgi-associated PDZ and coiled-coil motif-containing protein",1,1,FALSE
"Q9HD33","RM47_HUMAN","MRPL47","39S ribosomal protein L47, mitochondrial",4,4,FALSE
"Q9HD42","CHM1A_HUMAN","CHMP1A","Charged multivesicular body protein 1a",4,4,FALSE
"Q9HD45","TM9S3_HUMAN","TM9SF3","Transmembrane 9 superfamily member 3",3,3,FALSE
"Q9HDC5","JPH1_HUMAN","JPH1","Junctophilin-1",21,21,FALSE
"Q9HDC9","APMAP_HUMAN","APMAP","Adipocyte plasma membrane-associated protein",8,8,FALSE
"Q9NNW7","TRXR2_HUMAN","TXNRD2","Thioredoxin reductase 2, mitochondrial",11,11,FALSE
"Q9NP55","BPIA1_HUMAN","BPIFA1","BPI fold-containing family A member 1",2,2,FALSE
"Q9NP72","RAB18_HUMAN","RAB18","Ras-related protein Rab-18",10,10,FALSE
"Q9NP74","PALMD_HUMAN","PALMD","Palmdelphin",8,8,FALSE
"Q9NP77","SSU72_HUMAN","SSU72","RNA polymerase II subunit A C-terminal domain phosphatase SSU72",2,2,FALSE
"Q9NP79","VTA1_HUMAN","VTA1","Vacuolar protein sorting-associated protein VTA1 homolog",8,8,FALSE
"Q9NP81","SYSM_HUMAN","SARS2","Serine--tRNA ligase, mitochondrial",10,10,FALSE
"Q9NP92","RT30_HUMAN","MRPS30","39S ribosomal protein S30, mitochondrial",3,3,FALSE
"Q9NP97","DLRB1_HUMAN","DYNLRB1","Dynein light chain roadblock-type 1",4,3,FALSE
"Q9NP98","MYOZ1_HUMAN","MYOZ1","Myozenin-1",14,14,FALSE
"Q9NPA0","EMC7_HUMAN","EMC7","ER membrane protein complex subunit 7",2,2,FALSE
"Q9NPA8","ENY2_HUMAN","ENY2","Transcription and mRNA export factor ENY2",1,1,FALSE
"Q9NPB0","SMDC1_HUMAN","SAYSD1","SAYSvFN domain-containing protein 1",1,1,FALSE
"Q9NPC6","MYOZ2_HUMAN","MYOZ2","Myozenin-2",11,11,FALSE
"Q9NPF4","OSGEP_HUMAN","OSGEP","Probable tRNA N6-adenosine threonylcarbamoyltransferase",6,6,FALSE
"Q9NPH2","INO1_HUMAN","ISYNA1","Inositol-3-phosphate synthase 1",3,3,FALSE
"Q9NPI7","KRCC1_HUMAN","KRCC1","Lysine-rich coiled-coil protein 1",1,1,FALSE
"Q9NPJ3","ACO13_HUMAN","ACOT13","Acyl-coenzyme A thioesterase 13",4,4,FALSE
"Q9NPL8","TIDC1_HUMAN","TIMMDC1","Complex I assembly factor TIMMDC1, mitochondrial",3,3,FALSE
"Q9NPQ8","RIC8A_HUMAN","RIC8A","Synembryn-A",1,1,FALSE
"Q9NPY3","C1QR1_HUMAN","CD93","Complement component C1q receptor",3,3,FALSE
"Q9NQ50","RM40_HUMAN","MRPL40","39S ribosomal protein L40, mitochondrial",2,2,FALSE
"Q9NQ66","PLCB1_HUMAN","PLCB1","1-phosphatidylinositol 4,5-bisphosphate phosphodiesterase beta-1",3,3,FALSE
"Q9NQ84","GPC5C_HUMAN","GPRC5C","G-protein coupled receptor family C group 5 member C",1,1,FALSE
"Q9NQ88","TIGAR_HUMAN","TIGAR","Fructose-2,6-bisphosphatase TIGAR",4,4,FALSE
"Q9NQC3","RTN4_HUMAN","RTN4","Reticulon-4",14,14,FALSE
"Q9NQE9","HINT3_HUMAN","HINT3","Histidine triad nucleotide-binding protein 3",7,7,FALSE
"Q9NQH7","XPP3_HUMAN","XPNPEP3","Xaa-Pro aminopeptidase 3",1,1,FALSE
"Q9NQP4","PFD4_HUMAN","PFDN4","Prefoldin subunit 4",2,2,FALSE
"Q9NQR4","NIT2_HUMAN","NIT2","Omega-amidase NIT2",18,18,FALSE
"Q9NQS1","AVEN_HUMAN","AVEN","Cell death regulator Aven",1,1,FALSE
"Q9NQW7","XPP1_HUMAN","XPNPEP1","Xaa-Pro aminopeptidase 1",15,15,FALSE
"Q9NQX3","GEPH_HUMAN","GPHN","Gephyrin",13,13,FALSE
"Q9NQZ5","STAR7_HUMAN","STARD7","StAR-related lipid transfer protein 7, mitochondrial",3,3,FALSE
"Q9NR12","PDLI7_HUMAN","PDLIM7","PDZ and LIM domain protein 7",5,5,FALSE
"Q9NR19","ACSA_HUMAN","ACSS2","Acetyl-coenzyme A synthetase, cytoplasmic",12,12,FALSE
"Q9NR28","DBLOH_HUMAN","DIABLO","Diablo homolog, mitochondrial",8,8,FALSE
"Q9NR31","SAR1A_HUMAN","SAR1A","GTP-binding protein SAR1a",6,6,FALSE
"Q9NR45","SIAS_HUMAN","NANS","Sialic acid synthase",5,5,FALSE
"Q9NR46","SHLB2_HUMAN","SH3GLB2","Endophilin-B2",3,3,FALSE
"Q9NR50","EI2BG_HUMAN","EIF2B3","Translation initiation factor eIF-2B subunit gamma",8,8,FALSE
"Q9NR56","MBNL1_HUMAN","MBNL1","Muscleblind-like protein 1",8,3,FALSE
"Q9NRD1","FBX6_HUMAN","FBXO6","F-box only protein 6",2,2,FALSE
"Q9NRG4","SMYD2_HUMAN","SMYD2","N-lysine methyltransferase SMYD2",4,4,FALSE
"Q9NRG7","D39U1_HUMAN","SDR39U1","Epimerase family protein SDR39U1",7,7,FALSE
"Q9NRK6","ABCBA_HUMAN","ABCB10","ATP-binding cassette sub-family B member 10, mitochondrial",2,2,FALSE
"Q9NRN5","OLFL3_HUMAN","OLFML3","Olfactomedin-like protein 3",1,1,FALSE
"Q9NRN7","ADPPT_HUMAN","AASDHPPT","L-aminoadipate-semialdehyde dehydrogenase-phosphopantetheinyl transferase",7,7,FALSE
"Q9NRN9","METL5_HUMAN","METTL5","Methyltransferase-like protein 5",1,1,FALSE
"Q9NRP0","OSTC_HUMAN","OSTC","Oligosaccharyltransferase complex subunit OSTC",1,1,FALSE
"Q9NRP2","COXM2_HUMAN","CMC2","COX assembly mitochondrial protein 2 homolog",2,2,FALSE
"Q9NRR5","UBQL4_HUMAN","UBQLN4","Ubiquilin-4",4,2,FALSE
"Q9NRV9","HEBP1_HUMAN","HEBP1","Heme-binding protein 1",8,8,FALSE
"Q9NRW7","VPS45_HUMAN","VPS45","Vacuolar protein sorting-associated protein 45",2,2,FALSE
"Q9NRX2","RM17_HUMAN","MRPL17","39S ribosomal protein L17, mitochondrial",2,2,FALSE
"Q9NRX4","PHP14_HUMAN","PHPT1","14 kDa phosphohistidine phosphatase",6,6,FALSE
"Q9NRX5","SERC1_HUMAN","SERINC1","Serine incorporator 1",2,2,FALSE
"Q9NRY5","F1142_HUMAN","FAM114A2","Protein FAM114A2",9,9,FALSE
"Q9NRZ7","PLCC_HUMAN","AGPAT3","1-acyl-sn-glycerol-3-phosphate acyltransferase gamma",1,1,FALSE
"Q9NS69","TOM22_HUMAN","TOMM22","Mitochondrial import receptor subunit TOM22 homolog",3,3,FALSE
"Q9NS86","LANC2_HUMAN","LANCL2","LanC-like protein 2",10,10,FALSE
"Q9NSA3","CNBP1_HUMAN","CTNNBIP1","Beta-catenin-interacting protein 1",2,2,FALSE
"Q9NSB8","HOME2_HUMAN","HOMER2","Homer protein homolog 2",3,3,FALSE
"Q9NSC5","HOME3_HUMAN","HOMER3","Homer protein homolog 3",3,3,FALSE
"Q9NSD9","SYFB_HUMAN","FARSB","Phenylalanine--tRNA ligase beta subunit",19,19,FALSE
"Q9NSE4","SYIM_HUMAN","IARS2","Isoleucine--tRNA ligase, mitochondrial",30,30,FALSE
"Q9NSK0","KLC4_HUMAN","KLC4","Kinesin light chain 4",2,2,FALSE
"Q9NSK7","CS012_HUMAN","C19orf12","Protein C19orf12",1,1,FALSE
"Q9NT62","ATG3_HUMAN","ATG3","Ubiquitin-like-conjugating enzyme ATG3",6,6,FALSE
"Q9NTG7","SIR3_HUMAN","SIRT3","NAD-dependent protein deacetylase sirtuin-3, mitochondrial",6,6,FALSE
"Q9NTJ4","MA2C1_HUMAN","MAN2C1","Alpha-mannosidase 2C1",8,8,FALSE
"Q9NTJ5","SAC1_HUMAN","SACM1L","Phosphatidylinositide phosphatase SAC1",5,5,FALSE
"Q9NTK5","OLA1_HUMAN","OLA1","Obg-like ATPase 1",26,26,FALSE
"Q9NTM9","CUTC_HUMAN","CUTC","Copper homeostasis protein cutC homolog",12,12,FALSE
"Q9NTX5","ECHD1_HUMAN","ECHDC1","Ethylmalonyl-CoA decarboxylase",9,9,FALSE
"Q9NTX7","RN146_HUMAN","RNF146","E3 ubiquitin-protein ligase RNF146",2,2,FALSE
"Q9NUB1","ACS2L_HUMAN","ACSS1","Acetyl-coenzyme A synthetase 2-like, mitochondrial",14,14,FALSE
"Q9NUJ1","ABHDA_HUMAN","ABHD10","Mycophenolic acid acyl-glucuronide esterase, mitochondrial",12,12,FALSE
"Q9NUL3","STAU2_HUMAN","STAU2","Double-stranded RNA-binding protein Staufen homolog 2",3,3,FALSE
"Q9NUL7","DDX28_HUMAN","DDX28","Probable ATP-dependent RNA helicase DDX28",1,1,FALSE
"Q9NUP9","LIN7C_HUMAN","LIN7C","Protein lin-7 homolog C",3,1,FALSE
"Q9NUQ6","SPS2L_HUMAN","SPATS2L","SPATS2-like protein",2,2,FALSE
"Q9NUQ7","UFSP2_HUMAN","UFSP2","Ufm1-specific protease 2",2,2,FALSE
"Q9NUQ8","ABCF3_HUMAN","ABCF3","ATP-binding cassette sub-family F member 3",4,4,FALSE
"Q9NUQ9","FA49B_HUMAN","FAM49B","Protein FAM49B",11,9,FALSE
"Q9NUT2","MITOS_HUMAN","ABCB8","Mitochondrial potassium channel ATP-binding subunit",2,2,FALSE
"Q9NUU7","DD19A_HUMAN","DDX19A","ATP-dependent RNA helicase DDX19A",18,1,FALSE
"Q9NUV9","GIMA4_HUMAN","GIMAP4","GTPase IMAP family member 4",1,1,FALSE
"Q9NV70","EXOC1_HUMAN","EXOC1","Exocyst complex component 1",2,2,FALSE
"Q9NVA1","UQCC1_HUMAN","UQCC1","Ubiquinol-cytochrome-c reductase complex assembly factor 1",6,6,FALSE
"Q9NVA2","SEP11_HUMAN","SEPTIN11","Septin-11",8,4,FALSE
"Q9NVD7","PARVA_HUMAN","PARVA","Alpha-parvin",5,5,FALSE
"Q9NVE7","PANK4_HUMAN","PANK4","4'-phosphopantetheine phosphatase",28,28,FALSE
"Q9NVH1","DJC11_HUMAN","DNAJC11","DnaJ homolog subfamily C member 11",6,6,FALSE
"Q9NVH6","TMLH_HUMAN","TMLHE","Trimethyllysine dioxygenase, mitochondrial",7,7,FALSE
"Q9NVI7","ATD3A_HUMAN","ATAD3A","ATPase family AAA domain-containing protein 3A",12,5,FALSE
"Q9NVJ2","ARL8B_HUMAN","ARL8B","ADP-ribosylation factor-like protein 8B",6,3,FALSE
"Q9NVM4","ANM7_HUMAN","PRMT7","Protein arginine N-methyltransferase 7",2,2,FALSE
"Q9NVS2","RT18A_HUMAN","MRPS18A","39S ribosomal protein S18a, mitochondrial",2,2,FALSE
"Q9NVS9","PNPO_HUMAN","PNPO","Pyridoxine-5'-phosphate oxidase",12,12,FALSE
"Q9NVT9","ARMC1_HUMAN","ARMC1","Armadillo repeat-containing protein 1",2,2,FALSE
"Q9NVV0","TM38B_HUMAN","TMEM38B","Trimeric intracellular cation channel type B",4,4,FALSE
"Q9NVV5","AIG1_HUMAN","AIG1","Androgen-induced gene 1 protein",1,1,FALSE
"Q9NWT6","HIF1N_HUMAN","HIF1AN","Hypoxia-inducible factor 1-alpha inhibitor",2,2,FALSE
"Q9NWU1","OXSM_HUMAN","OXSM","3-oxoacyl-[acyl-carrier-protein] synthase, mitochondrial",8,8,FALSE
"Q9NWU2","GID8_HUMAN","GID8","Glucose-induced degradation protein 8 homolog",2,2,FALSE
"Q9NWU5","RM22_HUMAN","MRPL22","39S ribosomal protein L22, mitochondrial",4,4,FALSE
"Q9NWV4","CZIB_HUMAN","CZIB","CXXC motif containing zinc binding protein",8,8,FALSE
"Q9NWV8","BABA1_HUMAN","BABAM1","BRISC and BRCA1-A complex member 1",2,2,FALSE
"Q9NWW6","NRK1_HUMAN","NMRK1","Nicotinamide riboside kinase 1",1,1,FALSE
"Q9NX14","NDUBB_HUMAN","NDUFB11","NADH dehydrogenase [ubiquinone] 1 beta subcomplex subunit 11, mitochondrial",5,5,FALSE
"Q9NX18","SDHF2_HUMAN","SDHAF2","Succinate dehydrogenase assembly factor 2, mitochondrial",3,3,FALSE
"Q9NX20","RM16_HUMAN","MRPL16","39S ribosomal protein L16, mitochondrial",1,1,FALSE
"Q9NX40","OCAD1_HUMAN","OCIAD1","OCIA domain-containing protein 1",8,8,FALSE
"Q9NX46","ARHL2_HUMAN","ADPRHL2","ADP-ribose glycohydrolase ARH3",10,10,FALSE
"Q9NX47","MARH5_HUMAN","MARCHF5","E3 ubiquitin-protein ligase MARCHF5",3,3,FALSE
"Q9NX55","HYPK_HUMAN","HYPK","Huntingtin-interacting protein K",3,3,FALSE
"Q9NX62","IMPA3_HUMAN","IMPAD1","Golgi-resident adenosine 3',5'-bisphosphate 3'-phosphatase",1,1,FALSE
"Q9NX63","MIC19_HUMAN","CHCHD3","MICOS complex subunit MIC19",17,17,FALSE
"Q9NXA8","SIR5_HUMAN","SIRT5","NAD-dependent protein deacylase sirtuin-5, mitochondrial",10,10,FALSE
"Q9NXG2","THUM1_HUMAN","THUMPD1","THUMP domain-containing protein 1",3,3,FALSE
"Q9NXJ5","PGPI_HUMAN","PGPEP1","Pyroglutamyl-peptidase 1",4,4,FALSE
"Q9NXR7","BABA2_HUMAN","BABAM2","BRISC and BRCA1-A complex member 2",3,3,FALSE
"Q9NXW2","DJB12_HUMAN","DNAJB12","DnaJ homolog subfamily B member 12",2,2,FALSE
"Q9NY33","DPP3_HUMAN","DPP3","Dipeptidyl peptidase 3",17,17,FALSE
"Q9NY65","TBA8_HUMAN","TUBA8","Tubulin alpha-8 chain",21,7,FALSE
"Q9NYB0","TE2IP_HUMAN","TERF2IP","Telomeric repeat-binding factor 2-interacting protein 1",2,2,FALSE
"Q9NYJ1","COA4_HUMAN","COA4","Cytochrome c oxidase assembly factor 4 homolog, mitochondrial",6,6,FALSE
"Q9NYK5","RM39_HUMAN","MRPL39","39S ribosomal protein L39, mitochondrial",4,4,FALSE
"Q9NYL2","M3K20_HUMAN","MAP3K20","Mitogen-activated protein kinase kinase kinase 20",9,9,FALSE
"Q9NYL9","TMOD3_HUMAN","TMOD3","Tropomodulin-3",1,1,FALSE
"Q9NYU2","UGGG1_HUMAN","UGGT1","UDP-glucose:glycoprotein glucosyltransferase 1",23,22,FALSE
"Q9NZ01","TECR_HUMAN","TECR","Very-long-chain enoyl-CoA reductase",10,10,FALSE
"Q9NZ08","ERAP1_HUMAN","ERAP1","Endoplasmic reticulum aminopeptidase 1",20,20,FALSE
"Q9NZ32","ARP10_HUMAN","ACTR10","Actin-related protein 10",4,4,FALSE
"Q9NZ43","USE1_HUMAN","USE1","Vesicle transport protein USE1",3,3,FALSE
"Q9NZ45","CISD1_HUMAN","CISD1","CDGSH iron-sulfur domain-containing protein 1",5,5,FALSE
"Q9NZA1","CLIC5_HUMAN","CLIC5","Chloride intracellular channel protein 5",10,9,FALSE
"Q9NZB2","F120A_HUMAN","FAM120A","Constitutive coactivator of PPAR-gamma-like protein 1",7,6,FALSE
"Q9NZC3","GDE1_HUMAN","GDE1","Glycerophosphodiester phosphodiesterase 1",3,3,FALSE
"Q9NZD2","GLTP_HUMAN","GLTP","Glycolipid transfer protein",3,3,FALSE
"Q9NZD4","AHSP_HUMAN","AHSP","Alpha-hemoglobin-stabilizing protein",5,5,FALSE
"Q9NZH0","GPC5B_HUMAN","GPRC5B","G-protein coupled receptor family C group 5 member B",1,1,FALSE
"Q9NZJ6","COQ3_HUMAN","COQ3","Ubiquinone biosynthesis O-methyltransferase, mitochondrial",10,10,FALSE
"Q9NZJ7","MTCH1_HUMAN","MTCH1","Mitochondrial carrier homolog 1",3,3,FALSE
"Q9NZL4","HPBP1_HUMAN","HSPBP1","Hsp70-binding protein 1",10,10,FALSE
"Q9NZL9","MAT2B_HUMAN","MAT2B","Methionine adenosyltransferase 2 subunit beta",11,11,FALSE
"Q9NZM1","MYOF_HUMAN","MYOF","Myoferlin",19,19,FALSE
"Q9NZN4","EHD2_HUMAN","EHD2","EH domain-containing protein 2",29,26,FALSE
"Q9NZP8","C1RL_HUMAN","C1RL","Complement C1r subcomponent-like protein",3,3,FALSE
"Q9NZQ9","TMOD4_HUMAN","TMOD4","Tropomodulin-4",14,13,FALSE
"Q9NZT2","OGFR_HUMAN","OGFR","Opioid growth factor receptor",2,2,FALSE
"Q9NZU5","LMCD1_HUMAN","LMCD1","LIM and cysteine-rich domains protein 1",31,31,FALSE
"Q9NZZ3","CHMP5_HUMAN","CHMP5","Charged multivesicular body protein 5",1,1,FALSE
"Q9P003","CNIH4_HUMAN","CNIH4","Protein cornichon homolog 4",1,1,FALSE
"Q9P015","RM15_HUMAN","MRPL15","39S ribosomal protein L15, mitochondrial",4,4,FALSE
"Q9P016","THYN1_HUMAN","THYN1","Thymocyte nuclear protein 1",1,1,FALSE
"Q9P032","NDUF4_HUMAN","NDUFAF4","NADH dehydrogenase [ubiquinone] 1 alpha subcomplex assembly factor 4",4,4,FALSE
"Q9P0I2","EMC3_HUMAN","EMC3","ER membrane protein complex subunit 3",4,4,FALSE
"Q9P0J0","NDUAD_HUMAN","NDUFA13","NADH dehydrogenase [ubiquinone] 1 alpha subcomplex subunit 13",10,10,FALSE
"Q9P0J1","PDP1_HUMAN","PDP1","[Pyruvate dehydrogenase [acetyl-transferring]]-phosphatase 1, mitochondrial",14,14,FALSE
"Q9P0J7","KCMF1_HUMAN","KCMF1","E3 ubiquitin-protein ligase KCMF1",2,2,FALSE
"Q9P0L0","VAPA_HUMAN","VAPA","Vesicle-associated membrane protein-associated protein A",12,11,FALSE
"Q9P0M2","AKA7G_HUMAN","AKAP7","A-kinase anchor protein 7 isoform gamma",2,2,FALSE
"Q9P0M9","RM27_HUMAN","MRPL27","39S ribosomal protein L27, mitochondrial",3,3,FALSE
"Q9P0P0","RN181_HUMAN","RNF181","E3 ubiquitin-protein ligase RNF181",3,3,FALSE
"Q9P0P8","MRES1_HUMAN","MTRES1","Mitochondrial transcription rescue factor 1",2,2,FALSE
"Q9P0U1","TOM7_HUMAN","TOMM7","Mitochondrial import receptor subunit TOM7 homolog",1,1,FALSE
"Q9P0V9","SEP10_HUMAN","SEPTIN10","Septin-10",8,7,FALSE
"Q9P253","VPS18_HUMAN","VPS18","Vacuolar protein sorting-associated protein 18 homolog",2,2,FALSE
"Q9P287","BCCIP_HUMAN","BCCIP","BRCA2 and CDKN1A-interacting protein",2,2,FALSE
"Q9P291","ARMX1_HUMAN","ARMCX1","Armadillo repeat-containing X-linked protein 1",1,1,FALSE
"Q9P299","COPZ2_HUMAN","COPZ2","Coatomer subunit zeta-2",2,2,FALSE
"Q9P2E9","RRBP1_HUMAN","RRBP1","Ribosome-binding protein 1",15,15,FALSE
"Q9P2J5","SYLC_HUMAN","LARS1","Leucine--tRNA ligase, cytoplasmic",17,17,FALSE
"Q9P2R3","ANFY1_HUMAN","ANKFY1","Rabankyrin-5",1,1,FALSE
"Q9P2R7","SUCB1_HUMAN","SUCLA2","Succinate--CoA ligase [ADP-forming] subunit beta, mitochondrial",27,27,FALSE
"Q9P2T1","GMPR2_HUMAN","GMPR2","GMP reductase 2",3,3,FALSE
"Q9P2W9","STX18_HUMAN","STX18","Syntaxin-18",1,1,FALSE
"Q9P2X0","DPM3_HUMAN","DPM3","Dolichol-phosphate mannosyltransferase subunit 3",2,2,FALSE
"Q9P2X3","IMPCT_HUMAN","IMPACT","Protein IMPACT",2,2,FALSE
"Q9UBB4","ATX10_HUMAN","ATXN10","Ataxin-10",9,9,FALSE
"Q9UBC2","EP15R_HUMAN","EPS15L1","Epidermal growth factor receptor substrate 15-like 1",13,13,FALSE
"Q9UBE0","SAE1_HUMAN","SAE1","SUMO-activating enzyme subunit 1",5,5,FALSE
"Q9UBF2","COPG2_HUMAN","COPG2","Coatomer subunit gamma-2",4,4,FALSE
"Q9UBF6","RBX2_HUMAN","RNF7","RING-box protein 2",2,2,FALSE
"Q9UBF9","MYOTI_HUMAN","MYOT","Myotilin",29,29,FALSE
"Q9UBG0","MRC2_HUMAN","MRC2","C-type mannose receptor 2",12,12,FALSE
"Q9UBI6","GBG12_HUMAN","GNG12","Guanine nucleotide-binding protein G(I)/G(S)/G(O) subunit gamma-12",3,3,FALSE
"Q9UBM7","DHCR7_HUMAN","DHCR7","7-dehydrocholesterol reductase",1,1,FALSE
"Q9UBN7","HDAC6_HUMAN","HDAC6","Histone deacetylase 6",1,1,FALSE
"Q9UBQ0","VPS29_HUMAN","VPS29","Vacuolar protein sorting-associated protein 29",9,9,FALSE
"Q9UBQ5","EIF3K_HUMAN","EIF3K","Eukaryotic translation initiation factor 3 subunit K",4,4,FALSE
"Q9UBQ7","GRHPR_HUMAN","GRHPR","Glyoxylate reductase/hydroxypyruvate reductase",16,16,FALSE
"Q9UBR2","CATZ_HUMAN","CTSZ","Cathepsin Z",4,4,FALSE
"Q9UBS8","RNF14_HUMAN","RNF14","E3 ubiquitin-protein ligase RNF14",7,7,FALSE
"Q9UBT2","SAE2_HUMAN","UBA2","SUMO-activating enzyme subunit 2",8,8,FALSE
"Q9UBW8","CSN7A_HUMAN","COPS7A","COP9 signalosome complex subunit 7a",10,10,FALSE
"Q9UBX3","DIC_HUMAN","SLC25A10","Mitochondrial dicarboxylate carrier",2,2,FALSE
"Q9UBX5","FBLN5_HUMAN","FBLN5","Fibulin-5",8,8,FALSE
"Q9UBY9","HSPB7_HUMAN","HSPB7","Heat shock protein beta-7",13,13,FALSE
"Q9UD71","PPR1B_HUMAN","PPP1R1B","Protein phosphatase 1 regulatory subunit 1B",1,1,FALSE
"Q9UDR5","AASS_HUMAN","AASS","Alpha-aminoadipic semialdehyde synthase, mitochondrial",2,2,FALSE
"Q9UDW1","QCR9_HUMAN","UQCR10","Cytochrome b-c1 complex subunit 9",3,3,FALSE
"Q9UDX3","S14L4_HUMAN","SEC14L4","SEC14-like protein 4",2,2,FALSE
"Q9UDX5","MTFP1_HUMAN","MTFP1","Mitochondrial fission process protein 1",2,2,FALSE
"Q9UDY4","DNJB4_HUMAN","DNAJB4","DnaJ homolog subfamily B member 4",11,10,FALSE
"Q9UEY8","ADDG_HUMAN","ADD3","Gamma-adducin",7,7,FALSE
"Q9UFN0","NPS3A_HUMAN","NIPSNAP3A","Protein NipSnap homolog 3A",10,10,FALSE
"Q9UG63","ABCF2_HUMAN","ABCF2","ATP-binding cassette sub-family F member 2",7,7,FALSE
"Q9UGI8","TES_HUMAN","TES","Testin",3,3,FALSE
"Q9UGI9","AAKG3_HUMAN","PRKAG3","5'-AMP-activated protein kinase subunit gamma-3",6,5,FALSE
"Q9UGM5","FETUB_HUMAN","FETUB","Fetuin-B",1,1,FALSE
"Q9UGM6","SYWM_HUMAN","WARS2","Tryptophan--tRNA ligase, mitochondrial",5,5,FALSE
"Q9UGP8","SEC63_HUMAN","SEC63","Translocation protein SEC63 homolog",1,1,FALSE
"Q9UGT4","SUSD2_HUMAN","SUSD2","Sushi domain-containing protein 2",7,7,FALSE
"Q9UH62","ARMX3_HUMAN","ARMCX3","Armadillo repeat-containing X-linked protein 3",3,3,FALSE
"Q9UH90","FBX40_HUMAN","FBXO40","F-box only protein 40",4,4,FALSE
"Q9UH99","SUN2_HUMAN","SUN2","SUN domain-containing protein 2",3,3,FALSE
"Q9UHA4","LTOR3_HUMAN","LAMTOR3","Ragulator complex protein LAMTOR3",1,1,FALSE
"Q9UHB6","LIMA1_HUMAN","LIMA1","LIM domain and actin-binding protein 1",3,3,FALSE
"Q9UHB9","SRP68_HUMAN","SRP68","Signal recognition particle subunit SRP68",2,2,FALSE
"Q9UHD1","CHRD1_HUMAN","CHORDC1","Cysteine and histidine-rich domain-containing protein 1",4,4,FALSE
"Q9UHD8","SEPT9_HUMAN","SEPTIN9","Septin-9",12,12,FALSE
"Q9UHD9","UBQL2_HUMAN","UBQLN2","Ubiquilin-2",4,2,FALSE
"Q9UHG3","PCYOX_HUMAN","PCYOX1","Prenylcysteine oxidase 1",20,20,FALSE
"Q9UHL4","DPP2_HUMAN","DPP7","Dipeptidyl peptidase 2",5,5,FALSE
"Q9UHP9","SMPX_HUMAN","SMPX","Small muscular protein",5,5,FALSE
"Q9UHQ4","BAP29_HUMAN","BCAP29","B-cell receptor-associated protein 29",3,3,FALSE
"Q9UHQ9","NB5R1_HUMAN","CYB5R1","NADH-cytochrome b5 reductase 1",17,17,FALSE
"Q9UHV9","PFD2_HUMAN","PFDN2","Prefoldin subunit 2",6,6,FALSE
"Q9UHX1","PUF60_HUMAN","PUF60","Poly(U)-binding-splicing factor PUF60",4,4,FALSE
"Q9UHY1","NRBP_HUMAN","NRBP1","Nuclear receptor-binding protein",5,5,FALSE
"Q9UHY7","ENOPH_HUMAN","ENOPH1","Enolase-phosphatase E1",7,7,FALSE
"Q9UI09","NDUAC_HUMAN","NDUFA12","NADH dehydrogenase [ubiquinone] 1 alpha subcomplex subunit 12",8,8,FALSE
"Q9UI10","EI2BD_HUMAN","EIF2B4","Translation initiation factor eIF-2B subunit delta",5,5,FALSE
"Q9UI12","VATH_HUMAN","ATP6V1H","V-type proton ATPase subunit H",6,6,FALSE
"Q9UI30","TR112_HUMAN","TRMT112","Multifunctional methyltransferase subunit TRM112-like protein",2,2,FALSE
"Q9UI47","CTNA3_HUMAN","CTNNA3","Catenin alpha-3",2,2,FALSE
"Q9UIA9","XPO7_HUMAN","XPO7","Exportin-7",10,10,FALSE
"Q9UIC8","LCMT1_HUMAN","LCMT1","Leucine carboxyl methyltransferase 1",8,8,FALSE
"Q9UID3","VPS51_HUMAN","VPS51","Vacuolar protein sorting-associated protein 51 homolog",1,1,FALSE
"Q9UII2","ATIF1_HUMAN","ATP5IF1","ATPase inhibitor, mitochondrial",6,6,FALSE
"Q9UII6","DS13B_HUMAN","DUSP13","Dual specificity protein phosphatase 13 isoform B",3,3,FALSE
"Q9UIJ7","KAD3_HUMAN","AK3","GTP:AMP phosphotransferase AK3, mitochondrial",19,19,FALSE
"Q9UIQ6","LCAP_HUMAN","LNPEP","Leucyl-cystinyl aminopeptidase",5,5,FALSE
"Q9UJ68","MSRA_HUMAN","MSRA","Mitochondrial peptide methionine sulfoxide reductase",3,3,FALSE
"Q9UJ70","NAGK_HUMAN","NAGK","N-acetyl-D-glucosamine kinase",9,9,FALSE
"Q9UJS0","CMC2_HUMAN","SLC25A13","Calcium-binding mitochondrial carrier protein Aralar2",1,1,FALSE
"Q9UJU6","DBNL_HUMAN","DBNL","Drebrin-like protein",8,8,FALSE
"Q9UJW0","DCTN4_HUMAN","DCTN4","Dynactin subunit 4",6,6,FALSE
"Q9UJY1","HSPB8_HUMAN","HSPB8","Heat shock protein beta-8",8,8,FALSE
"Q9UJY5","GGA1_HUMAN","GGA1","ADP-ribosylation factor-binding protein GGA1",4,4,FALSE
"Q9UJZ1","STML2_HUMAN","STOML2","Stomatin-like protein 2, mitochondrial",11,11,FALSE
"Q9UK41","VPS28_HUMAN","VPS28","Vacuolar protein sorting-associated protein 28 homolog",4,4,FALSE
"Q9UK45","LSM7_HUMAN","LSM7","U6 snRNA-associated Sm-like protein LSm7",2,2,FALSE
"Q9UK76","JUPI1_HUMAN","JPT1","Jupiter microtubule associated homolog 1",5,5,FALSE
"Q9UK99","FBX3_HUMAN","FBXO3","F-box only protein 3",4,4,FALSE
"Q9UKG1","DP13A_HUMAN","APPL1","DCC-interacting protein 13-alpha",18,18,FALSE
"Q9UKK9","NUDT5_HUMAN","NUDT5","ADP-sugar pyrophosphatase",3,3,FALSE
"Q9UKL6","PPCT_HUMAN","PCTP","Phosphatidylcholine transfer protein",4,4,FALSE
"Q9UKP3","ITBP2_HUMAN","ITGB1BP2","Integrin beta-1-binding protein 2",7,7,FALSE
"Q9UKS6","PACN3_HUMAN","PACSIN3","Protein kinase C and casein kinase substrate in neurons protein 3",18,18,FALSE
"Q9UKU7","ACAD8_HUMAN","ACAD8","Isobutyryl-CoA dehydrogenase, mitochondrial",16,16,FALSE
"Q9UKV8","AGO2_HUMAN","AGO2","Protein argonaute-2",20,13,FALSE
"Q9UKX2","MYH2_HUMAN","MYH2","Myosin-2",136,50,FALSE
"Q9UKX3","MYH13_HUMAN","MYH13","Myosin-13",12,11,FALSE
"Q9UKY7","CDV3_HUMAN","CDV3","Protein CDV3 homolog",8,8,FALSE
"Q9UL15","BAG5_HUMAN","BAG5","BAG family molecular chaperone regulator 5",2,2,FALSE
"Q9UL25","RAB21_HUMAN","RAB21","Ras-related protein Rab-21",9,9,FALSE
"Q9UL46","PSME2_HUMAN","PSME2","Proteasome activator complex subunit 2",13,13,FALSE
"Q9ULA0","DNPEP_HUMAN","DNPEP","Aspartyl aminopeptidase",16,16,FALSE
"Q9ULC0","MUCEN_HUMAN","EMCN","Endomucin",1,1,FALSE
"Q9ULC3","RAB23_HUMAN","RAB23","Ras-related protein Rab-23",1,1,FALSE
"Q9ULC4","MCTS1_HUMAN","MCTS1","Malignant T-cell-amplified sequence 1",9,9,FALSE
"Q9ULP9","TBC24_HUMAN","TBC1D24","TBC1 domain family member 24",3,3,FALSE
"Q9ULT8","HECD1_HUMAN","HECTD1","E3 ubiquitin-protein ligase HECTD1",15,15,FALSE
"Q9ULV4","COR1C_HUMAN","CORO1C","Coronin-1C",3,3,FALSE
"Q9ULX7","CAH14_HUMAN","CA14","Carbonic anhydrase 14",3,3,FALSE
"Q9ULZ3","ASC_HUMAN","PYCARD","Apoptosis-associated speck-like protein containing a CARD",1,1,FALSE
"Q9UM00","TMCO1_HUMAN","TMCO1","Calcium load-activated calcium channel",4,4,FALSE
"Q9UM22","EPDR1_HUMAN","EPDR1","Mammalian ependymin-related protein 1",4,4,FALSE
"Q9UMS0","NFU1_HUMAN","NFU1","NFU1 iron-sulfur cluster scaffold homolog, mitochondrial",4,4,FALSE
"Q9UMS6","SYNP2_HUMAN","SYNPO2","Synaptopodin-2",39,38,FALSE
"Q9UMX0","UBQL1_HUMAN","UBQLN1","Ubiquilin-1",1,1,FALSE
"Q9UMX5","NENF_HUMAN","NENF","Neudesin",3,3,FALSE
"Q9UMY4","SNX12_HUMAN","SNX12","Sorting nexin-12",3,3,FALSE
"Q9UN36","NDRG2_HUMAN","NDRG2","Protein NDRG2",15,15,FALSE
"Q9UN37","VPS4A_HUMAN","VPS4A","Vacuolar protein sorting-associated protein 4A",11,9,FALSE
"Q9UN42","AT1B4_HUMAN","ATP1B4","Protein ATP1B4",6,6,FALSE
"Q9UN86","G3BP2_HUMAN","G3BP2","Ras GTPase-activating protein-binding protein 2",6,6,FALSE
"Q9UNE7","CHIP_HUMAN","STUB1","E3 ubiquitin-protein ligase CHIP",17,17,FALSE
"Q9UNF0","PACN2_HUMAN","PACSIN2","Protein kinase C and casein kinase substrate in neurons protein 2",5,5,FALSE
"Q9UNF1","MAGD2_HUMAN","MAGED2","Melanoma-associated antigen D2",1,1,FALSE
"Q9UNH7","SNX6_HUMAN","SNX6","Sorting nexin-6",7,7,FALSE
"Q9UNI6","DUS12_HUMAN","DUSP12","Dual specificity protein phosphatase 12",1,1,FALSE
"Q9UNM6","PSD13_HUMAN","PSMD13","26S proteasome non-ATPase regulatory subunit 13",14,14,FALSE
"Q9UNN5","FAF1_HUMAN","FAF1","FAS-associated factor 1",3,3,FALSE
"Q9UNN8","EPCR_HUMAN","PROCR","Endothelial protein C receptor",3,3,FALSE
"Q9UNP9","PPIE_HUMAN","PPIE","Peptidyl-prolyl cis-trans isomerase E",1,1,FALSE
"Q9UNS2","CSN3_HUMAN","COPS3","COP9 signalosome complex subunit 3",14,14,FALSE
"Q9UNZ2","NSF1C_HUMAN","NSFL1C","NSFL1 cofactor p47",19,19,FALSE
"Q9UP65","PA24C_HUMAN","PLA2G4C","Cytosolic phospholipase A2 gamma",4,4,FALSE
"Q9UPE1","SRPK3_HUMAN","SRPK3","SRSF protein kinase 3",1,1,FALSE
"Q9UPN7","PP6R1_HUMAN","PPP6R1","Serine/threonine-protein phosphatase 6 regulatory subunit 1",2,2,FALSE
"Q9UPQ0","LIMC1_HUMAN","LIMCH1","LIM and calponin homology domains-containing protein 1",16,16,FALSE
"Q9UPR0","PLCL2_HUMAN","PLCL2","Inactive phospholipase C-like protein 2",6,6,FALSE
"Q9UPU5","UBP24_HUMAN","USP24","Ubiquitin carboxyl-terminal hydrolase 24",24,24,FALSE
"Q9UPY8","MARE3_HUMAN","MAPRE3","Microtubule-associated protein RP/EB family member 3",11,9,FALSE
"Q9UQ13","SHOC2_HUMAN","SHOC2","Leucine-rich repeat protein SHOC-2",1,1,FALSE
"Q9UQ16","DYN3_HUMAN","DNM3","Dynamin-3",2,2,FALSE
"Q9UQ49","NEUR3_HUMAN","NEU3","Sialidase-3",3,3,FALSE
"Q9UQ80","PA2G4_HUMAN","PA2G4","Proliferation-associated protein 2G4",18,18,FALSE
"Q9UQ90","SPG7_HUMAN","SPG7","Paraplegin",9,9,FALSE
"Q9UQK1","PPR3C_HUMAN","PPP1R3C","Protein phosphatase 1 regulatory subunit 3C",2,2,FALSE
"Q9UQM7","KCC2A_HUMAN","CAMK2A","Calcium/calmodulin-dependent protein kinase type II subunit alpha",10,10,FALSE
"Q9UQN3","CHM2B_HUMAN","CHMP2B","Charged multivesicular body protein 2b",1,1,FALSE
"Q9Y217","MTMR6_HUMAN","MTMR6","Myotubularin-related protein 6",1,1,FALSE
"Q9Y224","RTRAF_HUMAN","RTRAF","RNA transcription, translation and transport factor protein",10,10,FALSE
"Q9Y230","RUVB2_HUMAN","RUVBL2","RuvB-like 2",7,7,FALSE
"Q9Y235","ABEC2_HUMAN","APOBEC2","C->U-editing enzyme APOBEC-2",15,15,FALSE
"Q9Y237","PIN4_HUMAN","PIN4","Peptidyl-prolyl cis-trans isomerase NIMA-interacting 4",6,6,FALSE
"Q9Y262","EIF3L_HUMAN","EIF3L","Eukaryotic translation initiation factor 3 subunit L",13,13,FALSE
"Q9Y263","PLAP_HUMAN","PLAA","Phospholipase A-2-activating protein",23,23,FALSE
"Q9Y265","RUVB1_HUMAN","RUVBL1","RuvB-like 1",10,10,FALSE
"Q9Y266","NUDC_HUMAN","NUDC","Nuclear migration protein nudC",11,11,FALSE
"Q9Y276","BCS1_HUMAN","BCS1L","Mitochondrial chaperone BCS1",8,8,FALSE
"Q9Y277","VDAC3_HUMAN","VDAC3","Voltage-dependent anion-selective channel protein 3",15,15,FALSE
"Q9Y281","COF2_HUMAN","CFL2","Cofilin-2",16,12,FALSE
"Q9Y285","SYFA_HUMAN","FARSA","Phenylalanine--tRNA ligase alpha subunit",12,12,FALSE
"Q9Y291","RT33_HUMAN","MRPS33","28S ribosomal protein S33, mitochondrial",1,1,FALSE
"Q9Y295","DRG1_HUMAN","DRG1","Developmentally-regulated GTP-binding protein 1",6,6,FALSE
"Q9Y2A7","NCKP1_HUMAN","NCKAP1","Nck-associated protein 1",7,7,FALSE
"Q9Y2B0","CNPY2_HUMAN","CNPY2","Protein canopy homolog 2",6,6,FALSE
"Q9Y2B9","IPKG_HUMAN","PKIG","cAMP-dependent protein kinase inhibitor gamma",1,1,FALSE
"Q9Y2D5","AKAP2_HUMAN","AKAP2","A-kinase anchor protein 2",3,3,FALSE
"Q9Y2E4","DIP2C_HUMAN","DIP2C","Disco-interacting protein 2 homolog C",7,6,FALSE
"Q9Y2H0","DLGP4_HUMAN","DLGAP4","Disks large-associated protein 4",2,2,FALSE
"Q9Y2H1","ST38L_HUMAN","STK38L","Serine/threonine-protein kinase 38-like",4,3,FALSE
"Q9Y2I8","WDR37_HUMAN","WDR37","WD repeat-containing protein 37",3,3,FALSE
"Q9Y2J2","E41L3_HUMAN","EPB41L3","Band 4.1-like protein 3",4,4,FALSE
"Q9Y2J8","PADI2_HUMAN","PADI2","Protein-arginine deiminase type-2",31,31,FALSE
"Q9Y2K3","MYH15_HUMAN","MYH15","Myosin-15",30,30,FALSE
"Q9Y2Q3","GSTK1_HUMAN","GSTK1","Glutathione S-transferase kappa 1",8,8,FALSE
"Q9Y2Q5","LTOR2_HUMAN","LAMTOR2","Ragulator complex protein LAMTOR2",3,3,FALSE
"Q9Y2Q9","RT28_HUMAN","MRPS28","28S ribosomal protein S28, mitochondrial",2,2,FALSE
"Q9Y2R0","COA3_HUMAN","COA3","Cytochrome c oxidase assembly factor 3 homolog, mitochondrial",3,3,FALSE
"Q9Y2R5","RT17_HUMAN","MRPS17","28S ribosomal protein S17, mitochondrial",1,1,FALSE
"Q9Y2R9","RT07_HUMAN","MRPS7","28S ribosomal protein S7, mitochondrial",7,7,FALSE
"Q9Y2S2","CRYL1_HUMAN","CRYL1","Lambda-crystallin homolog",4,4,FALSE
"Q9Y2S6","TMA7_HUMAN","TMA7","Translation machinery-associated protein 7",1,1,FALSE
"Q9Y2S7","PDIP2_HUMAN","POLDIP2","Polymerase delta-interacting protein 2",7,7,FALSE
"Q9Y2T3","GUAD_HUMAN","GDA","Guanine deaminase",7,7,FALSE
"Q9Y2V2","CHSP1_HUMAN","CARHSP1","Calcium-regulated heat-stable protein 1",3,3,FALSE
"Q9Y2W1","TR150_HUMAN","THRAP3","Thyroid hormone receptor-associated protein 3",1,1,FALSE
"Q9Y2X3","NOP58_HUMAN","NOP58","Nucleolar protein 58",1,1,FALSE
"Q9Y2Z0","SGT1_HUMAN","SUGT1","Protein SGT1 homolog",11,11,FALSE
"Q9Y2Z4","SYYM_HUMAN","YARS2","Tyrosine--tRNA ligase, mitochondrial",3,3,FALSE
"Q9Y2Z9","COQ6_HUMAN","COQ6","Ubiquinone biosynthesis monooxygenase COQ6, mitochondrial",16,16,FALSE
"Q9Y305","ACOT9_HUMAN","ACOT9","Acyl-coenzyme A thioesterase 9, mitochondrial",16,16,FALSE
"Q9Y315","DEOC_HUMAN","DERA","Deoxyribose-phosphate aldolase",4,4,FALSE
"Q9Y316","MEMO1_HUMAN","MEMO1","Protein MEMO1",10,10,FALSE
"Q9Y320","TMX2_HUMAN","TMX2","Thioredoxin-related transmembrane protein 2",3,3,FALSE
"Q9Y333","LSM2_HUMAN","LSM2","U6 snRNA-associated Sm-like protein LSm2",2,2,FALSE
"Q9Y365","STA10_HUMAN","STARD10","START domain-containing protein 10",1,1,FALSE
"Q9Y371","SHLB1_HUMAN","SH3GLB1","Endophilin-B1",10,9,FALSE
"Q9Y375","CIA30_HUMAN","NDUFAF1","Complex I intermediate-associated protein 30, mitochondrial",1,1,FALSE
"Q9Y376","CAB39_HUMAN","CAB39","Calcium-binding protein 39",19,16,FALSE
"Q9Y383","LC7L2_HUMAN","LUC7L2","Putative RNA-binding protein Luc7-like 2",8,4,FALSE
"Q9Y394","DHRS7_HUMAN","DHRS7","Dehydrogenase/reductase SDR family member 7",11,11,FALSE
"Q9Y399","RT02_HUMAN","MRPS2","28S ribosomal protein S2, mitochondrial",4,4,FALSE
"Q9Y3A3","PHOCN_HUMAN","MOB4","MOB-like protein phocein",1,1,FALSE
"Q9Y3A5","SBDS_HUMAN","SBDS","Ribosome maturation protein SBDS",16,16,FALSE
"Q9Y3A6","TMED5_HUMAN","TMED5","Transmembrane emp24 domain-containing protein 5",5,5,FALSE
"Q9Y3B3","TMED7_HUMAN","TMED7","Transmembrane emp24 domain-containing protein 7",4,4,FALSE
"Q9Y3B4","SF3B6_HUMAN","SF3B6","Splicing factor 3B subunit 6",1,1,FALSE
"Q9Y3B7","RM11_HUMAN","MRPL11","39S ribosomal protein L11, mitochondrial",4,4,FALSE
"Q9Y3B8","ORN_HUMAN","REXO2","Oligoribonuclease, mitochondrial",2,2,FALSE
"Q9Y3C0","WASC3_HUMAN","WASHC3","WASH complex subunit 3",1,1,FALSE
"Q9Y3C4","TPRKB_HUMAN","TPRKB","EKC/KEOPS complex subunit TPRKB",2,2,FALSE
"Q9Y3C6","PPIL1_HUMAN","PPIL1","Peptidyl-prolyl cis-trans isomerase-like 1",4,4,FALSE
"Q9Y3C8","UFC1_HUMAN","UFC1","Ubiquitin-fold modifier-conjugating enzyme 1",2,2,FALSE
"Q9Y3D2","MSRB2_HUMAN","MSRB2","Methionine-R-sulfoxide reductase B2, mitochondrial",7,7,FALSE
"Q9Y3D3","RT16_HUMAN","MRPS16","28S ribosomal protein S16, mitochondrial",1,1,FALSE
"Q9Y3D6","FIS1_HUMAN","FIS1","Mitochondrial fission 1 protein",5,5,FALSE
"Q9Y3D7","TIM16_HUMAN","PAM16","Mitochondrial import inner membrane translocase subunit TIM16",2,2,FALSE
"Q9Y3D8","KAD6_HUMAN","AK6","Adenylate kinase isoenzyme 6",1,1,FALSE
"Q9Y3D9","RT23_HUMAN","MRPS23","28S ribosomal protein S23, mitochondrial",6,6,FALSE
"Q9Y3E0","GOT1B_HUMAN","GOLT1B","Vesicle transport protein GOT1B",1,1,FALSE
"Q9Y3E1","HDGR3_HUMAN","HDGFL3","Hepatoma-derived growth factor-related protein 3",1,1,FALSE
"Q9Y3E2","BOLA1_HUMAN","BOLA1","BolA-like protein 1",1,1,FALSE
"Q9Y3E5","PTH2_HUMAN","PTRH2","Peptidyl-tRNA hydrolase 2, mitochondrial",3,3,FALSE
"Q9Y3E7","CHMP3_HUMAN","CHMP3","Charged multivesicular body protein 3",4,4,FALSE
"Q9Y3F4","STRAP_HUMAN","STRAP","Serine-threonine kinase receptor-associated protein",14,14,FALSE
"Q9Y3I0","RTCB_HUMAN","RTCB","RNA-splicing ligase RtcB homolog",20,20,FALSE
"Q9Y3I1","FBX7_HUMAN","FBXO7","F-box only protein 7",5,5,FALSE
"Q9Y3L5","RAP2C_HUMAN","RAP2C","Ras-related protein Rap-2c",3,3,FALSE
"Q9Y3P9","RBGP1_HUMAN","RABGAP1","Rab GTPase-activating protein 1",2,2,FALSE
"Q9Y3S2","ZN330_HUMAN","ZNF330","Zinc finger protein 330",6,6,FALSE
"Q9Y3U8","RL36_HUMAN","RPL36","60S ribosomal protein L36",3,3,FALSE
"Q9Y3Z3","SAMH1_HUMAN","SAMHD1","Deoxynucleoside triphosphate triphosphohydrolase SAMHD1",7,7,FALSE
"Q9Y450","HBS1L_HUMAN","HBS1L","HBS1-like protein",18,18,FALSE
"Q9Y490","TLN1_HUMAN","TLN1","Talin-1",89,79,FALSE
"Q9Y4E8","UBP15_HUMAN","USP15","Ubiquitin carboxyl-terminal hydrolase 15",19,17,FALSE
"Q9Y4G6","TLN2_HUMAN","TLN2","Talin-2",47,47,FALSE
"Q9Y4J8","DTNA_HUMAN","DTNA","Dystrobrevin alpha",16,11,FALSE
"Q9Y4L1","HYOU1_HUMAN","HYOU1","Hypoxia up-regulated protein 1",9,9,FALSE
"Q9Y4P1","ATG4B_HUMAN","ATG4B","Cysteine protease ATG4B",2,2,FALSE
"Q9Y4W6","AFG32_HUMAN","AFG3L2","AFG3-like protein 2",28,27,FALSE
"Q9Y4X5","ARI1_HUMAN","ARIH1","E3 ubiquitin-protein ligase ARIH1",10,10,FALSE
"Q9Y4Z0","LSM4_HUMAN","LSM4","U6 snRNA-associated Sm-like protein LSm4",3,3,FALSE
"Q9Y508","RN114_HUMAN","RNF114","E3 ubiquitin-protein ligase RNF114",12,12,FALSE
"Q9Y512","SAM50_HUMAN","SAMM50","Sorting and assembly machinery component 50 homolog",20,20,FALSE
"Q9Y547","IFT25_HUMAN","HSPB11","Intraflagellar transport protein 25 homolog",1,1,FALSE
"Q9Y570","PPME1_HUMAN","PPME1","Protein phosphatase methylesterase 1",7,7,FALSE
"Q9Y584","TIM22_HUMAN","TIMM22","Mitochondrial import inner membrane translocase subunit Tim22",2,2,FALSE
"Q9Y587","AP4S1_HUMAN","AP4S1","AP-4 complex subunit sigma-1",1,1,FALSE
"Q9Y5A7","NUB1_HUMAN","NUB1","NEDD8 ultimate buster 1",3,3,FALSE
"Q9Y5J6","T10B_HUMAN","TIMM10B","Mitochondrial import inner membrane translocase subunit Tim10 B",1,1,FALSE
"Q9Y5J7","TIM9_HUMAN","TIMM9","Mitochondrial import inner membrane translocase subunit Tim9",4,4,FALSE
"Q9Y5J9","TIM8B_HUMAN","TIMM8B","Mitochondrial import inner membrane translocase subunit Tim8 B",4,4,FALSE
"Q9Y5K5","UCHL5_HUMAN","UCHL5","Ubiquitin carboxyl-terminal hydrolase isozyme L5",9,9,FALSE
"Q9Y5K8","VATD_HUMAN","ATP6V1D","V-type proton ATPase subunit D",2,2,FALSE
"Q9Y5L0","TNPO3_HUMAN","TNPO3","Transportin-3",2,2,FALSE
"Q9Y5L4","TIM13_HUMAN","TIMM13","Mitochondrial import inner membrane translocase subunit Tim13",6,6,FALSE
"Q9Y5M8","SRPRB_HUMAN","SRPRB","Signal recognition particle receptor subunit beta",10,10,FALSE
"Q9Y5P4","CERT_HUMAN","CERT1","Ceramide transfer protein",3,3,FALSE
"Q9Y5P6","GMPPB_HUMAN","GMPPB","Mannose-1-phosphate guanyltransferase beta",6,6,FALSE
"Q9Y5R8","TPPC1_HUMAN","TRAPPC1","Trafficking protein particle complex subunit 1",2,2,FALSE
"Q9Y5S9","RBM8A_HUMAN","RBM8A","RNA-binding protein 8A",3,3,FALSE
"Q9Y5U8","MPC1_HUMAN","MPC1","Mitochondrial pyruvate carrier 1",3,3,FALSE
"Q9Y5V0","ZN706_HUMAN","ZNF706","Zinc finger protein 706",1,1,FALSE
"Q9Y5X1","SNX9_HUMAN","SNX9","Sorting nexin-9",3,3,FALSE
"Q9Y5X3","SNX5_HUMAN","SNX5","Sorting nexin-5",10,9,FALSE
"Q9Y5Y2","NUBP2_HUMAN","NUBP2","Cytosolic Fe-S cluster assembly factor NUBP2",3,3,FALSE
"Q9Y5Z4","HEBP2_HUMAN","HEBP2","Heme-binding protein 2",9,9,FALSE
"Q9Y606","TRUA_HUMAN","PUS1","tRNA pseudouridine synthase A",1,1,FALSE
"Q9Y613","FHOD1_HUMAN","FHOD1","FH1/FH2 domain-containing protein 1",41,41,FALSE
"Q9Y623","MYH4_HUMAN","MYH4","Myosin-4",8,8,FALSE
"Q9Y639","NPTN_HUMAN","NPTN","Neuroplastin",3,3,FALSE
"Q9Y646","CBPQ_HUMAN","CPQ","Carboxypeptidase Q",2,2,FALSE
"Q9Y673","ALG5_HUMAN","ALG5","Dolichyl-phosphate beta-glucosyltransferase",2,2,FALSE
"Q9Y676","RT18B_HUMAN","MRPS18B","28S ribosomal protein S18b, mitochondrial",5,5,FALSE
"Q9Y678","COPG1_HUMAN","COPG1","Coatomer subunit gamma-1",14,12,FALSE
"Q9Y696","CLIC4_HUMAN","CLIC4","Chloride intracellular channel protein 4",11,10,FALSE
"Q9Y697","NFS1_HUMAN","NFS1","Cysteine desulfurase, mitochondrial",5,5,FALSE
"Q9Y6A9","SPCS1_HUMAN","SPCS1","Signal peptidase complex subunit 1",1,1,FALSE
"Q9Y6B6","SAR1B_HUMAN","SAR1B","GTP-binding protein SAR1b",11,8,FALSE
"Q9Y6C2","EMIL1_HUMAN","EMILIN1","EMILIN-1",6,6,FALSE
"Q9Y6C9","MTCH2_HUMAN","MTCH2","Mitochondrial carrier homolog 2",14,14,FALSE
"Q9Y6E0","STK24_HUMAN","STK24","Serine/threonine-protein kinase 24",4,3,FALSE
"Q9Y6E2","BZW2_HUMAN","BZW2","Basic leucine zipper and W2 domain-containing protein 2",24,23,FALSE
"Q9Y6G5","COMDA_HUMAN","COMMD10","COMM domain-containing protein 10",2,2,FALSE
"Q9Y6G9","DC1L1_HUMAN","DYNC1LI1","Cytoplasmic dynein 1 light intermediate chain 1",18,17,FALSE
"Q9Y6H1","CHCH2_HUMAN","CHCHD2","Coiled-coil-helix-coiled-coil-helix domain-containing protein 2",4,1,FALSE
"Q9Y6I3","EPN1_HUMAN","EPN1","Epsin-1",4,3,FALSE
"Q9Y6I9","TX264_HUMAN","TEX264","Testis-expressed protein 264",6,6,FALSE
"Q9Y6M9","NDUB9_HUMAN","NDUFB9","NADH dehydrogenase [ubiquinone] 1 beta subcomplex subunit 9",11,11,FALSE
"Q9Y6N1","COX11_HUMAN","COX11","Cytochrome c oxidase assembly protein COX11, mitochondrial",3,3,FALSE
"Q9Y6N5","SQOR_HUMAN","SQOR","Sulfide:quinone oxidoreductase, mitochondrial",8,8,FALSE
"Q9Y6P5","SESN1_HUMAN","SESN1","Sestrin-1",14,13,FALSE
"Q9Y6W3","CAN7_HUMAN","CAPN7","Calpain-7",4,4,FALSE
"Q9Y6X5","ENPP4_HUMAN","ENPP4","Bis(5'-adenosyl)-triphosphatase ENPP4",1,1,FALSE
"Q9Y6Y0","NS1BP_HUMAN","IVNS1ABP","Influenza virus NS1A-binding protein",1,1,FALSE
"Q9Y6Y8","S23IP_HUMAN","SEC23IP","SEC23-interacting protein",8,8,FALSE
"cRAP-P00698","cRAP-LYSC_CHICK","cRAP-LYZ","Lysozyme C",4,4,TRUE
"cRAP-P00761","cRAP-TRYP_PIG","","Trypsin",2,2,TRUE
"cRAP-P02662","cRAP-CASA1_BOVIN","cRAP-CSN1S1","Alpha-S1-casein",2,2,TRUE
"cRAP-P02769","cRAP-ALBU_BOVIN","cRAP-ALB","Serum albumin",42,36,TRUE
"cRAP-P12763","cRAP-FETUA_BOVIN","cRAP-AHSG","Alpha-2-HS-glycoprotein",2,2,TRUE
"cRAP-P68082","cRAP-MYG_HORSE","cRAP-MB","Myoglobin",8,5,TRUE
"rev_sp|O00358|FOXE1_HUMAN","Forkhead","Forkhead","",1,1,FALSE
"rev_sp|O15446|RPA34_HUMAN","DNA-directed","DNA-directed","",1,1,FALSE
"rev_sp|O60518|RNBP6_HUMAN","Ran-binding","Ran-binding","",1,1,FALSE
"rev_sp|O94952|FBX21_HUMAN","F-box","F-box","",1,1,FALSE
"rev_sp|O95522|PRA12_HUMAN","PRAME","PRAME","",1,1,FALSE
"rev_sp|P02679|FIBG_HUMAN","Fibrinogen","Fibrinogen","",1,1,FALSE
"rev_sp|P09341|GROA_HUMAN","Growth-regulated","Growth-regulated","",1,1,FALSE
"rev_sp|P17480|UBF1_HUMAN","Nucleolar","Nucleolar","",1,1,FALSE
"rev_sp|P54105|ICLN_HUMAN","Methylosome","Methylosome","",1,1,FALSE
"rev_sp|P62805|H4_HUMAN","Histone","Histone","",1,1,FALSE
"rev_sp|Q7Z392|TPC11_HUMAN","Trafficking","Trafficking","",1,1,FALSE
"rev_sp|Q8NEM7|SP20H_HUMAN","Transcription","Transcription","",1,1,FALSE
"rev_sp|Q8NHR9|PROF4_HUMAN","Profilin-4","Profilin-4","",1,1,FALSE
"rev_sp|Q96DZ9|CKLF5_HUMAN","CKLF-like","CKLF-like","",1,1,FALSE
"rev_sp|Q96E29|MTEF3_HUMAN","Transcription","Transcription","",1,1,FALSE
"rev_sp|Q9UN72|PCDA7_HUMAN","Protocadherin","Protocadherin","",1,1,FALSE
"rev_sp|Q9Y4F4|TGRM1_HUMAN","TOG","TOG","",1,1,FALSE
"rev_sp|Q9Y5R5|DMRT2_HUMAN","Doublesex-","Doublesex-","",1,1,FALSE
